[06:37:51] Program Started
[06:37:51] Version - 1.0.0.6
[06:37:53] MasterKernel Init OK
[06:37:53] LetsMotion Init OK
[06:37:53] LetsMotion Scan Node OK
[06:38:13] Main - Init Click 
[06:38:15] [InShuttle] Init - InShuttle Width Homing Start
[06:38:15] [OutShuttle] Init - OutConveyor Width Homing Start
[06:38:15] [Front Rack] Init - InitialDone - Site1_F_DT1
[06:38:15] [Scan] Y-Axis Homing Start
[06:38:15] [Rear Rack] Init - InitialDone - Site14_R_DT1
[06:38:15] LetsMotion 0 raw=0x00070A14, dir=0, init=1000, end=1000, acc=10000
[06:38:15] LetsMotion 2 raw=0x00070A15, dir=0, init=1000, end=1000, acc=10000
[06:38:15] [Front Rack] Init - InitialDone - Site2_F_DT2
[06:38:15] 홈 찾기 지령 콜 - 6
[06:38:15] [Rear Rack] Init - InitialDone - Site15_R_DT2
[06:38:15] [Front Rack] Init - InitialDone - Site3_F_DT3
[06:38:15] [Rear Rack] Init - InitialDone - Site16_R_DT3
[06:38:15] [Front Rack] Init - InitialDone - Site4_F_DT4
[06:38:15] [Rear Rack] Init - InitialDone - Site17_R_DT4
[06:38:15] [Front Rack] Init - InitialDone - Site5_F_DT5
[06:38:15] [Rear Rack] Init - InitialDone - Site18_R_DT5
[06:38:15] [Front Rack] Init - InitialDone - Site6_F_DT6
[06:38:15] [Rear Rack] Init - InitialDone - Site19_R_DT6
[06:38:15] [Front Rack] Init - InitialDone - Site7_F_DT7
[06:38:15] [Rear Rack] Init - InitialDone - Site20_R_DT7
[06:38:15] [Front Rack] Init - InitialDone - Site8_F_DT8
[06:38:15] [Rear Rack] Init - InitialDone - Site21_R_DT8
[06:38:15] [Front Rack] Init - InitialDone - Site9_F_DT9
[06:38:15] [Rear Rack] Init - InitialDone - Site22_R_DT9
[06:38:15] [Front Rack] Init - InitialDone - Site10_F_DT10_FT4
[06:38:15] [Rear Rack] Init - InitialDone - Site23_R_DT10_FT4
[06:38:15] [Front Rack] Init - InitialDone - Site11_F_FT1
[06:38:15] [Rear Rack] Init - InitialDone - Site24_R_FT1
[06:38:15] [Front Rack] Init - InitialDone - Site12_F_FT2
[06:38:15] [Rear Rack] Init - InitialDone - Site25_R_FT2
[06:38:15] [Front Rack] Init - InitialDone - Site13_F_FT3
[06:38:15] [Rear Rack] Init - InitialDone - Site26_R_FT3
[06:38:15] [Front Rack] Init - SV02_Lift1 Home Move Start
[06:38:15] [Rear Rack] Init - SV04_Lift2 Home Move Start
[06:38:15] 홈 찾기 지령 콜 - 2
[06:38:15] 홈 찾기 지령 콜 - 4
[06:38:16] [Scan] X-Axis Homing Start
[06:38:16] 홈 찾기 지령 콜 - 7
[06:38:16] [Front Rack] Init - SV03_Rack1_Width Home Move Start
[06:38:16] [Rear Rack] Init - SV05_Rack2_Width Home Move Start
[06:38:16] 홈 찾기 지령 콜 - 3
[06:38:16] 홈 찾기 지령 콜 - 5
[06:38:17] [Front Rack] Init - Servo Home Finish
[06:38:17] [Rear Rack] Init - Servo Home Finish
[06:38:17] [Front Rack] Init Finish
[06:38:17] [Rear Rack] Init Finish
[06:38:20] Home Command OK Axis: ST00_InShuttle_Width
[06:38:20] [InShuttle] Init - InShuttle Width Home OK
[06:38:20] [InShuttle] Init - InConveyor Width Homing Start
[06:38:20] LetsMotion 3 raw=0x01070A15, dir=0, init=1000, end=1000, acc=10000
[06:38:20] Home Command OK Axis: ST03_InConveyor_Width
[06:38:20] [InShuttle] Init - InConveyor Width Home OK
[06:38:20] [InShuttle] Init - SV00_InShuttle Home Move Start
[06:38:20] Home Command OK Axis: ST02_OutConveyor_Width
[06:38:20] 홈 찾기 지령 콜 - 0
[06:38:20] [InShuttle] Init - OutConveyor Width Home OK
[06:38:20] [OutShuttle] Init - OutShuttle Width Homing Start
[06:38:20] LetsMotion 1 raw=0x01070A14, dir=0, init=1000, end=1000, acc=10000
[06:38:26] Home Command OK Axis: ST01_OutShuttle_Width
[06:38:26] [InShuttle] Init - OutShuttle Width Home OK
[06:38:26] [OutShuttle] Init - SV01_Out_Shuttle Home Move Start
[06:38:26] 홈 찾기 지령 콜 - 1
[06:38:32] [OutShuttle] Init - Servo Home Finish
[06:38:32] [OutShuttle] Init Finish
[06:38:34] [Scan] Init - Servo Home Finish
[06:38:34] [Scan] Init Finish
[06:38:49] [InShuttle] Init - Servo Home Finish
[06:38:49] [InShuttle] Init Finish
[06:38:55] MoveAbsMM 3 is not Homed
[06:38:55] MoveABCheck - 2251000Receive -2251000
[06:38:56] MoveAbsMM 3 is not Homed
[06:38:56] MoveAbsMM 3 is not Homed
[06:38:57] MoveAbsMM 3 is not Homed
[06:38:57] MoveAbsMM 3 is not Homed
[06:38:58] MoveAbsMM 3 is not Homed
[06:38:58] MoveAbsMM 3 is not Homed
[06:38:59] MoveAbsMM 3 is not Homed
[06:38:59] MoveAbsMM 3 is not Homed
[06:39:00] MoveAbsMM 3 is not Homed
[06:39:00] MoveAbsMM 3 is not Homed
[06:39:01] MoveAbsMM 3 is not Homed
[06:39:01] MoveAbsMM 3 is not Homed
[06:39:02] MoveAbsMM 3 is not Homed
[06:39:02] MoveAbsMM 3 is not Homed
[06:39:03] MoveAbsMM 3 is not Homed
[06:39:03] MoveAbsMM 3 is not Homed
[06:39:04] MoveAbsMM 3 is not Homed
[06:39:05] MoveAbsMM 3 is not Homed
[06:39:05] MoveAbsMM 3 is not Homed
[06:39:06] MoveAbsMM 3 is not Homed
[06:39:06] MoveAbsMM 3 is not Homed
[06:39:07] MoveAbsMM 3 is not Homed
[06:39:07] MoveAbsMM 3 is not Homed
[06:39:08] MoveAbsMM 3 is not Homed
[06:39:08] MoveAbsMM 3 is not Homed
[06:39:09] MoveAbsMM 3 is not Homed
[06:39:09] MoveAbsMM 3 is not Homed
[06:39:10] MoveAbsMM 3 is not Homed
[06:39:10] MoveAbsMM 3 is not Homed
[06:39:11] MoveAbsMM 3 is not Homed
[06:39:11] MoveAbsMM 3 is not Homed
[06:39:12] MoveAbsMM 3 is not Homed
[06:39:12] MoveAbsMM 3 is not Homed
[06:39:13] MoveAbsMM 3 is not Homed
[06:39:13] MoveAbsMM 3 is not Homed
[06:39:14] MoveAbsMM 3 is not Homed
[06:39:15] MoveAbsMM 3 is not Homed
[06:39:15] MoveAbsMM 3 is not Homed
[06:39:16] MoveAbsMM 3 is not Homed
[06:39:16] MoveAbsMM 3 is not Homed
[06:39:17] MoveAbsMM 3 is not Homed
[06:39:17] MoveAbsMM 3 is not Homed
[06:39:18] MoveAbsMM 3 is not Homed
[06:39:18] MoveAbsMM 3 is not Homed
[06:39:19] MoveAbsMM 3 is not Homed
[06:39:19] MoveAbsMM 3 is not Homed
[06:39:20] MoveAbsMM 3 is not Homed
[06:39:20] MoveAbsMM 3 is not Homed
[06:39:21] MoveAbsMM 3 is not Homed
[06:39:21] MoveAbsMM 3 is not Homed
[06:39:22] MoveAbsMM 3 is not Homed
[06:39:22] MoveAbsMM 3 is not Homed
[06:39:23] MoveAbsMM 3 is not Homed
[06:39:23] MoveAbsMM 3 is not Homed
[06:39:24] MoveAbsMM 3 is not Homed
[06:39:25] MoveAbsMM 3 is not Homed
[06:39:25] MoveAbsMM 3 is not Homed
[06:39:26] MoveAbsMM 3 is not Homed
[06:39:26] MoveAbsMM 3 is not Homed
[06:39:27] MoveAbsMM 3 is not Homed
[06:39:27] MoveAbsMM 3 is not Homed
[06:39:28] MoveAbsMM 3 is not Homed
[06:39:28] MoveAbsMM 3 is not Homed
[06:39:29] MoveAbsMM 3 is not Homed
[06:39:29] MoveAbsMM 3 is not Homed
[06:39:30] MoveAbsMM 3 is not Homed
[06:39:30] MoveAbsMM 3 is not Homed
[06:39:31] MoveAbsMM 3 is not Homed
[06:39:31] MoveAbsMM 3 is not Homed
[06:39:32] MoveAbsMM 3 is not Homed
[06:39:32] MoveAbsMM 3 is not Homed
[06:39:33] MoveAbsMM 3 is not Homed
[06:39:33] MoveAbsMM 3 is not Homed
[06:39:34] MoveAbsMM 3 is not Homed
[06:39:35] MoveAbsMM 3 is not Homed
[06:39:35] MoveAbsMM 3 is not Homed
[06:39:36] MoveAbsMM 3 is not Homed
[06:39:36] MoveAbsMM 3 is not Homed
[06:39:37] MoveAbsMM 3 is not Homed
[06:39:37] MoveAbsMM 3 is not Homed
[06:39:38] MoveAbsMM 3 is not Homed
[06:39:38] MoveAbsMM 3 is not Homed
[06:39:39] MoveAbsMM 3 is not Homed
[06:39:39] MoveAbsMM 3 is not Homed
[06:39:40] MoveAbsMM 3 is not Homed
[06:39:40] MoveAbsMM 3 is not Homed
[06:39:41] MoveAbsMM 3 is not Homed
[06:39:41] MoveAbsMM 3 is not Homed
[06:39:42] MoveAbsMM 3 is not Homed
[06:39:42] MoveAbsMM 3 is not Homed
[06:39:43] MoveAbsMM 3 is not Homed
[06:39:44] MoveAbsMM 3 is not Homed
[06:39:44] MoveAbsMM 3 is not Homed
[06:39:45] MoveAbsMM 3 is not Homed
[06:39:45] MoveAbsMM 3 is not Homed
[06:39:46] MoveAbsMM 3 is not Homed
[06:39:46] MoveAbsMM 3 is not Homed
[06:39:47] MoveAbsMM 3 is not Homed
[06:39:47] MoveAbsMM 3 is not Homed
[06:39:48] MoveAbsMM 3 is not Homed
[06:39:48] MoveAbsMM 3 is not Homed
[06:39:49] MoveAbsMM 3 is not Homed
[06:39:49] MoveAbsMM 3 is not Homed
[06:39:50] MoveAbsMM 3 is not Homed
[06:39:50] MoveAbsMM 3 is not Homed
[06:39:51] MoveAbsMM 3 is not Homed
[06:39:51] MoveAbsMM 3 is not Homed
[06:39:52] MoveAbsMM 3 is not Homed
[06:39:52] MoveAbsMM 3 is not Homed
[06:39:53] MoveAbsMM 3 is not Homed
[06:39:54] MoveAbsMM 3 is not Homed
[06:39:54] MoveAbsMM 3 is not Homed
[06:39:59] Main - Init Click 
[06:40:02] [InShuttle] Init - InShuttle Width Homing Start
[06:40:02] [Scan] Y-Axis Homing Start
[06:40:02] [OutShuttle] Init - OutConveyor Width Homing Start
[06:40:02] [Rear Rack] Init - InitialDone - Site14_R_DT1
[06:40:02] [Front Rack] Init - InitialDone - Site1_F_DT1
[06:40:02] 홈 찾기 지령 콜 - 6
[06:40:02] LetsMotion 0 raw=0x00070A14, dir=0, init=1000, end=1000, acc=10000
[06:40:02] [Rear Rack] Init - InitialDone - Site15_R_DT2
[06:40:02] LetsMotion 2 raw=0x00070A15, dir=0, init=1000, end=1000, acc=10000
[06:40:02] [Front Rack] Init - InitialDone - Site2_F_DT2
[06:40:02] [Rear Rack] Init - InitialDone - Site16_R_DT3
[06:40:02] [Front Rack] Init - InitialDone - Site3_F_DT3
[06:40:02] [Rear Rack] Init - InitialDone - Site17_R_DT4
[06:40:02] [Front Rack] Init - InitialDone - Site4_F_DT4
[06:40:02] [Rear Rack] Init - InitialDone - Site18_R_DT5
[06:40:02] [Front Rack] Init - InitialDone - Site5_F_DT5
[06:40:02] [Rear Rack] Init - InitialDone - Site19_R_DT6
[06:40:02] [Front Rack] Init - InitialDone - Site6_F_DT6
[06:40:02] [Rear Rack] Init - InitialDone - Site20_R_DT7
[06:40:02] [Front Rack] Init - InitialDone - Site7_F_DT7
[06:40:02] [Rear Rack] Init - InitialDone - Site21_R_DT8
[06:40:02] [Front Rack] Init - InitialDone - Site8_F_DT8
[06:40:02] [Rear Rack] Init - InitialDone - Site22_R_DT9
[06:40:02] [Front Rack] Init - InitialDone - Site9_F_DT9
[06:40:02] [Rear Rack] Init - InitialDone - Site23_R_DT10_FT4
[06:40:02] [Front Rack] Init - InitialDone - Site10_F_DT10_FT4
[06:40:02] [Rear Rack] Init - InitialDone - Site24_R_FT1
[06:40:02] [Front Rack] Init - InitialDone - Site11_F_FT1
[06:40:02] [Rear Rack] Init - InitialDone - Site25_R_FT2
[06:40:02] [Front Rack] Init - InitialDone - Site12_F_FT2
[06:40:02] [Rear Rack] Init - InitialDone - Site26_R_FT3
[06:40:02] [Front Rack] Init - InitialDone - Site13_F_FT3
[06:40:02] [Rear Rack] Init - SV04_Lift2 Home Move Start
[06:40:02] [Front Rack] Init - SV02_Lift1 Home Move Start
[06:40:02] 홈 찾기 지령 콜 - 4
[06:40:02] 홈 찾기 지령 콜 - 2
[06:40:03] [Scan] X-Axis Homing Start
[06:40:03] [Rear Rack] Init - SV05_Rack2_Width Home Move Start
[06:40:03] [Front Rack] Init - SV03_Rack1_Width Home Move Start
[06:40:03] 홈 찾기 지령 콜 - 7
[06:40:03] 홈 찾기 지령 콜 - 5
[06:40:03] 홈 찾기 지령 콜 - 3
[06:40:04] [Rear Rack] Init Finish
[06:40:04] [Front Rack] Init Finish
[06:40:07] Home Command OK Axis: ST00_InShuttle_Width
[06:40:07] [InShuttle] Init - InShuttle Width Home OK
[06:40:07] [InShuttle] Init - InConveyor Width Homing Start
[06:40:07] LetsMotion 3 raw=0x01070A15, dir=0, init=1000, end=1000, acc=10000
[06:40:07] Home Command OK Axis: ST02_OutConveyor_Width
[06:40:07] [InShuttle] Init - OutConveyor Width Home OK
[06:40:07] [OutShuttle] Init - OutShuttle Width Homing Start
[06:40:07] LetsMotion 1 raw=0x01070A14, dir=0, init=1000, end=1000, acc=10000
[06:40:08] 홈 실패: ST03_InConveyor_Width
[06:40:08] LetsMotion 3 raw=0x01070A15, dir=0, init=1000, end=1000, acc=10000
[06:40:09] 홈 실패: ST01_OutShuttle_Width
[06:40:09] LetsMotion 1 raw=0x01070A14, dir=0, init=1000, end=1000, acc=10000
[06:40:14] Home Command OK Axis: ST01_OutShuttle_Width
[06:40:14] [InShuttle] Init - OutShuttle Width Home OK
[06:40:14] [OutShuttle] Init - SV01_Out_Shuttle Home Move Start
[06:40:14] 홈 찾기 지령 콜 - 1
[06:40:14] 홈 실패: ST03_InConveyor_Width
[06:40:14] LetsMotion 3 raw=0x01070A15, dir=0, init=1000, end=1000, acc=10000
[06:40:19] [OutShuttle] Init Finish
[06:40:19] Home Command OK Axis: ST03_InConveyor_Width
[06:40:19] [InShuttle] Init - InConveyor Width Home OK
[06:40:19] [InShuttle] Init - SV00_InShuttle Home Move Start
[06:40:19] 홈 찾기 지령 콜 - 0
[06:40:22] [Scan] Init - Servo Home Finish
[06:40:22] [Scan] Init Finish
[06:40:26] [InShuttle] Init Finish
[06:40:31] MoveAbs Comand Fail Axis :3
[06:40:31] MoveAbsMM 3 is not Homed
[06:40:32] MoveAbsMM 5 is not Homed
[06:40:32] MoveAbsMM 3 is not Homed
[06:40:32] MoveAbsMM 5 is not Homed
[06:40:33] MoveAbsMM 3 is not Homed
[06:40:33] MoveAbsMM 5 is not Homed
[06:40:34] MoveAbsMM 3 is not Homed
[06:40:34] MoveAbsMM 5 is not Homed
[06:40:35] MoveAbsMM 3 is not Homed
[06:40:35] MoveAbsMM 5 is not Homed
[06:40:35] MoveAbsMM 3 is not Homed
[06:40:36] MoveAbsMM 5 is not Homed
[06:40:36] MoveAbsMM 3 is not Homed
[06:40:37] MoveAbsMM 5 is not Homed
[06:40:37] MoveAbsMM 3 is not Homed
[06:40:37] MoveAbsMM 5 is not Homed
[06:40:38] MoveAbsMM 3 is not Homed
[06:40:38] MoveAbsMM 5 is not Homed
[06:40:39] MoveAbsMM 3 is not Homed
[06:40:39] MoveAbsMM 5 is not Homed
[06:40:40] MoveAbsMM 3 is not Homed
[06:40:40] MoveAbsMM 5 is not Homed
[06:40:40] MoveAbsMM 3 is not Homed
[06:40:41] MoveAbsMM 5 is not Homed
[06:40:41] MoveAbsMM 3 is not Homed
[06:40:42] MoveAbsMM 5 is not Homed
[06:40:42] MoveAbsMM 3 is not Homed
[06:40:42] MoveAbsMM 5 is not Homed
[06:40:43] MoveAbsMM 3 is not Homed
[06:40:43] MoveAbsMM 5 is not Homed
[06:40:44] MoveAbsMM 3 is not Homed
[06:40:44] MoveAbsMM 5 is not Homed
[06:40:45] MoveAbsMM 3 is not Homed
[06:40:45] MoveAbsMM 5 is not Homed
[06:40:45] MoveAbsMM 3 is not Homed
[06:40:46] MoveAbsMM 5 is not Homed
[06:40:46] MoveAbsMM 3 is not Homed
[06:40:47] MoveAbsMM 5 is not Homed
[06:40:47] MoveAbsMM 3 is not Homed
[06:40:47] MoveAbsMM 5 is not Homed
[06:40:48] MoveAbsMM 3 is not Homed
[06:40:48] MoveAbsMM 5 is not Homed
[06:40:49] MoveAbsMM 3 is not Homed
[06:40:49] MoveAbsMM 5 is not Homed
[06:40:50] MoveAbsMM 3 is not Homed
[06:40:50] MoveAbsMM 5 is not Homed
[06:40:50] MoveAbsMM 3 is not Homed
[06:40:51] MoveAbsMM 5 is not Homed
[06:40:51] MoveAbsMM 3 is not Homed
[06:40:51] MoveAbsMM 5 is not Homed
[06:40:52] MoveAbsMM 3 is not Homed
[06:40:52] MoveAbsMM 5 is not Homed
[06:40:53] MoveAbsMM 3 is not Homed
[06:40:53] MoveAbsMM 5 is not Homed
[06:40:54] MoveAbsMM 3 is not Homed
[06:40:54] MoveAbsMM 5 is not Homed
[06:40:55] MoveAbsMM 3 is not Homed
[06:40:55] MoveAbsMM 5 is not Homed
[06:40:55] MoveAbsMM 3 is not Homed
[06:40:56] MoveAbsMM 5 is not Homed
[06:40:56] MoveAbsMM 3 is not Homed
[06:40:56] MoveAbsMM 5 is not Homed
[06:40:57] MoveAbsMM 3 is not Homed
[06:40:57] MoveAbsMM 5 is not Homed
[06:40:58] MoveAbsMM 3 is not Homed
[06:40:58] MoveAbsMM 5 is not Homed
[06:40:59] MoveAbsMM 3 is not Homed
[06:40:59] MoveAbsMM 5 is not Homed
[06:40:59] MoveAbsMM 3 is not Homed
[06:41:00] MoveAbsMM 5 is not Homed
[06:41:00] MoveAbsMM 3 is not Homed
[06:41:01] MoveAbsMM 5 is not Homed
[06:41:01] MoveAbsMM 3 is not Homed
[06:41:01] MoveAbsMM 5 is not Homed
[06:41:02] MoveAbsMM 3 is not Homed
[06:41:02] MoveAbsMM 5 is not Homed
[06:41:03] MoveAbsMM 3 is not Homed
[06:41:03] MoveAbsMM 5 is not Homed
[06:41:04] MoveAbsMM 3 is not Homed
[06:41:04] MoveAbsMM 5 is not Homed
[06:41:04] MoveAbsMM 3 is not Homed
[06:41:05] MoveAbsMM 5 is not Homed
[06:41:05] MoveAbsMM 3 is not Homed
[06:41:06] MoveAbsMM 5 is not Homed
[06:41:06] MoveAbsMM 3 is not Homed
[06:41:06] MoveAbsMM 5 is not Homed
[06:41:07] MoveAbsMM 3 is not Homed
[06:41:07] MoveAbsMM 5 is not Homed
[06:41:08] MoveAbsMM 3 is not Homed
[06:41:08] MoveAbsMM 5 is not Homed
[06:41:09] MoveAbsMM 3 is not Homed
[06:41:09] MoveAbsMM 5 is not Homed
[06:41:09] MoveAbsMM 3 is not Homed
[06:41:10] MoveAbsMM 5 is not Homed
[06:41:10] MoveAbsMM 3 is not Homed
[06:41:11] MoveAbsMM 5 is not Homed
[06:41:11] MoveAbsMM 3 is not Homed
[06:41:11] MoveAbsMM 5 is not Homed
[06:41:12] MoveAbsMM 3 is not Homed
[06:41:12] MoveAbsMM 5 is not Homed
[06:41:13] MoveAbsMM 3 is not Homed
[06:41:13] MoveAbsMM 5 is not Homed
[06:41:14] MoveAbsMM 3 is not Homed
[06:41:14] MoveAbsMM 5 is not Homed
[06:41:14] MoveAbsMM 3 is not Homed
[06:41:15] MoveAbsMM 5 is not Homed
[06:41:15] MoveAbsMM 3 is not Homed
[06:41:16] MoveAbsMM 5 is not Homed
[06:41:16] MoveAbsMM 3 is not Homed
[06:41:16] MoveAbsMM 5 is not Homed
[06:41:17] MoveAbsMM 3 is not Homed
[06:41:17] MoveAbsMM 5 is not Homed
[06:41:18] MoveAbsMM 3 is not Homed
[06:41:18] MoveAbsMM 5 is not Homed
[06:41:19] MoveAbsMM 3 is not Homed
[06:41:19] MoveAbsMM 5 is not Homed
[06:41:19] MoveAbsMM 3 is not Homed
[06:41:20] MoveAbsMM 5 is not Homed
[06:41:20] MoveAbsMM 3 is not Homed
[06:41:20] MoveAbsMM 5 is not Homed
[06:41:21] MoveAbsMM 3 is not Homed
[06:41:21] MoveAbsMM 5 is not Homed
[06:41:22] MoveAbsMM 3 is not Homed
[06:41:22] MoveAbsMM 5 is not Homed
[06:41:23] MoveAbsMM 3 is not Homed
[06:41:23] MoveAbsMM 5 is not Homed
[06:41:23] MoveAbsMM 3 is not Homed
[06:41:24] MoveAbsMM 5 is not Homed
[06:41:24] MoveAbsMM 3 is not Homed
[06:41:25] MoveAbsMM 5 is not Homed
[06:41:25] MoveAbsMM 3 is not Homed
[06:41:25] MoveAbsMM 5 is not Homed
[06:41:26] MoveAbsMM 3 is not Homed
[06:41:26] MoveAbsMM 5 is not Homed
[06:41:27] MoveAbsMM 3 is not Homed
[06:41:27] MoveAbsMM 5 is not Homed
[06:41:28] MoveAbsMM 3 is not Homed
[06:41:28] MoveAbsMM 5 is not Homed
[06:41:28] MoveAbsMM 3 is not Homed
[06:41:29] MoveAbsMM 5 is not Homed
[06:41:29] MoveAbsMM 3 is not Homed
[06:41:30] MoveAbsMM 5 is not Homed
[06:41:30] MoveAbsMM 3 is not Homed
[06:41:30] MoveAbsMM 5 is not Homed
[06:49:26] Main - Init Click 
[06:49:31] [Front Rack] Init - InitialDone - Site1_F_DT1
[06:49:31] [OutShuttle] Init - OutConveyor Width Homing Start
[06:49:31] [Rear Rack] Init - InitialDone - Site14_R_DT1
[06:49:31] [InShuttle] Init - InShuttle Width Homing Start
[06:49:31] [Scan] Y-Axis Homing Start
[06:49:31] [Front Rack] Init - InitialDone - Site2_F_DT2
[06:49:31] [Rear Rack] Init - InitialDone - Site15_R_DT2
[06:49:31] LetsMotion 2 raw=0x00070A15, dir=0, init=1000, end=1000, acc=10000
[06:49:31] 홈 찾기 지령 콜 - 6
[06:49:31] LetsMotion 0 raw=0x00070A14, dir=0, init=1000, end=1000, acc=10000
[06:49:31] [Front Rack] Init - InitialDone - Site3_F_DT3
[06:49:31] [Rear Rack] Init - InitialDone - Site16_R_DT3
[06:49:31] [Front Rack] Init - InitialDone - Site4_F_DT4
[06:49:31] [Rear Rack] Init - InitialDone - Site17_R_DT4
[06:49:31] [Front Rack] Init - InitialDone - Site5_F_DT5
[06:49:31] [Rear Rack] Init - InitialDone - Site18_R_DT5
[06:49:31] [Front Rack] Init - InitialDone - Site6_F_DT6
[06:49:31] [Rear Rack] Init - InitialDone - Site19_R_DT6
[06:49:31] [Front Rack] Init - InitialDone - Site7_F_DT7
[06:49:31] [Rear Rack] Init - InitialDone - Site20_R_DT7
[06:49:31] [Front Rack] Init - InitialDone - Site8_F_DT8
[06:49:31] [Rear Rack] Init - InitialDone - Site21_R_DT8
[06:49:31] [Front Rack] Init - InitialDone - Site9_F_DT9
[06:49:31] [Rear Rack] Init - InitialDone - Site22_R_DT9
[06:49:31] [Front Rack] Init - InitialDone - Site10_F_DT10_FT4
[06:49:31] [Rear Rack] Init - InitialDone - Site23_R_DT10_FT4
[06:49:31] [Front Rack] Init - InitialDone - Site11_F_FT1
[06:49:31] [Rear Rack] Init - InitialDone - Site24_R_FT1
[06:49:31] [Front Rack] Init - InitialDone - Site12_F_FT2
[06:49:31] [Rear Rack] Init - InitialDone - Site25_R_FT2
[06:49:31] [Front Rack] Init - InitialDone - Site13_F_FT3
[06:49:31] [Rear Rack] Init - InitialDone - Site26_R_FT3
[06:49:31] [Front Rack] Init - SV02_Lift1 Home Move Start
[06:49:31] [Rear Rack] Init - SV04_Lift2 Home Move Start
[06:49:31] 홈 찾기 지령 콜 - 2
[06:49:31] 홈 찾기 지령 콜 - 4
[06:49:32] [Scan] X-Axis Homing Start
[06:49:32] 홈 찾기 지령 콜 - 7
[06:49:32] [Front Rack] Init - SV03_Rack1_Width Home Move Start
[06:49:32] [Rear Rack] Init - SV05_Rack2_Width Home Move Start
[06:49:32] 홈 찾기 지령 콜 - 3
[06:49:32] 홈 찾기 지령 콜 - 5
[06:49:33] [Front Rack] Init Finish
[06:49:33] [Rear Rack] Init Finish
[06:49:36] Home Command OK Axis: ST00_InShuttle_Width
[06:49:36] [InShuttle] Init - InShuttle Width Home OK
[06:49:36] [InShuttle] Init - InConveyor Width Homing Start
[06:49:36] Lets Homeing Fail, Now Moveing
[06:49:36] [InShuttle] Init - SV00_InShuttle Home Move Start
[06:49:36] 홈 찾기 지령 콜 - 0
[06:49:37] Home Command OK Axis: ST02_OutConveyor_Width
[06:49:37] [InShuttle] Init - OutConveyor Width Home OK
[06:49:37] [OutShuttle] Init - OutShuttle Width Homing Start
[06:49:37] LetsMotion 1 raw=0x01070A14, dir=0, init=1000, end=1000, acc=10000
[06:49:37] [InShuttle] Init - InConveyor Width Homing Start
[06:49:37] LetsMotion 3 raw=0x01070A15, dir=0, init=1000, end=1000, acc=10000
[06:49:43] Home Command OK Axis: ST01_OutShuttle_Width
[06:49:43] [InShuttle] Init - OutShuttle Width Home OK
[06:49:43] [OutShuttle] Init - SV01_Out_Shuttle Home Move Start
[06:49:43] 홈 찾기 지령 콜 - 1
[06:49:43] Home Command OK Axis: ST03_InConveyor_Width
[06:49:43] [InShuttle] Init - InConveyor Width Home OK
[06:49:43] [InShuttle] Init Finish
[06:49:48] [OutShuttle] Init Finish
[06:49:54] [Scan] Init - Servo Home Finish
[06:49:54] [Scan] Init Finish
[06:50:04] MoveABCheck - 2208600Receive -2208600
[06:50:08] MoveABCheck - 2251000Receive -2251000
[06:52:34] Main - Init Click 
[06:52:39] [Front Rack] Init - InitialDone - Site1_F_DT1
[06:52:39] [InShuttle] Init - InShuttle Width Homing Start
[06:52:39] [Front Rack] Init - InitialDone - Site2_F_DT2
[06:52:39] [Front Rack] Init - InitialDone - Site3_F_DT3
[06:52:39] [Scan] Y-Axis Homing Start
[06:52:39] [OutShuttle] Init - OutConveyor Width Homing Start
[06:52:39] LetsMotion 0 raw=0x00070A14, dir=0, init=1000, end=1000, acc=10000
[06:52:39] [Rear Rack] Init - InitialDone - Site14_R_DT1
[06:52:39] [Front Rack] Init - InitialDone - Site4_F_DT4
[06:52:39] 홈 찾기 지령 콜 - 6
[06:52:39] LetsMotion 2 raw=0x00070A15, dir=0, init=1000, end=1000, acc=10000
[06:52:39] [Rear Rack] Init - InitialDone - Site15_R_DT2
[06:52:39] [Front Rack] Init - InitialDone - Site5_F_DT5
[06:52:39] [Rear Rack] Init - InitialDone - Site16_R_DT3
[06:52:39] [Front Rack] Init - InitialDone - Site6_F_DT6
[06:52:39] [Rear Rack] Init - InitialDone - Site17_R_DT4
[06:52:39] [Front Rack] Init - InitialDone - Site7_F_DT7
[06:52:39] [Rear Rack] Init - InitialDone - Site18_R_DT5
[06:52:39] [Front Rack] Init - InitialDone - Site8_F_DT8
[06:52:39] [Rear Rack] Init - InitialDone - Site19_R_DT6
[06:52:39] [Front Rack] Init - InitialDone - Site9_F_DT9
[06:52:39] [Rear Rack] Init - InitialDone - Site20_R_DT7
[06:52:39] [Front Rack] Init - InitialDone - Site10_F_DT10_FT4
[06:52:39] [Rear Rack] Init - InitialDone - Site21_R_DT8
[06:52:39] [Front Rack] Init - InitialDone - Site11_F_FT1
[06:52:39] [Rear Rack] Init - InitialDone - Site22_R_DT9
[06:52:39] [Front Rack] Init - InitialDone - Site12_F_FT2
[06:52:39] [Rear Rack] Init - InitialDone - Site23_R_DT10_FT4
[06:52:39] [Front Rack] Init - InitialDone - Site13_F_FT3
[06:52:39] [Rear Rack] Init - InitialDone - Site24_R_FT1
[06:52:39] [Front Rack] Init - SV02_Lift1 Home Move Start
[06:52:39] [Rear Rack] Init - InitialDone - Site25_R_FT2
[06:52:39] 홈 찾기 지령 콜 - 2
[06:52:39] [Rear Rack] Init - InitialDone - Site26_R_FT3
[06:52:39] [Rear Rack] Init - SV04_Lift2 Home Move Start
[06:52:39] 홈 찾기 지령 콜 - 4
[06:52:40] [Scan] X-Axis Homing Start
[06:52:40] 홈 찾기 지령 콜 - 7
[06:52:40] [Front Rack] Init - SV03_Rack1_Width Home Move Start
[06:52:40] [Rear Rack] Init - SV05_Rack2_Width Home Move Start
[06:52:40] 홈 찾기 지령 콜 - 3
[06:52:40] 홈 찾기 지령 콜 - 5
[06:52:41] [Front Rack] Init Finish
[06:52:41] [Rear Rack] Init Finish
[06:52:44] Home Command OK Axis: ST00_InShuttle_Width
[06:52:44] [InShuttle] Init - InShuttle Width Home OK
[06:52:44] [InShuttle] Init - InConveyor Width Homing Start
[06:52:44] LetsMotion 3 raw=0x01070A15, dir=0, init=1000, end=1000, acc=10000
[06:52:44] Home Command OK Axis: ST02_OutConveyor_Width
[06:52:44] [InShuttle] Init - OutConveyor Width Home OK
[06:52:44] [OutShuttle] Init - OutShuttle Width Homing Start
[06:52:44] LetsMotion 1 raw=0x01070A14, dir=0, init=1000, end=1000, acc=10000
[06:52:50] Home Command OK Axis: ST03_InConveyor_Width
[06:52:50] [InShuttle] Init - InConveyor Width Home OK
[06:52:50] [InShuttle] Init - SV00_InShuttle Home Move Start
[06:52:50] 홈 찾기 지령 콜 - 0
[06:52:50] 홈 실패: ST01_OutShuttle_Width
[06:52:50] LetsMotion 1 raw=0x01070A14, dir=0, init=1000, end=1000, acc=10000
[06:52:51] [InShuttle] Init - SV00_InShuttle Home Move Start
[06:52:51] 홈 찾기 지령 콜 - 0
[06:52:51] Home Command OK Axis: ST01_OutShuttle_Width
[06:52:51] [InShuttle] Init - OutShuttle Width Home OK
[06:52:51] [OutShuttle] Init - SV01_Out_Shuttle Home Move Start
[06:52:51] 홈 찾기 지령 콜 - 1
[06:52:56] [OutShuttle] Init Finish
[06:52:57] [InShuttle] Init Finish
[06:52:59] [Scan] Init - Servo Home Finish
[06:52:59] [Scan] Init Finish
[06:54:45] Main - Init Click 
[06:54:49] [Scan] Y-Axis Homing Start
[06:54:49] [OutShuttle] Init - OutConveyor Width Homing Start
[06:54:49] [Rear Rack] Init - InitialDone - Site14_R_DT1
[06:54:49] [Front Rack] Init - InitialDone - Site1_F_DT1
[06:54:49] [InShuttle] Init - InShuttle Width Homing Start
[06:54:49] 홈 찾기 지령 콜 - 6
[06:54:49] [Rear Rack] Init - InitialDone - Site15_R_DT2
[06:54:49] LetsMotion 2 raw=0x00070A15, dir=0, init=1000, end=1000, acc=10000
[06:54:49] [Front Rack] Init - InitialDone - Site2_F_DT2
[06:54:49] LetsMotion 0 raw=0x00070A14, dir=0, init=1000, end=1000, acc=10000
[06:54:49] [Rear Rack] Init - InitialDone - Site16_R_DT3
[06:54:49] [Front Rack] Init - InitialDone - Site3_F_DT3
[06:54:49] [Rear Rack] Init - InitialDone - Site17_R_DT4
[06:54:49] [Front Rack] Init - InitialDone - Site4_F_DT4
[06:54:49] [Rear Rack] Init - InitialDone - Site18_R_DT5
[06:54:49] [Front Rack] Init - InitialDone - Site5_F_DT5
[06:54:49] [Rear Rack] Init - InitialDone - Site19_R_DT6
[06:54:49] [Front Rack] Init - InitialDone - Site6_F_DT6
[06:54:49] [Rear Rack] Init - InitialDone - Site20_R_DT7
[06:54:49] [Front Rack] Init - InitialDone - Site7_F_DT7
[06:54:49] [Rear Rack] Init - InitialDone - Site21_R_DT8
[06:54:49] [Front Rack] Init - InitialDone - Site8_F_DT8
[06:54:49] [Rear Rack] Init - InitialDone - Site22_R_DT9
[06:54:49] [Front Rack] Init - InitialDone - Site9_F_DT9
[06:54:49] [Rear Rack] Init - InitialDone - Site23_R_DT10_FT4
[06:54:49] [Front Rack] Init - InitialDone - Site10_F_DT10_FT4
[06:54:49] [Rear Rack] Init - InitialDone - Site24_R_FT1
[06:54:49] [Front Rack] Init - InitialDone - Site11_F_FT1
[06:54:49] [Rear Rack] Init - InitialDone - Site25_R_FT2
[06:54:49] [Front Rack] Init - InitialDone - Site12_F_FT2
[06:54:49] [Rear Rack] Init - InitialDone - Site26_R_FT3
[06:54:49] [Front Rack] Init - InitialDone - Site13_F_FT3
[06:54:49] [Rear Rack] Init - SV04_Lift2 Home Move Start
[06:54:49] [Front Rack] Init - SV02_Lift1 Home Move Start
[06:54:49] 홈 찾기 지령 콜 - 4
[06:54:49] 홈 찾기 지령 콜 - 2
[06:54:50] [Scan] X-Axis Homing Start
[06:54:50] [Rear Rack] Init - SV05_Rack2_Width Home Move Start
[06:54:50] [Front Rack] Init - SV03_Rack1_Width Home Move Start
[06:54:50] 홈 찾기 지령 콜 - 7
[06:54:50] 홈 찾기 지령 콜 - 5
[06:54:50] 홈 찾기 지령 콜 - 3
[06:54:51] [Rear Rack] Init Finish
[06:54:51] [Front Rack] Init Finish
[06:54:55] Home Command OK Axis: ST00_InShuttle_Width
[06:54:55] [InShuttle] Init - InShuttle Width Home OK
[06:54:55] [InShuttle] Init - InConveyor Width Homing Start
[06:54:55] LetsMotion 3 raw=0x01070A15, dir=0, init=1000, end=1000, acc=10000
[06:54:55] Home Command OK Axis: ST02_OutConveyor_Width
[06:54:55] [InShuttle] Init - OutConveyor Width Home OK
[06:54:55] [OutShuttle] Init - OutShuttle Width Homing Start
[06:54:55] LetsMotion 1 raw=0x01070A14, dir=0, init=1000, end=1000, acc=10000
[06:54:56] 홈 실패: ST03_InConveyor_Width
[06:54:56] LetsMotion 3 raw=0x01070A15, dir=0, init=1000, end=1000, acc=10000
[06:55:01] Home Command OK Axis: ST03_InConveyor_Width
[06:55:01] Home Command OK Axis: ST01_OutShuttle_Width
[06:55:01] [InShuttle] Init - InConveyor Width Home OK
[06:55:01] [InShuttle] Init - OutShuttle Width Home OK
[06:55:01] [InShuttle] Init - SV00_InShuttle Home Move Start
[06:55:01] [OutShuttle] Init - SV01_Out_Shuttle Home Move Start
[06:55:01] 홈 찾기 지령 콜 - 0
[06:55:01] 홈 찾기 지령 콜 - 1
[06:55:06] [OutShuttle] Init Finish
[06:55:07] [InShuttle] Init Finish
[06:55:12] [Scan] Init - Servo Home Finish
[06:55:12] [Scan] Init Finish
[06:56:47] MoveABCheck - 2251000Receive -2251000
[07:05:46] Main - Init Click 
[07:05:50] [Scan] Y-Axis Homing Start
[07:05:50] [InShuttle] Init - InShuttle Width Homing Start
[07:05:50] [OutShuttle] Init - OutConveyor Width Homing Start
[07:05:50] [Front Rack] Init - InitialDone - Site1_F_DT1
[07:05:50] [Rear Rack] Init - InitialDone - Site14_R_DT1
[07:05:50] 홈 찾기 지령 콜 - 6
[07:05:50] LetsMotion 0 raw=0x00070A14, dir=0, init=1000, end=1000, acc=10000
[07:05:50] [Front Rack] Init - InitialDone - Site2_F_DT2
[07:05:50] LetsMotion 2 raw=0x00070A15, dir=0, init=1000, end=1000, acc=10000
[07:05:50] [Rear Rack] Init - InitialDone - Site15_R_DT2
[07:05:50] [Front Rack] Init - InitialDone - Site3_F_DT3
[07:05:50] [Rear Rack] Init - InitialDone - Site16_R_DT3
[07:05:50] [Front Rack] Init - InitialDone - Site4_F_DT4
[07:05:50] [Rear Rack] Init - InitialDone - Site17_R_DT4
[07:05:50] [Front Rack] Init - InitialDone - Site5_F_DT5
[07:05:50] [Rear Rack] Init - InitialDone - Site18_R_DT5
[07:05:50] [Front Rack] Init - InitialDone - Site6_F_DT6
[07:05:50] [Rear Rack] Init - InitialDone - Site19_R_DT6
[07:05:50] [Front Rack] Init - InitialDone - Site7_F_DT7
[07:05:50] [Rear Rack] Init - InitialDone - Site20_R_DT7
[07:05:50] [Front Rack] Init - InitialDone - Site8_F_DT8
[07:05:50] [Rear Rack] Init - InitialDone - Site21_R_DT8
[07:05:50] [Front Rack] Init - InitialDone - Site9_F_DT9
[07:05:50] [Rear Rack] Init - InitialDone - Site22_R_DT9
[07:05:50] [Front Rack] Init - InitialDone - Site10_F_DT10_FT4
[07:05:50] [Rear Rack] Init - InitialDone - Site23_R_DT10_FT4
[07:05:50] [Front Rack] Init - InitialDone - Site11_F_FT1
[07:05:50] [Rear Rack] Init - InitialDone - Site24_R_FT1
[07:05:50] [Front Rack] Init - InitialDone - Site12_F_FT2
[07:05:50] [Rear Rack] Init - InitialDone - Site25_R_FT2
[07:05:50] [Front Rack] Init - InitialDone - Site13_F_FT3
[07:05:50] [Rear Rack] Init - InitialDone - Site26_R_FT3
[07:05:50] [Front Rack] Init Finish
[07:05:50] [Rear Rack] Init - SV04_Lift2 Home Move Start
[07:05:50] 홈 찾기 지령 콜 - 4
[07:05:51] [Scan] X-Axis Homing Start
[07:05:51] 홈 찾기 지령 콜 - 7
[07:05:51] [Rear Rack] Init - SV05_Rack2_Width Home Move Start
[07:05:51] 홈 찾기 지령 콜 - 5
[07:05:52] [Rear Rack] Init Finish
[07:05:55] Home Command OK Axis: ST00_InShuttle_Width
[07:05:55] [InShuttle] Init - InShuttle Width Home OK
[07:05:55] [InShuttle] Init - InConveyor Width Homing Start
[07:05:55] LetsMotion 3 raw=0x01070A15, dir=0, init=1000, end=1000, acc=10000
[07:05:56] 홈 실패: ST02_OutConveyor_Width
[07:05:56] LetsMotion 2 raw=0x00070A15, dir=0, init=1000, end=1000, acc=10000
[07:05:56] Home Command OK Axis: ST02_OutConveyor_Width
[07:05:56] [InShuttle] Init - OutConveyor Width Home OK
[07:05:56] [OutShuttle] Init - OutShuttle Width Homing Start
[07:05:56] LetsMotion 1 raw=0x01070A14, dir=0, init=1000, end=1000, acc=10000
[07:05:56] 홈 실패: ST03_InConveyor_Width
[07:05:56] LetsMotion 3 raw=0x01070A15, dir=0, init=1000, end=1000, acc=10000
[07:06:01] Home Command OK Axis: ST03_InConveyor_Width
[07:06:01] [InShuttle] Init - InConveyor Width Home OK
[07:06:01] [InShuttle] Init - SV00_InShuttle Home Move Start
[07:06:01] 홈 찾기 지령 콜 - 0
[07:06:02] Home Command OK Axis: ST01_OutShuttle_Width
[07:06:02] [InShuttle] Init - OutShuttle Width Home OK
[07:06:02] [OutShuttle] Init - SV01_Out_Shuttle Home Move Start
[07:06:02] 홈 찾기 지령 콜 - 1
[07:06:07] [OutShuttle] Init Finish
[07:06:08] [InShuttle] Init Finish
[07:06:08] [Scan] Init - Servo Home Finish
[07:06:08] [Scan] Init Finish
[07:07:19] Main - Init Click 
[07:07:21] [Scan] Y-Axis Homing Start
[07:07:21] [OutShuttle] Init - OutConveyor Width Homing Start
[07:07:21] [InShuttle] Init - InShuttle Width Homing Start
[07:07:21] [Rear Rack] Init - InitialDone - Site14_R_DT1
[07:07:21] [Front Rack] Init - InitialDone - Site1_F_DT1
[07:07:21] 홈 찾기 지령 콜 - 6
[07:07:21] LetsMotion 2 raw=0x00070A15, dir=0, init=1000, end=1000, acc=10000
[07:07:21] [Rear Rack] Init - InitialDone - Site15_R_DT2
[07:07:21] LetsMotion 0 raw=0x00070A14, dir=0, init=1000, end=1000, acc=10000
[07:07:21] [Front Rack] Init - InitialDone - Site2_F_DT2
[07:07:21] [Rear Rack] Init - InitialDone - Site16_R_DT3
[07:07:21] [Front Rack] Init - InitialDone - Site3_F_DT3
[07:07:21] [Rear Rack] Init - InitialDone - Site17_R_DT4
[07:07:21] [Front Rack] Init - InitialDone - Site4_F_DT4
[07:07:21] [Rear Rack] Init - InitialDone - Site18_R_DT5
[07:07:21] [Front Rack] Init - InitialDone - Site5_F_DT5
[07:07:21] [Rear Rack] Init - InitialDone - Site19_R_DT6
[07:07:21] [Front Rack] Init - InitialDone - Site6_F_DT6
[07:07:21] [Rear Rack] Init - InitialDone - Site20_R_DT7
[07:07:21] [Front Rack] Init - InitialDone - Site7_F_DT7
[07:07:21] [Rear Rack] Init - InitialDone - Site21_R_DT8
[07:07:21] [Front Rack] Init - InitialDone - Site8_F_DT8
[07:07:21] [Rear Rack] Init - InitialDone - Site22_R_DT9
[07:07:21] [Front Rack] Init - InitialDone - Site9_F_DT9
[07:07:21] [Rear Rack] Init - InitialDone - Site23_R_DT10_FT4
[07:07:21] [Front Rack] Init - InitialDone - Site10_F_DT10_FT4
[07:07:21] [Rear Rack] Init - InitialDone - Site24_R_FT1
[07:07:21] [Front Rack] Init - InitialDone - Site11_F_FT1
[07:07:21] [Rear Rack] Init - InitialDone - Site25_R_FT2
[07:07:21] [Front Rack] Init - InitialDone - Site12_F_FT2
[07:07:21] [Rear Rack] Init - InitialDone - Site26_R_FT3
[07:07:21] [Front Rack] Init - InitialDone - Site13_F_FT3
[07:08:05] [Rear Rack] Init - SV04_Lift2 Home Move Start
[07:08:05] Home Command OK Axis: ST02_OutConveyor_Width
[07:08:05] [Scan] X-Axis Homing Start
[07:08:05] 홈 찾기 지령 콜 - 4
[07:08:05] [InShuttle] Init - OutConveyor Width Home OK
[07:08:05] 홈 찾기 지령 콜 - 7
[07:08:05] Home Command OK Axis: ST00_InShuttle_Width
[07:08:05] [OutShuttle] Init - OutShuttle Width Homing Start
[07:08:05] [InShuttle] Init - InShuttle Width Home OK
[07:08:05] LetsMotion 1 raw=0x01070A14, dir=0, init=1000, end=1000, acc=10000
[07:08:05] [InShuttle] Init - InConveyor Width Homing Start
[07:08:05] LetsMotion 3 raw=0x01070A15, dir=0, init=1000, end=1000, acc=10000
[07:08:05] [Front Rack] Init Finish
[07:08:06] [Rear Rack] Init - SV05_Rack2_Width Home Move Start
[07:08:06] 홈 찾기 지령 콜 - 5
[07:08:07] [Rear Rack] Init Finish
[07:08:10] Home Command OK Axis: ST03_InConveyor_Width
[07:08:10] [InShuttle] Init - InConveyor Width Home OK
[07:08:10] [InShuttle] Init - SV00_InShuttle Home Move Start
[07:08:10] 홈 찾기 지령 콜 - 0
[07:08:10] Home Command OK Axis: ST01_OutShuttle_Width
[07:08:10] [InShuttle] Init - OutShuttle Width Home OK
[07:08:10] [OutShuttle] Init - SV01_Out_Shuttle Home Move Start
[07:08:10] 홈 찾기 지령 콜 - 1
[07:08:16] [OutShuttle] Init Finish
[07:08:17] [InShuttle] Init Finish
[07:08:24] [Scan] Init - Servo Home Finish
[07:08:24] [Scan] Init Finish
[07:09:12] MoveABCheck - 2251000Receive -2251000
[07:10:52] Main - Init Click 
[07:11:03] [InShuttle] Init - SV00_InShuttle Home Move Start
[07:11:03] 홈 찾기 지령 콜 - 0
[07:11:03] [Scan] Y-Axis Homing Start
[07:11:03] [OutShuttle] Init - OutConveyor Width Homing Start
[07:11:03] [Front Rack] Init - InitialDone - Site1_F_DT1
[07:11:03] [Rear Rack] Init - InitialDone - Site14_R_DT1
[07:11:03] 홈 찾기 지령 콜 - 6
[07:11:03] [Front Rack] Init - InitialDone - Site2_F_DT2
[07:11:03] LetsMotion 2 raw=0x00070A15, dir=0, init=1000, end=1000, acc=10000
[07:11:03] [Rear Rack] Init - InitialDone - Site15_R_DT2
[07:11:03] [Front Rack] Init - InitialDone - Site3_F_DT3
[07:11:03] [Rear Rack] Init - InitialDone - Site16_R_DT3
[07:11:03] [Front Rack] Init - InitialDone - Site4_F_DT4
[07:11:03] [Rear Rack] Init - InitialDone - Site17_R_DT4
[07:11:03] [Front Rack] Init - InitialDone - Site5_F_DT5
[07:11:03] [Rear Rack] Init - InitialDone - Site18_R_DT5
[07:11:03] [Front Rack] Init - InitialDone - Site6_F_DT6
[07:11:03] [Rear Rack] Init - InitialDone - Site19_R_DT6
[07:11:03] [Front Rack] Init - InitialDone - Site7_F_DT7
[07:11:03] [Rear Rack] Init - InitialDone - Site20_R_DT7
[07:11:03] [Front Rack] Init - InitialDone - Site8_F_DT8
[07:11:03] [Rear Rack] Init - InitialDone - Site21_R_DT8
[07:11:03] [Front Rack] Init - InitialDone - Site9_F_DT9
[07:11:03] [Rear Rack] Init - InitialDone - Site22_R_DT9
[07:11:03] [Front Rack] Init - InitialDone - Site10_F_DT10_FT4
[07:11:03] [Rear Rack] Init - InitialDone - Site23_R_DT10_FT4
[07:11:03] [Front Rack] Init - InitialDone - Site11_F_FT1
[07:11:03] [Rear Rack] Init - InitialDone - Site24_R_FT1
[07:11:03] [Front Rack] Init - InitialDone - Site12_F_FT2
[07:11:03] [Rear Rack] Init - InitialDone - Site25_R_FT2
[07:11:03] [Front Rack] Init - InitialDone - Site13_F_FT3
[07:11:05] [Rear Rack] Init - InitialDone - Site26_R_FT3
[07:11:05] [Scan] X-Axis Homing Start
[07:11:05] [Front Rack] Init Finish
[07:11:05] [Rear Rack] Init - SV04_Lift2 Home Move Start
[07:11:05] 홈 찾기 지령 콜 - 7
[07:11:05] 홈 찾기 지령 콜 - 4
[07:11:05] [InShuttle] Init - InShuttle Width Homing Start
[07:11:05] Lets Homeing Fail, Now Moveing
[07:11:05] [InShuttle] Init - InShuttle Width Homing Start
[07:11:05] LetsMotion 0 raw=0x00070A14, dir=0, init=1000, end=1000, acc=10000
[07:11:06] [Rear Rack] Init - SV05_Rack2_Width Home Move Start
[07:11:06] 홈 찾기 지령 콜 - 5
[07:11:07] [Rear Rack] Init Finish
[07:11:09] Home Command OK Axis: ST02_OutConveyor_Width
[07:11:09] [InShuttle] Init - OutConveyor Width Home OK
[07:11:09] [OutShuttle] Init - OutShuttle Width Homing Start
[07:11:09] LetsMotion 1 raw=0x01070A14, dir=0, init=1000, end=1000, acc=10000
[07:11:10] Home Command OK Axis: ST00_InShuttle_Width
[07:11:10] [InShuttle] Init - InShuttle Width Home OK
[07:11:10] [InShuttle] Init - InConveyor Width Homing Start
[07:11:10] LetsMotion 3 raw=0x01070A15, dir=0, init=1000, end=1000, acc=10000
[07:11:14] Home Command OK Axis: ST01_OutShuttle_Width
[07:11:14] [InShuttle] Init - OutShuttle Width Home OK
[07:11:14] [OutShuttle] Init - SV01_Out_Shuttle Home Move Start
[07:11:14] 홈 찾기 지령 콜 - 1
[07:11:16] Home Command OK Axis: ST03_InConveyor_Width
[07:11:16] [InShuttle] Init - InConveyor Width Home OK
[07:11:16] [InShuttle] Init Finish
[07:11:20] [OutShuttle] Init Finish
[07:11:29] Lets Stop Error : -1
[07:11:31] [Scan] X-Axis Homing Start
[07:11:31] 홈 찾기 지령 콜 - 7
[07:11:35] Main - Init Click 
[07:11:41] [InShuttle] Init - SV00_InShuttle Home Move Start
[07:11:41] 홈 찾기 지령 콜 - 0
[07:11:41] [OutShuttle] Init - OutConveyor Width Homing Start
[07:11:41] [Front Rack] Init - InitialDone - Site1_F_DT1
[07:11:41] [Scan] Y-Axis Homing Start
[07:11:41] [Rear Rack] Init - InitialDone - Site14_R_DT1
[07:11:41] [Front Rack] Init - InitialDone - Site2_F_DT2
[07:11:41] LetsMotion 2 raw=0x00070A15, dir=0, init=1000, end=1000, acc=10000
[07:11:41] 홈 찾기 지령 콜 - 6
[07:11:41] [Rear Rack] Init - InitialDone - Site15_R_DT2
[07:11:41] [Front Rack] Init - InitialDone - Site3_F_DT3
[07:11:41] [Rear Rack] Init - InitialDone - Site16_R_DT3
[07:11:41] [Front Rack] Init - InitialDone - Site4_F_DT4
[07:11:41] [Rear Rack] Init - InitialDone - Site17_R_DT4
[07:11:41] [Front Rack] Init - InitialDone - Site5_F_DT5
[07:11:41] [Rear Rack] Init - InitialDone - Site18_R_DT5
[07:11:41] [Front Rack] Init - InitialDone - Site6_F_DT6
[07:11:41] Home Command OK Axis: ST02_OutConveyor_Width
[07:11:41] [Rear Rack] Init - InitialDone - Site19_R_DT6
[07:11:41] [Front Rack] Init - InitialDone - Site7_F_DT7
[07:11:41] [InShuttle] Init - OutConveyor Width Home OK
[07:11:41] [Rear Rack] Init - InitialDone - Site20_R_DT7
[07:11:41] [Front Rack] Init - InitialDone - Site8_F_DT8
[07:11:41] [OutShuttle] Init - OutShuttle Width Homing Start
[07:11:41] [Rear Rack] Init - InitialDone - Site21_R_DT8
[07:11:41] [Front Rack] Init - InitialDone - Site9_F_DT9
[07:11:41] [Rear Rack] Init - InitialDone - Site22_R_DT9
[07:11:41] LetsMotion 1 raw=0x01070A14, dir=0, init=1000, end=1000, acc=10000
[07:11:41] [Front Rack] Init - InitialDone - Site10_F_DT10_FT4
[07:11:41] [Rear Rack] Init - InitialDone - Site23_R_DT10_FT4
[07:11:41] [Front Rack] Init - InitialDone - Site11_F_FT1
[07:11:41] [Rear Rack] Init - InitialDone - Site24_R_FT1
[07:11:41] [Front Rack] Init - InitialDone - Site12_F_FT2
[07:11:41] [Rear Rack] Init - InitialDone - Site25_R_FT2
[07:11:41] [Front Rack] Init - InitialDone - Site13_F_FT3
[07:11:56] [Rear Rack] Init - InitialDone - Site26_R_FT3
[07:12:05] Home Command OK Axis: ST01_OutShuttle_Width
[07:12:08] [Scan] X-Axis Homing Start
[07:12:09] [InShuttle] Init - InShuttle Width Homing Start
[07:12:18] [Rear Rack] Init - SV04_Lift2 Home Move Start
[07:13:07] [InShuttle] Init - OutShuttle Width Home OK
[07:13:21] 홈 찾기 지령 콜 - 7
[07:13:25] LetsMotion 0 raw=0x00070A14, dir=0, init=1000, end=1000, acc=10000
[07:13:26] 홈 찾기 지령 콜 - 4
[07:13:27] [OutShuttle] Init - SV01_Out_Shuttle Home Move Start
[07:13:27] [Front Rack] Init Finish
[07:13:27] Home Command OK Axis: ST00_InShuttle_Width
[07:13:28] [Rear Rack] Init - SV05_Rack2_Width Home Move Start
[07:13:28] 홈 찾기 지령 콜 - 1
[07:13:28] [InShuttle] Init - InShuttle Width Home OK
[07:13:28] 홈 찾기 지령 콜 - 5
[07:13:28] [InShuttle] Init - InConveyor Width Homing Start
[07:13:28] LetsMotion 3 raw=0x01070A15, dir=0, init=1000, end=1000, acc=10000
[07:13:28] Home Command OK Axis: ST03_InConveyor_Width
[07:13:28] [InShuttle] Init - InConveyor Width Home OK
[07:13:28] [InShuttle] Init Finish
[07:13:29] [Rear Rack] Init Finish
[07:13:32] Lets Stop Error : -1
[07:13:35] [Scan] X-Axis Homing Start
[07:13:35] [OutShuttle] Init - SV01_Out_Shuttle Home Move Start
[07:13:35] 홈 찾기 지령 콜 - 7
[07:13:35] 홈 찾기 지령 콜 - 1
[07:17:08] Main - Init Click 
[07:17:17] [OutShuttle] Init - OutConveyor Width Homing Start
[07:17:17] [Front Rack] Init - InitialDone - Site1_F_DT1
[07:17:17] [Rear Rack] Init - InitialDone - Site14_R_DT1
[07:17:17] [InShuttle] Init - SV00_InShuttle Home Move Start
[07:17:17] [Scan] Y-Axis Homing Start
[07:17:17] [Front Rack] Init - InitialDone - Site2_F_DT2
[07:17:18] LetsMotion 2 raw=0x00070A15, dir=0, init=1000, end=1000, acc=10000
[07:17:18] [Rear Rack] Init - InitialDone - Site15_R_DT2
[07:17:18] 홈 찾기 지령 콜 - 0
[07:17:18] 홈 찾기 지령 콜 - 6
[07:17:18] [Front Rack] Init - InitialDone - Site3_F_DT3
[07:17:18] [Rear Rack] Init - InitialDone - Site16_R_DT3
[07:17:18] [Front Rack] Init - InitialDone - Site4_F_DT4
[07:17:18] [Rear Rack] Init - InitialDone - Site17_R_DT4
[07:17:18] [Front Rack] Init - InitialDone - Site5_F_DT5
[07:17:18] Home Command OK Axis: ST02_OutConveyor_Width
[07:17:18] [Rear Rack] Init - InitialDone - Site18_R_DT5
[07:17:18] [Front Rack] Init - InitialDone - Site6_F_DT6
[07:17:18] [InShuttle] Init - OutConveyor Width Home OK
[07:17:18] [Rear Rack] Init - InitialDone - Site19_R_DT6
[07:17:18] [Front Rack] Init - InitialDone - Site7_F_DT7
[07:17:18] [OutShuttle] Init - OutShuttle Width Homing Start
[07:17:18] [Rear Rack] Init - InitialDone - Site20_R_DT7
[07:17:18] [Front Rack] Init - InitialDone - Site8_F_DT8
[07:17:18] [Rear Rack] Init - InitialDone - Site21_R_DT8
[07:17:18] LetsMotion 1 raw=0x01070A14, dir=0, init=1000, end=1000, acc=10000
[07:17:18] [Front Rack] Init - InitialDone - Site9_F_DT9
[07:17:18] [Rear Rack] Init - InitialDone - Site22_R_DT9
[07:17:18] [Front Rack] Init - InitialDone - Site10_F_DT10_FT4
[07:17:18] [Rear Rack] Init - InitialDone - Site23_R_DT10_FT4
[07:17:18] [Front Rack] Init - InitialDone - Site11_F_FT1
[07:17:18] [Rear Rack] Init - InitialDone - Site24_R_FT1
[07:17:18] [Front Rack] Init - InitialDone - Site12_F_FT2
[07:17:18] [Rear Rack] Init - InitialDone - Site25_R_FT2
[07:17:18] [Front Rack] Init - InitialDone - Site13_F_FT3
[07:17:26] [Rear Rack] Init - InitialDone - Site26_R_FT3
[07:17:31] Home Command OK Axis: ST01_OutShuttle_Width
[07:17:44] [Scan] X-Axis Homing Start
[07:17:47] [InShuttle] Init - InShuttle Width Homing Start
[07:17:47] [Rear Rack] Init - SV04_Lift2 Home Move Start
[07:17:47] [InShuttle] Init - OutShuttle Width Home OK
[07:17:47] 홈 찾기 지령 콜 - 7
[07:17:47] [Front Rack] Init Finish
[07:17:47] LetsMotion 0 raw=0x00070A14, dir=0, init=1000, end=1000, acc=10000
[07:17:47] 홈 찾기 지령 콜 - 4
[07:17:47] [OutShuttle] Init - SV01_Out_Shuttle Home Move Start
[07:17:47] 홈 찾기 지령 콜 - 1
[07:17:47] Home Command OK Axis: ST00_InShuttle_Width
[07:17:47] [InShuttle] Init - InShuttle Width Home OK
[07:17:47] [InShuttle] Init - InConveyor Width Homing Start
[07:17:47] LetsMotion 3 raw=0x01070A15, dir=0, init=1000, end=1000, acc=10000
[07:17:47] Home Command OK Axis: ST03_InConveyor_Width
[07:17:47] [InShuttle] Init - InConveyor Width Home OK
[07:17:47] [InShuttle] Init Finish
[07:17:48] [Rear Rack] Init - SV05_Rack2_Width Home Move Start
[07:17:48] 홈 찾기 지령 콜 - 5
[07:17:49] [Rear Rack] Init Finish
[07:17:52] Lets Stop Error : -1
[07:17:56] [Scan] X-Axis Homing Start
[07:17:56] [OutShuttle] Init Finish
[07:17:56] 홈 찾기 지령 콜 - 7
[07:17:57] Lets Stop Error : -1
[07:17:59] [Scan] X-Axis Homing Start
[07:17:59] 홈 찾기 지령 콜 - 7
[08:04:02] Main - Init Click 
[08:11:18] Main - Init Click 
[08:11:22] [OutShuttle] Init - OutConveyor Width Homing Start
[08:11:22] [InShuttle] Init - InShuttle Width Homing Start
[08:11:22] [Scan] Y-Axis Homing Start
[08:11:22] [Front Rack] Init - InitialDone - Site1_F_DT1
[08:11:22] [Rear Rack] Init - InitialDone - Site14_R_DT1
[08:11:22] LetsMotion 2 raw=0x00070A15, dir=0, init=1000, end=1000, acc=10000
[08:11:22] LetsMotion 0 raw=0x00070A14, dir=0, init=1000, end=1000, acc=10000
[08:11:22] 홈 찾기 지령 콜 - 6
[08:11:22] [Front Rack] Init - InitialDone - Site2_F_DT2
[08:11:22] [Rear Rack] Init - InitialDone - Site15_R_DT2
[08:11:22] [Front Rack] Init - InitialDone - Site3_F_DT3
[08:11:22] [Rear Rack] Init - InitialDone - Site16_R_DT3
[08:11:22] [Front Rack] Init - InitialDone - Site4_F_DT4
[08:11:22] [Rear Rack] Init - InitialDone - Site17_R_DT4
[08:11:22] Home Command OK Axis: ST00_InShuttle_Width
[08:11:22] [Front Rack] Init - InitialDone - Site5_F_DT5
[08:11:22] [Rear Rack] Init - InitialDone - Site18_R_DT5
[08:11:22] Home Command OK Axis: ST02_OutConveyor_Width
[08:11:22] [InShuttle] Init - InShuttle Width Home OK
[08:11:22] [Front Rack] Init - InitialDone - Site6_F_DT6
[08:11:22] [Rear Rack] Init - InitialDone - Site19_R_DT6
[08:11:22] [InShuttle] Init - OutConveyor Width Home OK
[08:11:22] [InShuttle] Init - InConveyor Width Homing Start
[08:11:22] [Front Rack] Init - InitialDone - Site7_F_DT7
[08:11:22] [Rear Rack] Init - InitialDone - Site20_R_DT7
[08:11:22] [OutShuttle] Init - OutShuttle Width Homing Start
[08:11:22] [Front Rack] Init - InitialDone - Site8_F_DT8
[08:11:22] LetsMotion 3 raw=0x01070A15, dir=0, init=1000, end=1000, acc=10000
[08:11:22] [Rear Rack] Init - InitialDone - Site21_R_DT8
[08:11:22] [Front Rack] Init - InitialDone - Site9_F_DT9
[08:11:22] LetsMotion 1 raw=0x01070A14, dir=0, init=1000, end=1000, acc=10000
[08:11:22] [Rear Rack] Init - InitialDone - Site22_R_DT9
[08:11:22] [Front Rack] Init - InitialDone - Site10_F_DT10_FT4
[08:11:22] [Rear Rack] Init - InitialDone - Site23_R_DT10_FT4
[08:11:22] [Front Rack] Init - InitialDone - Site11_F_FT1
[08:11:22] [Rear Rack] Init - InitialDone - Site24_R_FT1
[08:11:22] [Front Rack] Init - InitialDone - Site12_F_FT2
[08:11:22] Home Command OK Axis: ST03_InConveyor_Width
[08:11:22] [Rear Rack] Init - InitialDone - Site25_R_FT2
[08:11:22] [Front Rack] Init - InitialDone - Site13_F_FT3
[08:11:26] [InShuttle] Init - InConveyor Width Home OK
[08:11:26] [Rear Rack] Init - InitialDone - Site26_R_FT3
[08:11:26] Home Command OK Axis: ST01_OutShuttle_Width
[08:11:26] [Scan] X-Axis Homing Start
[08:11:26] [Front Rack] Init - SV02_Lift1 Home Move Start
[08:11:26] [InShuttle] Init - SV00_InShuttle Home Move Start
[08:11:26] [Rear Rack] Init - SV04_Lift2 Home Move Start
[08:11:26] [InShuttle] Init - OutShuttle Width Home OK
[08:11:26] 홈 찾기 지령 콜 - 7
[08:11:26] 홈 찾기 지령 콜 - 2
[08:11:26] 홈 찾기 지령 콜 - 0
[08:11:26] 홈 찾기 지령 콜 - 4
[08:11:26] [OutShuttle] Init - SV01_Out_Shuttle Home Move Start
[08:11:26] 홈 찾기 지령 콜 - 1
[08:11:27] [Front Rack] Init - SV03_Rack1_Width Home Move Start
[08:11:27] [Rear Rack] Init - SV05_Rack2_Width Home Move Start
[08:11:27] 홈 찾기 지령 콜 - 3
[08:11:27] 홈 찾기 지령 콜 - 5
[08:11:28] [Front Rack] Init - InitialDone - Site1_F_DT1
[08:11:28] [Rear Rack] Init - InitialDone - Site14_R_DT1
[08:11:28] [Front Rack] Init - InitialDone - Site2_F_DT2
[08:11:28] [Rear Rack] Init - InitialDone - Site15_R_DT2
[08:11:28] [Front Rack] Init - InitialDone - Site3_F_DT3
[08:11:28] [Rear Rack] Init - InitialDone - Site16_R_DT3
[08:11:28] [Front Rack] Init - InitialDone - Site4_F_DT4
[08:11:28] [Rear Rack] Init - InitialDone - Site17_R_DT4
[08:11:28] [Front Rack] Init - InitialDone - Site5_F_DT5
[08:11:28] [Rear Rack] Init - InitialDone - Site18_R_DT5
[08:11:28] [Front Rack] Init - InitialDone - Site6_F_DT6
[08:11:28] [Rear Rack] Init - InitialDone - Site19_R_DT6
[08:11:28] [Front Rack] Init - InitialDone - Site7_F_DT7
[08:11:28] [Rear Rack] Init - InitialDone - Site20_R_DT7
[08:11:28] [Front Rack] Init - InitialDone - Site8_F_DT8
[08:11:28] [Rear Rack] Init - InitialDone - Site21_R_DT8
[08:11:28] [Front Rack] Init - InitialDone - Site9_F_DT9
[08:11:28] [Rear Rack] Init - InitialDone - Site22_R_DT9
[08:11:28] [Front Rack] Init - InitialDone - Site10_F_DT10_FT4
[08:11:28] [Rear Rack] Init - InitialDone - Site23_R_DT10_FT4
[08:11:28] [Front Rack] Init - InitialDone - Site11_F_FT1
[08:11:28] [Rear Rack] Init - InitialDone - Site24_R_FT1
[08:11:28] [Front Rack] Init - InitialDone - Site12_F_FT2
[08:11:28] [Rear Rack] Init - InitialDone - Site25_R_FT2
[08:11:28] [Front Rack] Init - InitialDone - Site13_F_FT3
[08:11:28] [Rear Rack] Init - InitialDone - Site26_R_FT3
[08:11:28] [Front Rack] Init - InitialDone - Site1_F_DT1
[08:11:28] [Rear Rack] Init - InitialDone - Site14_R_DT1
[08:11:28] [Front Rack] Init - InitialDone - Site2_F_DT2
[08:11:28] [Rear Rack] Init - InitialDone - Site15_R_DT2
[08:11:28] [Front Rack] Init - InitialDone - Site3_F_DT3
[08:11:28] [Rear Rack] Init - InitialDone - Site16_R_DT3
[08:11:28] [Front Rack] Init - InitialDone - Site4_F_DT4
[08:11:28] [Rear Rack] Init - InitialDone - Site17_R_DT4
[08:11:28] [Front Rack] Init - InitialDone - Site5_F_DT5
[08:11:28] [Rear Rack] Init - InitialDone - Site18_R_DT5
[08:11:28] [Front Rack] Init - InitialDone - Site6_F_DT6
[08:11:28] [Rear Rack] Init - InitialDone - Site19_R_DT6
[08:11:28] [Front Rack] Init - InitialDone - Site7_F_DT7
[08:11:28] [Rear Rack] Init - InitialDone - Site20_R_DT7
[08:11:28] [Front Rack] Init - InitialDone - Site8_F_DT8
[08:11:28] [Rear Rack] Init - InitialDone - Site21_R_DT8
[08:11:28] [Front Rack] Init - InitialDone - Site9_F_DT9
[08:11:28] [Rear Rack] Init - InitialDone - Site22_R_DT9
[08:11:28] [Front Rack] Init - InitialDone - Site10_F_DT10_FT4
[08:11:28] [Rear Rack] Init - InitialDone - Site23_R_DT10_FT4
[08:11:28] [Front Rack] Init - InitialDone - Site11_F_FT1
[08:11:28] [Rear Rack] Init - InitialDone - Site24_R_FT1
[08:11:28] [Front Rack] Init - InitialDone - Site12_F_FT2
[08:11:28] [Rear Rack] Init - InitialDone - Site25_R_FT2
[08:11:28] [Front Rack] Init - InitialDone - Site13_F_FT3
[08:11:28] [Rear Rack] Init - InitialDone - Site26_R_FT3
[08:11:28] [Front Rack] Init - InitialDone - Site1_F_DT1
[08:11:28] [Rear Rack] Init - InitialDone - Site14_R_DT1
[08:11:28] [Front Rack] Init - InitialDone - Site2_F_DT2
[08:11:28] [Rear Rack] Init - InitialDone - Site15_R_DT2
[08:11:28] [Front Rack] Init - InitialDone - Site3_F_DT3
[08:11:28] [Rear Rack] Init - InitialDone - Site16_R_DT3
[08:11:28] [Front Rack] Init - InitialDone - Site4_F_DT4
[08:11:28] [Rear Rack] Init - InitialDone - Site17_R_DT4
[08:11:28] [Front Rack] Init - InitialDone - Site5_F_DT5
[08:11:28] [Rear Rack] Init - InitialDone - Site18_R_DT5
[08:11:28] [Front Rack] Init - InitialDone - Site6_F_DT6
[08:11:28] [Rear Rack] Init - InitialDone - Site19_R_DT6
[08:11:28] [Front Rack] Init - InitialDone - Site7_F_DT7
[08:11:28] [Rear Rack] Init - InitialDone - Site20_R_DT7
[08:11:28] [Front Rack] Init - InitialDone - Site8_F_DT8
[08:11:28] [Rear Rack] Init - InitialDone - Site21_R_DT8
[08:11:28] [Front Rack] Init - InitialDone - Site9_F_DT9
[08:11:28] [Rear Rack] Init - InitialDone - Site22_R_DT9
[08:11:28] [Front Rack] Init - InitialDone - Site10_F_DT10_FT4
[08:11:28] [Rear Rack] Init - InitialDone - Site23_R_DT10_FT4
[08:11:28] [Front Rack] Init - InitialDone - Site11_F_FT1
[08:11:28] [Rear Rack] Init - InitialDone - Site24_R_FT1
[08:11:28] [Front Rack] Init - InitialDone - Site12_F_FT2
[08:11:28] [Rear Rack] Init - InitialDone - Site25_R_FT2
[08:11:28] [Front Rack] Init - InitialDone - Site13_F_FT3
[08:11:28] [Rear Rack] Init - InitialDone - Site26_R_FT3
[08:11:28] [Front Rack] Init - InitialDone - Site1_F_DT1
[08:11:28] [Front Rack] Init - InitialDone - Site2_F_DT2
[08:11:28] [Rear Rack] Init - InitialDone - Site14_R_DT1
[08:11:28] [Front Rack] Init - InitialDone - Site3_F_DT3
[08:11:28] [Rear Rack] Init - InitialDone - Site15_R_DT2
[08:11:28] [Front Rack] Init - InitialDone - Site4_F_DT4
[08:11:28] [Rear Rack] Init - InitialDone - Site16_R_DT3
[08:11:28] [Front Rack] Init - InitialDone - Site5_F_DT5
[08:11:28] [Rear Rack] Init - InitialDone - Site17_R_DT4
[08:11:28] [Front Rack] Init - InitialDone - Site6_F_DT6
[08:11:28] [Rear Rack] Init - InitialDone - Site18_R_DT5
[08:11:28] [Front Rack] Init - InitialDone - Site7_F_DT7
[08:11:28] [Rear Rack] Init - InitialDone - Site19_R_DT6
[08:11:28] [Front Rack] Init - InitialDone - Site8_F_DT8
[08:11:28] [Rear Rack] Init - InitialDone - Site20_R_DT7
[08:11:28] [Front Rack] Init - InitialDone - Site9_F_DT9
[08:11:28] [Rear Rack] Init - InitialDone - Site21_R_DT8
[08:11:28] [Front Rack] Init - InitialDone - Site10_F_DT10_FT4
[08:11:28] [Rear Rack] Init - InitialDone - Site22_R_DT9
[08:11:28] [Front Rack] Init - InitialDone - Site11_F_FT1
[08:11:28] [Rear Rack] Init - InitialDone - Site23_R_DT10_FT4
[08:11:28] [Front Rack] Init - InitialDone - Site12_F_FT2
[08:11:28] [Rear Rack] Init - InitialDone - Site24_R_FT1
[08:11:28] [Front Rack] Init - InitialDone - Site13_F_FT3
[08:11:28] [Rear Rack] Init - InitialDone - Site25_R_FT2
[08:11:28] [Rear Rack] Init - InitialDone - Site26_R_FT3
[08:11:28] [Front Rack] Init - InitialDone - Site1_F_DT1
[08:11:28] [Rear Rack] Init - InitialDone - Site14_R_DT1
[08:11:28] [Front Rack] Init - InitialDone - Site2_F_DT2
[08:11:28] [Rear Rack] Init - InitialDone - Site15_R_DT2
[08:11:28] [Front Rack] Init - InitialDone - Site3_F_DT3
[08:11:28] [Rear Rack] Init - InitialDone - Site16_R_DT3
[08:11:28] [Front Rack] Init - InitialDone - Site4_F_DT4
[08:11:28] [Rear Rack] Init - InitialDone - Site17_R_DT4
[08:11:28] [Front Rack] Init - InitialDone - Site5_F_DT5
[08:11:28] [Rear Rack] Init - InitialDone - Site18_R_DT5
[08:11:28] [Front Rack] Init - InitialDone - Site6_F_DT6
[08:11:28] [Rear Rack] Init - InitialDone - Site19_R_DT6
[08:11:28] [Front Rack] Init - InitialDone - Site7_F_DT7
[08:11:28] [Rear Rack] Init - InitialDone - Site20_R_DT7
[08:11:28] [Front Rack] Init - InitialDone - Site8_F_DT8
[08:11:28] [Rear Rack] Init - InitialDone - Site21_R_DT8
[08:11:28] [Front Rack] Init - InitialDone - Site9_F_DT9
[08:11:28] [Rear Rack] Init - InitialDone - Site22_R_DT9
[08:11:28] [Front Rack] Init - InitialDone - Site10_F_DT10_FT4
[08:11:28] [Rear Rack] Init - InitialDone - Site23_R_DT10_FT4
[08:11:28] [Front Rack] Init - InitialDone - Site11_F_FT1
[08:11:28] [Rear Rack] Init - InitialDone - Site24_R_FT1
[08:11:28] [Front Rack] Init - InitialDone - Site12_F_FT2
[08:11:28] [Rear Rack] Init - InitialDone - Site25_R_FT2
[08:11:28] [Front Rack] Init - InitialDone - Site13_F_FT3
[08:11:28] [Rear Rack] Init - InitialDone - Site26_R_FT3
[08:11:28] [Front Rack] Init - InitialDone - Site1_F_DT1
[08:11:28] [Rear Rack] Init - InitialDone - Site14_R_DT1
[08:11:28] [Front Rack] Init - InitialDone - Site2_F_DT2
[08:11:28] [Rear Rack] Init - InitialDone - Site15_R_DT2
[08:11:28] [Front Rack] Init - InitialDone - Site3_F_DT3
[08:11:28] [Rear Rack] Init - InitialDone - Site16_R_DT3
[08:11:28] [Front Rack] Init - InitialDone - Site4_F_DT4
[08:11:28] [Rear Rack] Init - InitialDone - Site17_R_DT4
[08:11:28] [Front Rack] Init - InitialDone - Site5_F_DT5
[08:11:28] [Rear Rack] Init - InitialDone - Site18_R_DT5
[08:11:28] [Front Rack] Init - InitialDone - Site6_F_DT6
[08:11:28] [Rear Rack] Init - InitialDone - Site19_R_DT6
[08:11:28] [Front Rack] Init - InitialDone - Site7_F_DT7
[08:11:28] [Rear Rack] Init - InitialDone - Site20_R_DT7
[08:11:28] [Front Rack] Init - InitialDone - Site8_F_DT8
[08:11:28] [Rear Rack] Init - InitialDone - Site21_R_DT8
[08:11:28] [Front Rack] Init - InitialDone - Site9_F_DT9
[08:11:28] [Rear Rack] Init - InitialDone - Site22_R_DT9
[08:11:28] [Front Rack] Init - InitialDone - Site10_F_DT10_FT4
[08:11:28] [Rear Rack] Init - InitialDone - Site23_R_DT10_FT4
[08:11:28] [Front Rack] Init - InitialDone - Site11_F_FT1
[08:11:28] [Rear Rack] Init - InitialDone - Site24_R_FT1
[08:11:28] [Front Rack] Init - InitialDone - Site12_F_FT2
[08:11:28] [Rear Rack] Init - InitialDone - Site25_R_FT2
[08:11:28] [Front Rack] Init - InitialDone - Site13_F_FT3
[08:11:28] [Rear Rack] Init - InitialDone - Site26_R_FT3
[08:11:28] [Front Rack] Init - InitialDone - Site1_F_DT1
[08:11:28] [Rear Rack] Init - InitialDone - Site14_R_DT1
[08:11:28] [Front Rack] Init - InitialDone - Site2_F_DT2
[08:11:28] [Rear Rack] Init - InitialDone - Site15_R_DT2
[08:11:28] [Front Rack] Init - InitialDone - Site3_F_DT3
[08:11:28] [Rear Rack] Init - InitialDone - Site16_R_DT3
[08:11:28] [Front Rack] Init - InitialDone - Site4_F_DT4
[08:11:28] [Rear Rack] Init - InitialDone - Site17_R_DT4
[08:11:28] [Front Rack] Init - InitialDone - Site5_F_DT5
[08:11:28] [Rear Rack] Init - InitialDone - Site18_R_DT5
[08:11:28] [Front Rack] Init - InitialDone - Site6_F_DT6
[08:11:28] [Rear Rack] Init - InitialDone - Site19_R_DT6
[08:11:28] [Front Rack] Init - InitialDone - Site7_F_DT7
[08:11:28] [Rear Rack] Init - InitialDone - Site20_R_DT7
[08:11:28] [Front Rack] Init - InitialDone - Site8_F_DT8
[08:11:28] [Rear Rack] Init - InitialDone - Site21_R_DT8
[08:11:28] [Front Rack] Init - InitialDone - Site9_F_DT9
[08:11:28] [Rear Rack] Init - InitialDone - Site22_R_DT9
[08:11:28] [Front Rack] Init - InitialDone - Site10_F_DT10_FT4
[08:11:28] [Rear Rack] Init - InitialDone - Site23_R_DT10_FT4
[08:11:28] [Front Rack] Init - InitialDone - Site11_F_FT1
[08:11:28] [Rear Rack] Init - InitialDone - Site24_R_FT1
[08:11:28] [Front Rack] Init - InitialDone - Site12_F_FT2
[08:11:28] [Rear Rack] Init - InitialDone - Site25_R_FT2
[08:11:28] [Front Rack] Init - InitialDone - Site13_F_FT3
[08:11:28] [Rear Rack] Init - InitialDone - Site26_R_FT3
[08:11:28] [Front Rack] Init - InitialDone - Site1_F_DT1
[08:11:28] [Front Rack] Init - InitialDone - Site2_F_DT2
[08:11:28] [Rear Rack] Init - InitialDone - Site14_R_DT1
[08:11:28] [Front Rack] Init - InitialDone - Site3_F_DT3
[08:11:28] [Rear Rack] Init - InitialDone - Site15_R_DT2
[08:11:28] [Front Rack] Init - InitialDone - Site4_F_DT4
[08:11:28] [Rear Rack] Init - InitialDone - Site16_R_DT3
[08:11:28] [Front Rack] Init - InitialDone - Site5_F_DT5
[08:11:28] [Rear Rack] Init - InitialDone - Site17_R_DT4
[08:11:28] [Front Rack] Init - InitialDone - Site6_F_DT6
[08:11:28] [Rear Rack] Init - InitialDone - Site18_R_DT5
[08:11:28] [Front Rack] Init - InitialDone - Site7_F_DT7
[08:11:28] [Rear Rack] Init - InitialDone - Site19_R_DT6
[08:11:28] [Front Rack] Init - InitialDone - Site8_F_DT8
[08:11:28] [Rear Rack] Init - InitialDone - Site20_R_DT7
[08:11:28] [Front Rack] Init - InitialDone - Site9_F_DT9
[08:11:28] [Rear Rack] Init - InitialDone - Site21_R_DT8
[08:11:28] [Front Rack] Init - InitialDone - Site10_F_DT10_FT4
[08:11:28] [Rear Rack] Init - InitialDone - Site22_R_DT9
[08:11:28] [Front Rack] Init - InitialDone - Site11_F_FT1
[08:11:28] [Rear Rack] Init - InitialDone - Site23_R_DT10_FT4
[08:11:28] [Front Rack] Init - InitialDone - Site12_F_FT2
[08:11:28] [Rear Rack] Init - InitialDone - Site24_R_FT1
[08:11:28] [Front Rack] Init - InitialDone - Site13_F_FT3
[08:11:28] [Rear Rack] Init - InitialDone - Site25_R_FT2
[08:11:28] [Rear Rack] Init - InitialDone - Site26_R_FT3
[08:11:28] [Front Rack] Init - InitialDone - Site1_F_DT1
[08:11:28] [Front Rack] Init - InitialDone - Site2_F_DT2
[08:11:28] [Front Rack] Init - InitialDone - Site3_F_DT3
[08:11:28] [Rear Rack] Init - InitialDone - Site14_R_DT1
[08:11:28] [Front Rack] Init - InitialDone - Site4_F_DT4
[08:11:28] [Rear Rack] Init - InitialDone - Site15_R_DT2
[08:11:28] [Front Rack] Init - InitialDone - Site5_F_DT5
[08:11:28] [Rear Rack] Init - InitialDone - Site16_R_DT3
[08:11:28] [Front Rack] Init - InitialDone - Site6_F_DT6
[08:11:28] [Rear Rack] Init - InitialDone - Site17_R_DT4
[08:11:28] [Front Rack] Init - InitialDone - Site7_F_DT7
[08:11:28] [Rear Rack] Init - InitialDone - Site18_R_DT5
[08:11:28] [Front Rack] Init - InitialDone - Site8_F_DT8
[08:11:28] [Rear Rack] Init - InitialDone - Site19_R_DT6
[08:11:28] [Front Rack] Init - InitialDone - Site9_F_DT9
[08:11:28] [Rear Rack] Init - InitialDone - Site20_R_DT7
[08:11:28] [Front Rack] Init - InitialDone - Site10_F_DT10_FT4
[08:11:28] [Rear Rack] Init - InitialDone - Site21_R_DT8
[08:11:28] [Front Rack] Init - InitialDone - Site11_F_FT1
[08:11:28] [Rear Rack] Init - InitialDone - Site22_R_DT9
[08:11:28] [Front Rack] Init - InitialDone - Site12_F_FT2
[08:11:28] [Rear Rack] Init - InitialDone - Site23_R_DT10_FT4
[08:11:28] [Front Rack] Init - InitialDone - Site13_F_FT3
[08:11:28] [Rear Rack] Init - InitialDone - Site24_R_FT1
[08:11:28] [Rear Rack] Init - InitialDone - Site25_R_FT2
[08:11:28] [Rear Rack] Init - InitialDone - Site26_R_FT3
[08:11:28] [Front Rack] Init - InitialDone - Site1_F_DT1
[08:11:28] [Front Rack] Init - InitialDone - Site2_F_DT2
[08:11:28] [Rear Rack] Init - InitialDone - Site14_R_DT1
[08:11:28] [Front Rack] Init - InitialDone - Site3_F_DT3
[08:11:28] [Rear Rack] Init - InitialDone - Site15_R_DT2
[08:11:28] [Front Rack] Init - InitialDone - Site4_F_DT4
[08:11:28] [Rear Rack] Init - InitialDone - Site16_R_DT3
[08:11:28] [Front Rack] Init - InitialDone - Site5_F_DT5
[08:11:28] [Rear Rack] Init - InitialDone - Site17_R_DT4
[08:11:28] [Front Rack] Init - InitialDone - Site6_F_DT6
[08:11:28] [Rear Rack] Init - InitialDone - Site18_R_DT5
[08:11:28] [Front Rack] Init - InitialDone - Site7_F_DT7
[08:11:28] [Rear Rack] Init - InitialDone - Site19_R_DT6
[08:11:28] [Front Rack] Init - InitialDone - Site8_F_DT8
[08:11:28] [Rear Rack] Init - InitialDone - Site20_R_DT7
[08:11:28] [Front Rack] Init - InitialDone - Site9_F_DT9
[08:11:28] [Rear Rack] Init - InitialDone - Site21_R_DT8
[08:11:28] [Front Rack] Init - InitialDone - Site10_F_DT10_FT4
[08:11:28] [Rear Rack] Init - InitialDone - Site22_R_DT9
[08:11:28] [Front Rack] Init - InitialDone - Site11_F_FT1
[08:11:28] [Rear Rack] Init - InitialDone - Site23_R_DT10_FT4
[08:11:28] [Front Rack] Init - InitialDone - Site12_F_FT2
[08:11:28] [Rear Rack] Init - InitialDone - Site24_R_FT1
[08:11:28] [Front Rack] Init - InitialDone - Site13_F_FT3
[08:11:28] [Rear Rack] Init - InitialDone - Site25_R_FT2
[08:11:28] [Rear Rack] Init - InitialDone - Site26_R_FT3
[08:11:28] [Front Rack] Init - InitialDone - Site1_F_DT1
[08:11:28] [Front Rack] Init - InitialDone - Site2_F_DT2
[08:11:28] [Rear Rack] Init - InitialDone - Site14_R_DT1
[08:11:28] [Front Rack] Init - InitialDone - Site3_F_DT3
[08:11:28] [Rear Rack] Init - InitialDone - Site15_R_DT2
[08:11:28] [Front Rack] Init - InitialDone - Site4_F_DT4
[08:11:28] [Rear Rack] Init - InitialDone - Site16_R_DT3
[08:11:28] [Front Rack] Init - InitialDone - Site5_F_DT5
[08:11:28] [Rear Rack] Init - InitialDone - Site17_R_DT4
[08:11:28] [Front Rack] Init - InitialDone - Site6_F_DT6
[08:11:28] [Rear Rack] Init - InitialDone - Site18_R_DT5
[08:11:28] [Front Rack] Init - InitialDone - Site7_F_DT7
[08:11:28] [Rear Rack] Init - InitialDone - Site19_R_DT6
[08:11:28] [Front Rack] Init - InitialDone - Site8_F_DT8
[08:11:28] [Rear Rack] Init - InitialDone - Site20_R_DT7
[08:11:28] [Front Rack] Init - InitialDone - Site9_F_DT9
[08:11:28] [Rear Rack] Init - InitialDone - Site21_R_DT8
[08:11:28] [Front Rack] Init - InitialDone - Site10_F_DT10_FT4
[08:11:28] [Rear Rack] Init - InitialDone - Site22_R_DT9
[08:11:28] [Front Rack] Init - InitialDone - Site11_F_FT1
[08:11:28] [Rear Rack] Init - InitialDone - Site23_R_DT10_FT4
[08:11:28] [Front Rack] Init - InitialDone - Site12_F_FT2
[08:11:28] [Rear Rack] Init - InitialDone - Site24_R_FT1
[08:11:28] [Front Rack] Init - InitialDone - Site13_F_FT3
[08:11:28] [Rear Rack] Init - InitialDone - Site25_R_FT2
[08:11:28] [Rear Rack] Init - InitialDone - Site26_R_FT3
[08:11:28] [Front Rack] Init - InitialDone - Site1_F_DT1
[08:11:28] [Rear Rack] Init - InitialDone - Site14_R_DT1
[08:11:28] [Front Rack] Init - InitialDone - Site2_F_DT2
[08:11:28] [Rear Rack] Init - InitialDone - Site15_R_DT2
[08:11:28] [Front Rack] Init - InitialDone - Site3_F_DT3
[08:11:28] [Rear Rack] Init - InitialDone - Site16_R_DT3
[08:11:28] [Front Rack] Init - InitialDone - Site4_F_DT4
[08:11:28] [Rear Rack] Init - InitialDone - Site17_R_DT4
[08:11:28] [Front Rack] Init - InitialDone - Site5_F_DT5
[08:11:28] [Rear Rack] Init - InitialDone - Site18_R_DT5
[08:11:28] [Front Rack] Init - InitialDone - Site6_F_DT6
[08:11:28] [Rear Rack] Init - InitialDone - Site19_R_DT6
[08:11:28] [Front Rack] Init - InitialDone - Site7_F_DT7
[08:11:28] [Rear Rack] Init - InitialDone - Site20_R_DT7
[08:11:28] [Front Rack] Init - InitialDone - Site8_F_DT8
[08:11:28] [Rear Rack] Init - InitialDone - Site21_R_DT8
[08:11:28] [Front Rack] Init - InitialDone - Site9_F_DT9
[08:11:28] [Rear Rack] Init - InitialDone - Site22_R_DT9
[08:11:28] [Front Rack] Init - InitialDone - Site10_F_DT10_FT4
[08:11:28] [Rear Rack] Init - InitialDone - Site23_R_DT10_FT4
[08:11:28] [Front Rack] Init - InitialDone - Site11_F_FT1
[08:11:28] [Rear Rack] Init - InitialDone - Site24_R_FT1
[08:11:28] [Front Rack] Init - InitialDone - Site12_F_FT2
[08:11:28] [Rear Rack] Init - InitialDone - Site25_R_FT2
[08:11:28] [Front Rack] Init - InitialDone - Site13_F_FT3
[08:11:28] [Rear Rack] Init - InitialDone - Site26_R_FT3
[08:11:28] [Front Rack] Init - InitialDone - Site1_F_DT1
[08:11:28] [Rear Rack] Init - InitialDone - Site14_R_DT1
[08:11:28] [Front Rack] Init - InitialDone - Site2_F_DT2
[08:11:28] [Rear Rack] Init - InitialDone - Site15_R_DT2
[08:11:28] [Front Rack] Init - InitialDone - Site3_F_DT3
[08:11:28] [Rear Rack] Init - InitialDone - Site16_R_DT3
[08:11:28] [Front Rack] Init - InitialDone - Site4_F_DT4
[08:11:28] [Rear Rack] Init - InitialDone - Site17_R_DT4
[08:11:28] [Front Rack] Init - InitialDone - Site5_F_DT5
[08:11:28] [Rear Rack] Init - InitialDone - Site18_R_DT5
[08:11:28] [Front Rack] Init - InitialDone - Site6_F_DT6
[08:11:28] [Rear Rack] Init - InitialDone - Site19_R_DT6
[08:11:28] [Front Rack] Init - InitialDone - Site7_F_DT7
[08:11:28] [Rear Rack] Init - InitialDone - Site20_R_DT7
[08:11:28] [Front Rack] Init - InitialDone - Site8_F_DT8
[08:11:28] [Rear Rack] Init - InitialDone - Site21_R_DT8
[08:11:28] [Front Rack] Init - InitialDone - Site9_F_DT9
[08:11:28] [Rear Rack] Init - InitialDone - Site22_R_DT9
[08:11:28] [Front Rack] Init - InitialDone - Site10_F_DT10_FT4
[08:11:28] [Rear Rack] Init - InitialDone - Site23_R_DT10_FT4
[08:11:28] [Front Rack] Init - InitialDone - Site11_F_FT1
[08:11:28] [Rear Rack] Init - InitialDone - Site24_R_FT1
[08:11:28] [Front Rack] Init - InitialDone - Site12_F_FT2
[08:11:28] [Rear Rack] Init - InitialDone - Site25_R_FT2
[08:11:28] [Front Rack] Init - InitialDone - Site13_F_FT3
[08:11:28] [Rear Rack] Init - InitialDone - Site26_R_FT3
[08:11:28] [Front Rack] Init - InitialDone - Site1_F_DT1
[08:11:28] [Rear Rack] Init - InitialDone - Site14_R_DT1
[08:11:28] [Front Rack] Init - InitialDone - Site2_F_DT2
[08:11:28] [Rear Rack] Init - InitialDone - Site15_R_DT2
[08:11:28] [Front Rack] Init - InitialDone - Site3_F_DT3
[08:11:28] [Rear Rack] Init - InitialDone - Site16_R_DT3
[08:11:28] [Front Rack] Init - InitialDone - Site4_F_DT4
[08:11:28] [Rear Rack] Init - InitialDone - Site17_R_DT4
[08:11:28] [Front Rack] Init - InitialDone - Site5_F_DT5
[08:11:28] [Rear Rack] Init - InitialDone - Site18_R_DT5
[08:11:28] [Front Rack] Init - InitialDone - Site6_F_DT6
[08:11:28] [Rear Rack] Init - InitialDone - Site19_R_DT6
[08:11:28] [Front Rack] Init - InitialDone - Site7_F_DT7
[08:11:28] [Rear Rack] Init - InitialDone - Site20_R_DT7
[08:11:28] [Front Rack] Init - InitialDone - Site8_F_DT8
[08:11:28] [Rear Rack] Init - InitialDone - Site21_R_DT8
[08:11:28] [Front Rack] Init - InitialDone - Site9_F_DT9
[08:11:28] [Rear Rack] Init - InitialDone - Site22_R_DT9
[08:11:28] [Front Rack] Init - InitialDone - Site10_F_DT10_FT4
[08:11:28] [Rear Rack] Init - InitialDone - Site23_R_DT10_FT4
[08:11:28] [Front Rack] Init - InitialDone - Site11_F_FT1
[08:11:28] [Rear Rack] Init - InitialDone - Site24_R_FT1
[08:11:28] [Front Rack] Init - InitialDone - Site12_F_FT2
[08:11:28] [Rear Rack] Init - InitialDone - Site25_R_FT2
[08:11:28] [Front Rack] Init - InitialDone - Site13_F_FT3
[08:11:28] [Rear Rack] Init - InitialDone - Site26_R_FT3
[08:11:28] [Front Rack] Init - InitialDone - Site1_F_DT1
[08:11:28] [Rear Rack] Init - InitialDone - Site14_R_DT1
[08:11:28] [Front Rack] Init - InitialDone - Site2_F_DT2
[08:11:28] [Rear Rack] Init - InitialDone - Site15_R_DT2
[08:11:28] [Front Rack] Init - InitialDone - Site3_F_DT3
[08:11:28] [Rear Rack] Init - InitialDone - Site16_R_DT3
[08:11:28] [Front Rack] Init - InitialDone - Site4_F_DT4
[08:11:28] [Rear Rack] Init - InitialDone - Site17_R_DT4
[08:11:28] [Front Rack] Init - InitialDone - Site5_F_DT5
[08:11:28] [Rear Rack] Init - InitialDone - Site18_R_DT5
[08:11:28] [Front Rack] Init - InitialDone - Site6_F_DT6
[08:11:28] [Rear Rack] Init - InitialDone - Site19_R_DT6
[08:11:28] [Front Rack] Init - InitialDone - Site7_F_DT7
[08:11:28] [Rear Rack] Init - InitialDone - Site20_R_DT7
[08:11:28] [Front Rack] Init - InitialDone - Site8_F_DT8
[08:11:28] [Rear Rack] Init - InitialDone - Site21_R_DT8
[08:11:28] [Front Rack] Init - InitialDone - Site9_F_DT9
[08:11:28] [Rear Rack] Init - InitialDone - Site22_R_DT9
[08:11:28] [Front Rack] Init - InitialDone - Site10_F_DT10_FT4
[08:11:28] [Rear Rack] Init - InitialDone - Site23_R_DT10_FT4
[08:11:28] [Front Rack] Init - InitialDone - Site11_F_FT1
[08:11:28] [Rear Rack] Init - InitialDone - Site24_R_FT1
[08:11:28] [Front Rack] Init - InitialDone - Site12_F_FT2
[08:11:28] [Rear Rack] Init - InitialDone - Site25_R_FT2
[08:11:28] [Front Rack] Init - InitialDone - Site13_F_FT3
[08:11:28] [Rear Rack] Init - InitialDone - Site26_R_FT3
[08:11:28] [Front Rack] Init - InitialDone - Site1_F_DT1
[08:11:28] [Rear Rack] Init - InitialDone - Site14_R_DT1
[08:11:28] [Front Rack] Init - InitialDone - Site2_F_DT2
[08:11:28] [Rear Rack] Init - InitialDone - Site15_R_DT2
[08:11:28] [Front Rack] Init - InitialDone - Site3_F_DT3
[08:11:28] [Rear Rack] Init - InitialDone - Site16_R_DT3
[08:11:28] [Front Rack] Init - InitialDone - Site4_F_DT4
[08:11:28] [Rear Rack] Init - InitialDone - Site17_R_DT4
[08:11:28] [Front Rack] Init - InitialDone - Site5_F_DT5
[08:11:28] [Rear Rack] Init - InitialDone - Site18_R_DT5
[08:11:28] [Front Rack] Init - InitialDone - Site6_F_DT6
[08:11:28] [Rear Rack] Init - InitialDone - Site19_R_DT6
[08:11:28] [Front Rack] Init - InitialDone - Site7_F_DT7
[08:11:28] [Rear Rack] Init - InitialDone - Site20_R_DT7
[08:11:28] [Front Rack] Init - InitialDone - Site8_F_DT8
[08:11:28] [Rear Rack] Init - InitialDone - Site21_R_DT8
[08:11:28] [Front Rack] Init - InitialDone - Site9_F_DT9
[08:11:28] [Rear Rack] Init - InitialDone - Site22_R_DT9
[08:11:28] [Front Rack] Init - InitialDone - Site10_F_DT10_FT4
[08:11:28] [Rear Rack] Init - InitialDone - Site23_R_DT10_FT4
[08:11:28] [Front Rack] Init - InitialDone - Site11_F_FT1
[08:11:28] [Rear Rack] Init - InitialDone - Site24_R_FT1
[08:11:28] [Front Rack] Init - InitialDone - Site12_F_FT2
[08:11:28] [Rear Rack] Init - InitialDone - Site25_R_FT2
[08:11:28] [Front Rack] Init - InitialDone - Site13_F_FT3
[08:11:28] [Rear Rack] Init - InitialDone - Site26_R_FT3
[08:11:28] [Front Rack] Init - InitialDone - Site1_F_DT1
[08:11:28] [Rear Rack] Init - InitialDone - Site14_R_DT1
[08:11:28] [Front Rack] Init - InitialDone - Site2_F_DT2
[08:11:28] [Rear Rack] Init - InitialDone - Site15_R_DT2
[08:11:28] [Front Rack] Init - InitialDone - Site3_F_DT3
[08:11:28] [Rear Rack] Init - InitialDone - Site16_R_DT3
[08:11:28] [Front Rack] Init - InitialDone - Site4_F_DT4
[08:11:28] [Rear Rack] Init - InitialDone - Site17_R_DT4
[08:11:28] [Front Rack] Init - InitialDone - Site5_F_DT5
[08:11:28] [Rear Rack] Init - InitialDone - Site18_R_DT5
[08:11:28] [Front Rack] Init - InitialDone - Site6_F_DT6
[08:11:28] [Rear Rack] Init - InitialDone - Site19_R_DT6
[08:11:28] [Front Rack] Init - InitialDone - Site7_F_DT7
[08:11:28] [Rear Rack] Init - InitialDone - Site20_R_DT7
[08:11:28] [Front Rack] Init - InitialDone - Site8_F_DT8
[08:11:28] [Rear Rack] Init - InitialDone - Site21_R_DT8
[08:11:28] [Front Rack] Init - InitialDone - Site9_F_DT9
[08:11:28] [Rear Rack] Init - InitialDone - Site22_R_DT9
[08:11:28] [Front Rack] Init - InitialDone - Site10_F_DT10_FT4
[08:11:28] [Rear Rack] Init - InitialDone - Site23_R_DT10_FT4
[08:11:28] [Front Rack] Init - InitialDone - Site11_F_FT1
[08:11:28] [Rear Rack] Init - InitialDone - Site24_R_FT1
[08:11:28] [Front Rack] Init - InitialDone - Site12_F_FT2
[08:11:28] [Rear Rack] Init - InitialDone - Site25_R_FT2
[08:11:28] [Front Rack] Init - InitialDone - Site13_F_FT3
[08:11:28] [Rear Rack] Init - InitialDone - Site26_R_FT3
[08:11:28] [Front Rack] Init - InitialDone - Site1_F_DT1
[08:11:28] [Front Rack] Init - InitialDone - Site2_F_DT2
[08:11:28] [Rear Rack] Init - InitialDone - Site14_R_DT1
[08:11:28] [Front Rack] Init - InitialDone - Site3_F_DT3
[08:11:28] [Rear Rack] Init - InitialDone - Site15_R_DT2
[08:11:28] [Front Rack] Init - InitialDone - Site4_F_DT4
[08:11:28] [Rear Rack] Init - InitialDone - Site16_R_DT3
[08:11:28] [Front Rack] Init - InitialDone - Site5_F_DT5
[08:11:28] [Rear Rack] Init - InitialDone - Site17_R_DT4
[08:11:28] [Front Rack] Init - InitialDone - Site6_F_DT6
[08:11:28] [Rear Rack] Init - InitialDone - Site18_R_DT5
[08:11:28] [Front Rack] Init - InitialDone - Site7_F_DT7
[08:11:28] [Rear Rack] Init - InitialDone - Site19_R_DT6
[08:11:28] [Front Rack] Init - InitialDone - Site8_F_DT8
[08:11:28] [Rear Rack] Init - InitialDone - Site20_R_DT7
[08:11:28] [Front Rack] Init - InitialDone - Site9_F_DT9
[08:11:28] [Rear Rack] Init - InitialDone - Site21_R_DT8
[08:11:28] [Front Rack] Init - InitialDone - Site10_F_DT10_FT4
[08:11:28] [Rear Rack] Init - InitialDone - Site22_R_DT9
[08:11:28] [Front Rack] Init - InitialDone - Site11_F_FT1
[08:11:28] [Rear Rack] Init - InitialDone - Site23_R_DT10_FT4
[08:11:28] [Front Rack] Init - InitialDone - Site12_F_FT2
[08:11:28] [Rear Rack] Init - InitialDone - Site24_R_FT1
[08:11:28] [Front Rack] Init - InitialDone - Site13_F_FT3
[08:11:28] [Rear Rack] Init - InitialDone - Site25_R_FT2
[08:11:28] [Rear Rack] Init - InitialDone - Site26_R_FT3
[08:11:28] [Front Rack] Init - InitialDone - Site1_F_DT1
[08:11:28] [Rear Rack] Init - InitialDone - Site14_R_DT1
[08:11:28] [Front Rack] Init - InitialDone - Site2_F_DT2
[08:11:28] [Rear Rack] Init - InitialDone - Site15_R_DT2
[08:11:28] [Front Rack] Init - InitialDone - Site3_F_DT3
[08:11:28] [Rear Rack] Init - InitialDone - Site16_R_DT3
[08:11:28] [Front Rack] Init - InitialDone - Site4_F_DT4
[08:11:28] [Rear Rack] Init - InitialDone - Site17_R_DT4
[08:11:28] [Front Rack] Init - InitialDone - Site5_F_DT5
[08:11:28] [Rear Rack] Init - InitialDone - Site18_R_DT5
[08:11:28] [Front Rack] Init - InitialDone - Site6_F_DT6
[08:11:28] [Rear Rack] Init - InitialDone - Site19_R_DT6
[08:11:28] [Front Rack] Init - InitialDone - Site7_F_DT7
[08:11:28] [Rear Rack] Init - InitialDone - Site20_R_DT7
[08:11:28] [Front Rack] Init - InitialDone - Site8_F_DT8
[08:11:28] [Rear Rack] Init - InitialDone - Site21_R_DT8
[08:11:28] [Front Rack] Init - InitialDone - Site9_F_DT9
[08:11:29] [Rear Rack] Init - InitialDone - Site22_R_DT9
[08:11:29] [Front Rack] Init - InitialDone - Site10_F_DT10_FT4
[08:11:29] [Rear Rack] Init - InitialDone - Site23_R_DT10_FT4
[08:11:29] [Front Rack] Init - InitialDone - Site11_F_FT1
[08:11:29] [Rear Rack] Init - InitialDone - Site24_R_FT1
[08:11:29] [Front Rack] Init - InitialDone - Site12_F_FT2
[08:11:29] [Rear Rack] Init - InitialDone - Site25_R_FT2
[08:11:29] [Front Rack] Init - InitialDone - Site13_F_FT3
[08:11:29] [Rear Rack] Init - InitialDone - Site26_R_FT3
[08:11:29] [Front Rack] Init - InitialDone - Site1_F_DT1
[08:11:29] [Rear Rack] Init - InitialDone - Site14_R_DT1
[08:11:29] [Front Rack] Init - InitialDone - Site2_F_DT2
[08:11:29] [Rear Rack] Init - InitialDone - Site15_R_DT2
[08:11:29] [Front Rack] Init - InitialDone - Site3_F_DT3
[08:11:29] [Rear Rack] Init - InitialDone - Site16_R_DT3
[08:11:29] [Front Rack] Init - InitialDone - Site4_F_DT4
[08:11:29] [Rear Rack] Init - InitialDone - Site17_R_DT4
[08:11:29] [Front Rack] Init - InitialDone - Site5_F_DT5
[08:11:29] [Rear Rack] Init - InitialDone - Site18_R_DT5
[08:11:29] [Front Rack] Init - InitialDone - Site6_F_DT6
[08:11:29] [Rear Rack] Init - InitialDone - Site19_R_DT6
[08:11:29] [Front Rack] Init - InitialDone - Site7_F_DT7
[08:11:29] [Rear Rack] Init - InitialDone - Site20_R_DT7
[08:11:29] [Front Rack] Init - InitialDone - Site8_F_DT8
[08:11:29] [Rear Rack] Init - InitialDone - Site21_R_DT8
[08:11:29] [Front Rack] Init - InitialDone - Site9_F_DT9
[08:11:29] [Rear Rack] Init - InitialDone - Site22_R_DT9
[08:11:29] [Front Rack] Init - InitialDone - Site10_F_DT10_FT4
[08:11:29] [Rear Rack] Init - InitialDone - Site23_R_DT10_FT4
[08:11:29] [Front Rack] Init - InitialDone - Site11_F_FT1
[08:11:29] [Rear Rack] Init - InitialDone - Site24_R_FT1
[08:11:29] [Front Rack] Init - InitialDone - Site12_F_FT2
[08:11:29] [Rear Rack] Init - InitialDone - Site25_R_FT2
[08:11:29] [Front Rack] Init - InitialDone - Site13_F_FT3
[08:11:29] [Rear Rack] Init - InitialDone - Site26_R_FT3
[08:11:29] [Front Rack] Init - InitialDone - Site1_F_DT1
[08:11:29] [Front Rack] Init - InitialDone - Site2_F_DT2
[08:11:29] [Rear Rack] Init - InitialDone - Site14_R_DT1
[08:11:29] [Front Rack] Init - InitialDone - Site3_F_DT3
[08:11:29] [Rear Rack] Init - InitialDone - Site15_R_DT2
[08:11:29] [Front Rack] Init - InitialDone - Site4_F_DT4
[08:11:29] [Rear Rack] Init - InitialDone - Site16_R_DT3
[08:11:29] [Front Rack] Init - InitialDone - Site5_F_DT5
[08:11:29] [Rear Rack] Init - InitialDone - Site17_R_DT4
[08:11:29] [Front Rack] Init - InitialDone - Site6_F_DT6
[08:11:29] [Rear Rack] Init - InitialDone - Site18_R_DT5
[08:11:29] [Front Rack] Init - InitialDone - Site7_F_DT7
[08:11:29] [Rear Rack] Init - InitialDone - Site19_R_DT6
[08:11:29] [Front Rack] Init - InitialDone - Site8_F_DT8
[08:11:29] [Rear Rack] Init - InitialDone - Site20_R_DT7
[08:11:29] [Front Rack] Init - InitialDone - Site9_F_DT9
[08:11:29] [Rear Rack] Init - InitialDone - Site21_R_DT8
[08:11:29] [Front Rack] Init - InitialDone - Site10_F_DT10_FT4
[08:11:29] [Rear Rack] Init - InitialDone - Site22_R_DT9
[08:11:29] [Front Rack] Init - InitialDone - Site11_F_FT1
[08:11:29] [Rear Rack] Init - InitialDone - Site23_R_DT10_FT4
[08:11:29] [Front Rack] Init - InitialDone - Site12_F_FT2
[08:11:29] [Rear Rack] Init - InitialDone - Site24_R_FT1
[08:11:29] [Front Rack] Init - InitialDone - Site13_F_FT3
[08:11:29] [Rear Rack] Init - InitialDone - Site25_R_FT2
[08:11:29] [Rear Rack] Init - InitialDone - Site26_R_FT3
[08:11:29] [Front Rack] Init - InitialDone - Site1_F_DT1
[08:11:29] [Rear Rack] Init - InitialDone - Site14_R_DT1
[08:11:29] [Front Rack] Init - InitialDone - Site2_F_DT2
[08:11:29] [Rear Rack] Init - InitialDone - Site15_R_DT2
[08:11:29] [Front Rack] Init - InitialDone - Site3_F_DT3
[08:11:29] [Rear Rack] Init - InitialDone - Site16_R_DT3
[08:11:29] [Front Rack] Init - InitialDone - Site4_F_DT4
[08:11:29] [Rear Rack] Init - InitialDone - Site17_R_DT4
[08:11:29] [Front Rack] Init - InitialDone - Site5_F_DT5
[08:11:29] [Rear Rack] Init - InitialDone - Site18_R_DT5
[08:11:29] [Front Rack] Init - InitialDone - Site6_F_DT6
[08:11:29] [Rear Rack] Init - InitialDone - Site19_R_DT6
[08:11:29] [Front Rack] Init - InitialDone - Site7_F_DT7
[08:11:29] [Rear Rack] Init - InitialDone - Site20_R_DT7
[08:11:29] [Front Rack] Init - InitialDone - Site8_F_DT8
[08:11:29] [Rear Rack] Init - InitialDone - Site21_R_DT8
[08:11:29] [Front Rack] Init - InitialDone - Site9_F_DT9
[08:11:29] [Rear Rack] Init - InitialDone - Site22_R_DT9
[08:11:29] [Front Rack] Init - InitialDone - Site10_F_DT10_FT4
[08:11:29] [Rear Rack] Init - InitialDone - Site23_R_DT10_FT4
[08:11:29] [Front Rack] Init - InitialDone - Site11_F_FT1
[08:11:29] [Rear Rack] Init - InitialDone - Site24_R_FT1
[08:11:29] [Front Rack] Init - InitialDone - Site12_F_FT2
[08:11:29] [Rear Rack] Init - InitialDone - Site25_R_FT2
[08:11:29] [Front Rack] Init - InitialDone - Site13_F_FT3
[08:11:29] [Rear Rack] Init - InitialDone - Site26_R_FT3
[08:11:29] [Front Rack] Init - InitialDone - Site1_F_DT1
[08:11:29] [Rear Rack] Init - InitialDone - Site14_R_DT1
[08:11:29] [Front Rack] Init - InitialDone - Site2_F_DT2
[08:11:29] [Rear Rack] Init - InitialDone - Site15_R_DT2
[08:11:29] [Front Rack] Init - InitialDone - Site3_F_DT3
[08:11:29] [Rear Rack] Init - InitialDone - Site16_R_DT3
[08:11:29] [Front Rack] Init - InitialDone - Site4_F_DT4
[08:11:29] [Rear Rack] Init - InitialDone - Site17_R_DT4
[08:11:29] [Front Rack] Init - InitialDone - Site5_F_DT5
[08:11:29] [Rear Rack] Init - InitialDone - Site18_R_DT5
[08:11:29] [Front Rack] Init - InitialDone - Site6_F_DT6
[08:11:29] [Rear Rack] Init - InitialDone - Site19_R_DT6
[08:11:29] [Front Rack] Init - InitialDone - Site7_F_DT7
[08:11:29] [Rear Rack] Init - InitialDone - Site20_R_DT7
[08:11:29] [Front Rack] Init - InitialDone - Site8_F_DT8
[08:11:29] [Rear Rack] Init - InitialDone - Site21_R_DT8
[08:11:29] [Front Rack] Init - InitialDone - Site9_F_DT9
[08:11:29] [Rear Rack] Init - InitialDone - Site22_R_DT9
[08:11:29] [Front Rack] Init - InitialDone - Site10_F_DT10_FT4
[08:11:29] [Rear Rack] Init - InitialDone - Site23_R_DT10_FT4
[08:11:29] [Front Rack] Init - InitialDone - Site11_F_FT1
[08:11:29] [Rear Rack] Init - InitialDone - Site24_R_FT1
[08:11:29] [Front Rack] Init - InitialDone - Site12_F_FT2
[08:11:29] [Rear Rack] Init - InitialDone - Site25_R_FT2
[08:11:29] [Front Rack] Init - InitialDone - Site13_F_FT3
[08:11:29] [Rear Rack] Init - InitialDone - Site26_R_FT3
[08:11:29] [Front Rack] Init - InitialDone - Site1_F_DT1
[08:11:29] [Rear Rack] Init - InitialDone - Site14_R_DT1
[08:11:29] [Front Rack] Init - InitialDone - Site2_F_DT2
[08:11:29] [Rear Rack] Init - InitialDone - Site15_R_DT2
[08:11:29] [Front Rack] Init - InitialDone - Site3_F_DT3
[08:11:29] [Rear Rack] Init - InitialDone - Site16_R_DT3
[08:11:29] [Front Rack] Init - InitialDone - Site4_F_DT4
[08:11:29] [Rear Rack] Init - InitialDone - Site17_R_DT4
[08:11:29] [Front Rack] Init - InitialDone - Site5_F_DT5
[08:11:29] [Rear Rack] Init - InitialDone - Site18_R_DT5
[08:11:29] [Front Rack] Init - InitialDone - Site6_F_DT6
[08:11:29] [Rear Rack] Init - InitialDone - Site19_R_DT6
[08:11:29] [Front Rack] Init - InitialDone - Site7_F_DT7
[08:11:29] [Rear Rack] Init - InitialDone - Site20_R_DT7
[08:11:29] [Front Rack] Init - InitialDone - Site8_F_DT8
[08:11:29] [Rear Rack] Init - InitialDone - Site21_R_DT8
[08:11:29] [Front Rack] Init - InitialDone - Site9_F_DT9
[08:11:29] [Rear Rack] Init - InitialDone - Site22_R_DT9
[08:11:29] [Front Rack] Init - InitialDone - Site10_F_DT10_FT4
[08:11:29] [Rear Rack] Init - InitialDone - Site23_R_DT10_FT4
[08:11:29] [Front Rack] Init - InitialDone - Site11_F_FT1
[08:11:29] [Rear Rack] Init - InitialDone - Site24_R_FT1
[08:11:29] [Front Rack] Init - InitialDone - Site12_F_FT2
[08:11:29] [Rear Rack] Init - InitialDone - Site25_R_FT2
[08:11:29] [Front Rack] Init - InitialDone - Site13_F_FT3
[08:11:29] [Rear Rack] Init - InitialDone - Site26_R_FT3
[08:11:29] [Front Rack] Init - InitialDone - Site1_F_DT1
[08:11:29] [Front Rack] Init - InitialDone - Site2_F_DT2
[08:11:29] [Rear Rack] Init - InitialDone - Site14_R_DT1
[08:11:29] [Front Rack] Init - InitialDone - Site3_F_DT3
[08:11:29] [Rear Rack] Init - InitialDone - Site15_R_DT2
[08:11:29] [Front Rack] Init - InitialDone - Site4_F_DT4
[08:11:29] [Rear Rack] Init - InitialDone - Site16_R_DT3
[08:11:29] [Front Rack] Init - InitialDone - Site5_F_DT5
[08:11:29] [Rear Rack] Init - InitialDone - Site17_R_DT4
[08:11:29] [Front Rack] Init - InitialDone - Site6_F_DT6
[08:11:29] [Rear Rack] Init - InitialDone - Site18_R_DT5
[08:11:29] [Front Rack] Init - InitialDone - Site7_F_DT7
[08:11:29] [Rear Rack] Init - InitialDone - Site19_R_DT6
[08:11:29] [Front Rack] Init - InitialDone - Site8_F_DT8
[08:11:29] [Rear Rack] Init - InitialDone - Site20_R_DT7
[08:11:29] [Front Rack] Init - InitialDone - Site9_F_DT9
[08:11:29] [Rear Rack] Init - InitialDone - Site21_R_DT8
[08:11:29] [Front Rack] Init - InitialDone - Site10_F_DT10_FT4
[08:11:29] [Rear Rack] Init - InitialDone - Site22_R_DT9
[08:11:29] [Front Rack] Init - InitialDone - Site11_F_FT1
[08:11:29] [Rear Rack] Init - InitialDone - Site23_R_DT10_FT4
[08:11:29] [Front Rack] Init - InitialDone - Site12_F_FT2
[08:11:29] [Rear Rack] Init - InitialDone - Site24_R_FT1
[08:11:29] [Front Rack] Init - InitialDone - Site13_F_FT3
[08:11:29] [Rear Rack] Init - InitialDone - Site25_R_FT2
[08:11:29] [Rear Rack] Init - InitialDone - Site26_R_FT3
[08:11:29] [Front Rack] Init - InitialDone - Site1_F_DT1
[08:11:29] [Rear Rack] Init - InitialDone - Site14_R_DT1
[08:11:29] [Front Rack] Init - InitialDone - Site2_F_DT2
[08:11:29] [Rear Rack] Init - InitialDone - Site15_R_DT2
[08:11:29] [Front Rack] Init - InitialDone - Site3_F_DT3
[08:11:29] [Rear Rack] Init - InitialDone - Site16_R_DT3
[08:11:29] [Front Rack] Init - InitialDone - Site4_F_DT4
[08:11:29] [Rear Rack] Init - InitialDone - Site17_R_DT4
[08:11:29] [Front Rack] Init - InitialDone - Site5_F_DT5
[08:11:29] [Rear Rack] Init - InitialDone - Site18_R_DT5
[08:11:29] [Front Rack] Init - InitialDone - Site6_F_DT6
[08:11:29] [Rear Rack] Init - InitialDone - Site19_R_DT6
[08:11:29] [Front Rack] Init - InitialDone - Site7_F_DT7
[08:11:29] [Rear Rack] Init - InitialDone - Site20_R_DT7
[08:11:29] [Front Rack] Init - InitialDone - Site8_F_DT8
[08:11:29] [Rear Rack] Init - InitialDone - Site21_R_DT8
[08:11:29] [Front Rack] Init - InitialDone - Site9_F_DT9
[08:11:29] [Rear Rack] Init - InitialDone - Site22_R_DT9
[08:11:29] [Front Rack] Init - InitialDone - Site10_F_DT10_FT4
[08:11:29] [Rear Rack] Init - InitialDone - Site23_R_DT10_FT4
[08:11:29] [Front Rack] Init - InitialDone - Site11_F_FT1
[08:11:29] [Rear Rack] Init - InitialDone - Site24_R_FT1
[08:11:29] [Front Rack] Init - InitialDone - Site12_F_FT2
[08:11:29] [Rear Rack] Init - InitialDone - Site25_R_FT2
[08:11:29] [Front Rack] Init - InitialDone - Site13_F_FT3
[08:11:29] [Rear Rack] Init - InitialDone - Site26_R_FT3
[08:11:29] [Front Rack] Init - InitialDone - Site1_F_DT1
[08:11:29] [Rear Rack] Init - InitialDone - Site14_R_DT1
[08:11:29] [Front Rack] Init - InitialDone - Site2_F_DT2
[08:11:29] [Rear Rack] Init - InitialDone - Site15_R_DT2
[08:11:29] [Front Rack] Init - InitialDone - Site3_F_DT3
[08:11:29] [Rear Rack] Init - InitialDone - Site16_R_DT3
[08:11:29] [Front Rack] Init - InitialDone - Site4_F_DT4
[08:11:29] [Rear Rack] Init - InitialDone - Site17_R_DT4
[08:11:29] [Front Rack] Init - InitialDone - Site5_F_DT5
[08:11:29] [Rear Rack] Init - InitialDone - Site18_R_DT5
[08:11:29] [Front Rack] Init - InitialDone - Site6_F_DT6
[08:11:29] [Rear Rack] Init - InitialDone - Site19_R_DT6
[08:11:29] [Front Rack] Init - InitialDone - Site7_F_DT7
[08:11:29] [Rear Rack] Init - InitialDone - Site20_R_DT7
[08:11:29] [Front Rack] Init - InitialDone - Site8_F_DT8
[08:11:29] [Rear Rack] Init - InitialDone - Site21_R_DT8
[08:11:29] [Front Rack] Init - InitialDone - Site9_F_DT9
[08:11:29] [Rear Rack] Init - InitialDone - Site22_R_DT9
[08:11:29] [Front Rack] Init - InitialDone - Site10_F_DT10_FT4
[08:11:29] [Rear Rack] Init - InitialDone - Site23_R_DT10_FT4
[08:11:29] [Front Rack] Init - InitialDone - Site11_F_FT1
[08:11:29] [Rear Rack] Init - InitialDone - Site24_R_FT1
[08:11:29] [Front Rack] Init - InitialDone - Site12_F_FT2
[08:11:29] [Rear Rack] Init - InitialDone - Site25_R_FT2
[08:11:29] [Front Rack] Init - InitialDone - Site13_F_FT3
[08:11:29] [Rear Rack] Init - InitialDone - Site26_R_FT3
[08:11:29] [Front Rack] Init - InitialDone - Site1_F_DT1
[08:11:29] [Rear Rack] Init - InitialDone - Site14_R_DT1
[08:11:29] [Front Rack] Init - InitialDone - Site2_F_DT2
[08:11:29] [Rear Rack] Init - InitialDone - Site15_R_DT2
[08:11:29] [Front Rack] Init - InitialDone - Site3_F_DT3
[08:11:29] [Rear Rack] Init - InitialDone - Site16_R_DT3
[08:11:29] [Front Rack] Init - InitialDone - Site4_F_DT4
[08:11:29] [Rear Rack] Init - InitialDone - Site17_R_DT4
[08:11:29] [Front Rack] Init - InitialDone - Site5_F_DT5
[08:11:29] [Rear Rack] Init - InitialDone - Site18_R_DT5
[08:11:29] [Front Rack] Init - InitialDone - Site6_F_DT6
[08:11:29] [Rear Rack] Init - InitialDone - Site19_R_DT6
[08:11:29] [Front Rack] Init - InitialDone - Site7_F_DT7
[08:11:29] [Rear Rack] Init - InitialDone - Site20_R_DT7
[08:11:29] [Front Rack] Init - InitialDone - Site8_F_DT8
[08:11:29] [Rear Rack] Init - InitialDone - Site21_R_DT8
[08:11:29] [Front Rack] Init - InitialDone - Site9_F_DT9
[08:11:29] [Rear Rack] Init - InitialDone - Site22_R_DT9
[08:11:29] [Front Rack] Init - InitialDone - Site10_F_DT10_FT4
[08:11:29] [Rear Rack] Init - InitialDone - Site23_R_DT10_FT4
[08:11:29] [Front Rack] Init - InitialDone - Site11_F_FT1
[08:11:29] [Rear Rack] Init - InitialDone - Site24_R_FT1
[08:11:29] [Front Rack] Init - InitialDone - Site12_F_FT2
[08:11:29] [Rear Rack] Init - InitialDone - Site25_R_FT2
[08:11:29] [Front Rack] Init - InitialDone - Site13_F_FT3
[08:11:29] [Rear Rack] Init - InitialDone - Site26_R_FT3
[08:11:29] [Front Rack] Init - InitialDone - Site1_F_DT1
[08:11:29] [Rear Rack] Init - InitialDone - Site14_R_DT1
[08:11:29] [Front Rack] Init - InitialDone - Site2_F_DT2
[08:11:29] [Rear Rack] Init - InitialDone - Site15_R_DT2
[08:11:29] [Front Rack] Init - InitialDone - Site3_F_DT3
[08:11:29] [Rear Rack] Init - InitialDone - Site16_R_DT3
[08:11:29] [Front Rack] Init - InitialDone - Site4_F_DT4
[08:11:29] [Rear Rack] Init - InitialDone - Site17_R_DT4
[08:11:29] [Front Rack] Init - InitialDone - Site5_F_DT5
[08:11:29] [Rear Rack] Init - InitialDone - Site18_R_DT5
[08:11:29] [Front Rack] Init - InitialDone - Site6_F_DT6
[08:11:29] [Rear Rack] Init - InitialDone - Site19_R_DT6
[08:11:29] [Front Rack] Init - InitialDone - Site7_F_DT7
[08:11:29] [Rear Rack] Init - InitialDone - Site20_R_DT7
[08:11:29] [Front Rack] Init - InitialDone - Site8_F_DT8
[08:11:29] [Rear Rack] Init - InitialDone - Site21_R_DT8
[08:11:29] [Front Rack] Init - InitialDone - Site9_F_DT9
[08:11:29] [Rear Rack] Init - InitialDone - Site22_R_DT9
[08:11:29] [Front Rack] Init - InitialDone - Site10_F_DT10_FT4
[08:11:29] [Rear Rack] Init - InitialDone - Site23_R_DT10_FT4
[08:11:29] [Front Rack] Init - InitialDone - Site11_F_FT1
[08:11:29] [Rear Rack] Init - InitialDone - Site24_R_FT1
[08:11:29] [Front Rack] Init - InitialDone - Site12_F_FT2
[08:11:29] [Rear Rack] Init - InitialDone - Site25_R_FT2
[08:11:29] [Front Rack] Init - InitialDone - Site13_F_FT3
[08:11:29] [Rear Rack] Init - InitialDone - Site26_R_FT3
[08:11:29] [Front Rack] Init - InitialDone - Site1_F_DT1
[08:11:29] [Rear Rack] Init - InitialDone - Site14_R_DT1
[08:11:29] [Front Rack] Init - InitialDone - Site2_F_DT2
[08:11:29] [Rear Rack] Init - InitialDone - Site15_R_DT2
[08:11:29] [Front Rack] Init - InitialDone - Site3_F_DT3
[08:11:29] [Rear Rack] Init - InitialDone - Site16_R_DT3
[08:11:29] [Front Rack] Init - InitialDone - Site4_F_DT4
[08:11:29] [Rear Rack] Init - InitialDone - Site17_R_DT4
[08:11:29] [Front Rack] Init - InitialDone - Site5_F_DT5
[08:11:29] [Rear Rack] Init - InitialDone - Site18_R_DT5
[08:11:29] [Front Rack] Init - InitialDone - Site6_F_DT6
[08:11:29] [Rear Rack] Init - InitialDone - Site19_R_DT6
[08:11:29] [Front Rack] Init - InitialDone - Site7_F_DT7
[08:11:29] [Rear Rack] Init - InitialDone - Site20_R_DT7
[08:11:29] [Front Rack] Init - InitialDone - Site8_F_DT8
[08:11:29] [Rear Rack] Init - InitialDone - Site21_R_DT8
[08:11:29] [Front Rack] Init - InitialDone - Site9_F_DT9
[08:11:29] [Rear Rack] Init - InitialDone - Site22_R_DT9
[08:11:29] [Front Rack] Init - InitialDone - Site10_F_DT10_FT4
[08:11:29] [Rear Rack] Init - InitialDone - Site23_R_DT10_FT4
[08:11:29] [Front Rack] Init - InitialDone - Site11_F_FT1
[08:11:29] [Rear Rack] Init - InitialDone - Site24_R_FT1
[08:11:29] [Front Rack] Init - InitialDone - Site12_F_FT2
[08:11:29] [Rear Rack] Init - InitialDone - Site25_R_FT2
[08:11:29] [Front Rack] Init - InitialDone - Site13_F_FT3
[08:11:29] [Rear Rack] Init - InitialDone - Site26_R_FT3
[08:11:29] [Front Rack] Init - InitialDone - Site1_F_DT1
[08:11:29] [Rear Rack] Init - InitialDone - Site14_R_DT1
[08:11:29] [Front Rack] Init - InitialDone - Site2_F_DT2
[08:11:29] [Rear Rack] Init - InitialDone - Site15_R_DT2
[08:11:29] [Front Rack] Init - InitialDone - Site3_F_DT3
[08:11:29] [Rear Rack] Init - InitialDone - Site16_R_DT3
[08:11:29] [Front Rack] Init - InitialDone - Site4_F_DT4
[08:11:29] [Rear Rack] Init - InitialDone - Site17_R_DT4
[08:11:29] [Front Rack] Init - InitialDone - Site5_F_DT5
[08:11:29] [Rear Rack] Init - InitialDone - Site18_R_DT5
[08:11:29] [Front Rack] Init - InitialDone - Site6_F_DT6
[08:11:29] [Rear Rack] Init - InitialDone - Site19_R_DT6
[08:11:29] [Front Rack] Init - InitialDone - Site7_F_DT7
[08:11:29] [Rear Rack] Init - InitialDone - Site20_R_DT7
[08:11:29] [Front Rack] Init - InitialDone - Site8_F_DT8
[08:11:29] [Rear Rack] Init - InitialDone - Site21_R_DT8
[08:11:29] [Front Rack] Init - InitialDone - Site9_F_DT9
[08:11:29] [Rear Rack] Init - InitialDone - Site22_R_DT9
[08:11:29] [Front Rack] Init - InitialDone - Site10_F_DT10_FT4
[08:11:29] [Rear Rack] Init - InitialDone - Site23_R_DT10_FT4
[08:11:29] [Front Rack] Init - InitialDone - Site11_F_FT1
[08:11:29] [Rear Rack] Init - InitialDone - Site24_R_FT1
[08:11:29] [Front Rack] Init - InitialDone - Site12_F_FT2
[08:11:29] [Rear Rack] Init - InitialDone - Site25_R_FT2
[08:11:29] [Front Rack] Init - InitialDone - Site13_F_FT3
[08:11:29] [Rear Rack] Init - InitialDone - Site26_R_FT3
[08:11:29] [Front Rack] Init - InitialDone - Site1_F_DT1
[08:11:29] [Rear Rack] Init - InitialDone - Site14_R_DT1
[08:11:29] [Front Rack] Init - InitialDone - Site2_F_DT2
[08:11:29] [Rear Rack] Init - InitialDone - Site15_R_DT2
[08:11:29] [Front Rack] Init - InitialDone - Site3_F_DT3
[08:11:29] [Rear Rack] Init - InitialDone - Site16_R_DT3
[08:11:29] [Front Rack] Init - InitialDone - Site4_F_DT4
[08:11:29] [Rear Rack] Init - InitialDone - Site17_R_DT4
[08:11:29] [Front Rack] Init - InitialDone - Site5_F_DT5
[08:11:29] [Rear Rack] Init - InitialDone - Site18_R_DT5
[08:11:29] [Front Rack] Init - InitialDone - Site6_F_DT6
[08:11:29] [Rear Rack] Init - InitialDone - Site19_R_DT6
[08:11:29] [Front Rack] Init - InitialDone - Site7_F_DT7
[08:11:29] [Rear Rack] Init - InitialDone - Site20_R_DT7
[08:11:29] [Front Rack] Init - InitialDone - Site8_F_DT8
[08:11:29] [Rear Rack] Init - InitialDone - Site21_R_DT8
[08:11:29] [Front Rack] Init - InitialDone - Site9_F_DT9
[08:11:29] [Rear Rack] Init - InitialDone - Site22_R_DT9
[08:11:29] [Front Rack] Init - InitialDone - Site10_F_DT10_FT4
[08:11:29] [Rear Rack] Init - InitialDone - Site23_R_DT10_FT4
[08:11:29] [Front Rack] Init - InitialDone - Site11_F_FT1
[08:11:29] [Rear Rack] Init - InitialDone - Site24_R_FT1
[08:11:29] [Front Rack] Init - InitialDone - Site12_F_FT2
[08:11:29] [Rear Rack] Init - InitialDone - Site25_R_FT2
[08:11:29] [Front Rack] Init - InitialDone - Site13_F_FT3
[08:11:29] [Rear Rack] Init - InitialDone - Site26_R_FT3
[08:11:29] [Front Rack] Init - InitialDone - Site1_F_DT1
[08:11:29] [Rear Rack] Init - InitialDone - Site14_R_DT1
[08:11:29] [Front Rack] Init - InitialDone - Site2_F_DT2
[08:11:29] [Rear Rack] Init - InitialDone - Site15_R_DT2
[08:11:29] [Front Rack] Init - InitialDone - Site3_F_DT3
[08:11:29] [Rear Rack] Init - InitialDone - Site16_R_DT3
[08:11:29] [Front Rack] Init - InitialDone - Site4_F_DT4
[08:11:29] [Rear Rack] Init - InitialDone - Site17_R_DT4
[08:11:29] [Front Rack] Init - InitialDone - Site5_F_DT5
[08:11:29] [Rear Rack] Init - InitialDone - Site18_R_DT5
[08:11:29] [Front Rack] Init - InitialDone - Site6_F_DT6
[08:11:29] [Rear Rack] Init - InitialDone - Site19_R_DT6
[08:11:29] [Front Rack] Init - InitialDone - Site7_F_DT7
[08:11:29] [Rear Rack] Init - InitialDone - Site20_R_DT7
[08:11:29] [Front Rack] Init - InitialDone - Site8_F_DT8
[08:11:29] [Rear Rack] Init - InitialDone - Site21_R_DT8
[08:11:29] [Front Rack] Init - InitialDone - Site9_F_DT9
[08:11:29] [Rear Rack] Init - InitialDone - Site22_R_DT9
[08:11:29] [Front Rack] Init - InitialDone - Site10_F_DT10_FT4
[08:11:29] [Rear Rack] Init - InitialDone - Site23_R_DT10_FT4
[08:11:29] [Front Rack] Init - InitialDone - Site11_F_FT1
[08:11:29] [Rear Rack] Init - InitialDone - Site24_R_FT1
[08:11:29] [Front Rack] Init - InitialDone - Site12_F_FT2
[08:11:29] [Rear Rack] Init - InitialDone - Site25_R_FT2
[08:11:29] [Front Rack] Init - InitialDone - Site13_F_FT3
[08:11:29] [Rear Rack] Init - InitialDone - Site26_R_FT3
[08:11:29] [Front Rack] Init - InitialDone - Site1_F_DT1
[08:11:29] [Rear Rack] Init - InitialDone - Site14_R_DT1
[08:11:29] [Front Rack] Init - InitialDone - Site2_F_DT2
[08:11:29] [Rear Rack] Init - InitialDone - Site15_R_DT2
[08:11:29] [Front Rack] Init - InitialDone - Site3_F_DT3
[08:11:29] [Rear Rack] Init - InitialDone - Site16_R_DT3
[08:11:29] [Front Rack] Init - InitialDone - Site4_F_DT4
[08:11:29] [Rear Rack] Init - InitialDone - Site17_R_DT4
[08:11:29] [Front Rack] Init - InitialDone - Site5_F_DT5
[08:11:29] [Rear Rack] Init - InitialDone - Site18_R_DT5
[08:11:29] [Front Rack] Init - InitialDone - Site6_F_DT6
[08:11:29] [Rear Rack] Init - InitialDone - Site19_R_DT6
[08:11:29] [Front Rack] Init - InitialDone - Site7_F_DT7
[08:11:29] [Rear Rack] Init - InitialDone - Site20_R_DT7
[08:11:29] [Front Rack] Init - InitialDone - Site8_F_DT8
[08:11:29] [Rear Rack] Init - InitialDone - Site21_R_DT8
[08:11:29] [Front Rack] Init - InitialDone - Site9_F_DT9
[08:11:29] [Rear Rack] Init - InitialDone - Site22_R_DT9
[08:11:29] [Front Rack] Init - InitialDone - Site10_F_DT10_FT4
[08:11:29] [Rear Rack] Init - InitialDone - Site23_R_DT10_FT4
[08:11:29] [Front Rack] Init - InitialDone - Site11_F_FT1
[08:11:29] [Rear Rack] Init - InitialDone - Site24_R_FT1
[08:11:29] [Front Rack] Init - InitialDone - Site12_F_FT2
[08:11:29] [Rear Rack] Init - InitialDone - Site25_R_FT2
[08:11:29] [Front Rack] Init - InitialDone - Site13_F_FT3
[08:11:29] [Rear Rack] Init - InitialDone - Site26_R_FT3
[08:11:29] [Front Rack] Init - InitialDone - Site1_F_DT1
[08:11:29] [Front Rack] Init - InitialDone - Site2_F_DT2
[08:11:29] [Rear Rack] Init - InitialDone - Site14_R_DT1
[08:11:29] [Front Rack] Init - InitialDone - Site3_F_DT3
[08:11:29] [Rear Rack] Init - InitialDone - Site15_R_DT2
[08:11:29] [Front Rack] Init - InitialDone - Site4_F_DT4
[08:11:29] [Rear Rack] Init - InitialDone - Site16_R_DT3
[08:11:29] [Front Rack] Init - InitialDone - Site5_F_DT5
[08:11:29] [Rear Rack] Init - InitialDone - Site17_R_DT4
[08:11:29] [Front Rack] Init - InitialDone - Site6_F_DT6
[08:11:29] [Rear Rack] Init - InitialDone - Site18_R_DT5
[08:11:29] [Front Rack] Init - InitialDone - Site7_F_DT7
[08:11:29] [Rear Rack] Init - InitialDone - Site19_R_DT6
[08:11:29] [Front Rack] Init - InitialDone - Site8_F_DT8
[08:11:29] [Rear Rack] Init - InitialDone - Site20_R_DT7
[08:11:29] [Front Rack] Init - InitialDone - Site9_F_DT9
[08:11:29] [Rear Rack] Init - InitialDone - Site21_R_DT8
[08:11:29] [Front Rack] Init - InitialDone - Site10_F_DT10_FT4
[08:11:29] [Rear Rack] Init - InitialDone - Site22_R_DT9
[08:11:29] [Front Rack] Init - InitialDone - Site11_F_FT1
[08:11:29] [Rear Rack] Init - InitialDone - Site23_R_DT10_FT4
[08:11:29] [Front Rack] Init - InitialDone - Site12_F_FT2
[08:11:29] [Rear Rack] Init - InitialDone - Site24_R_FT1
[08:11:29] [Front Rack] Init - InitialDone - Site13_F_FT3
[08:11:29] [Rear Rack] Init - InitialDone - Site25_R_FT2
[08:11:29] [Rear Rack] Init - InitialDone - Site26_R_FT3
[08:11:29] [Front Rack] Init - InitialDone - Site1_F_DT1
[08:11:29] [Rear Rack] Init - InitialDone - Site14_R_DT1
[08:11:29] [Front Rack] Init - InitialDone - Site2_F_DT2
[08:11:29] [Rear Rack] Init - InitialDone - Site15_R_DT2
[08:11:29] [Front Rack] Init - InitialDone - Site3_F_DT3
[08:11:29] [Rear Rack] Init - InitialDone - Site16_R_DT3
[08:11:29] [Front Rack] Init - InitialDone - Site4_F_DT4
[08:11:29] [Rear Rack] Init - InitialDone - Site17_R_DT4
[08:11:29] [Front Rack] Init - InitialDone - Site5_F_DT5
[08:11:29] [Rear Rack] Init - InitialDone - Site18_R_DT5
[08:11:29] [Front Rack] Init - InitialDone - Site6_F_DT6
[08:11:29] [Rear Rack] Init - InitialDone - Site19_R_DT6
[08:11:29] [Front Rack] Init - InitialDone - Site7_F_DT7
[08:11:29] [Rear Rack] Init - InitialDone - Site20_R_DT7
[08:11:29] [Front Rack] Init - InitialDone - Site8_F_DT8
[08:11:29] [Rear Rack] Init - InitialDone - Site21_R_DT8
[08:11:29] [Front Rack] Init - InitialDone - Site9_F_DT9
[08:11:29] [Rear Rack] Init - InitialDone - Site22_R_DT9
[08:11:29] [Front Rack] Init - InitialDone - Site10_F_DT10_FT4
[08:11:29] [Rear Rack] Init - InitialDone - Site23_R_DT10_FT4
[08:11:29] [Front Rack] Init - InitialDone - Site11_F_FT1
[08:11:29] [Rear Rack] Init - InitialDone - Site24_R_FT1
[08:11:29] [Front Rack] Init - InitialDone - Site12_F_FT2
[08:11:29] [Rear Rack] Init - InitialDone - Site25_R_FT2
[08:11:29] [Front Rack] Init - InitialDone - Site13_F_FT3
[08:11:29] [Rear Rack] Init - InitialDone - Site26_R_FT3
[08:11:29] [Front Rack] Init - InitialDone - Site1_F_DT1
[08:11:29] [Rear Rack] Init - InitialDone - Site14_R_DT1
[08:11:29] [Front Rack] Init - InitialDone - Site2_F_DT2
[08:11:29] [Rear Rack] Init - InitialDone - Site15_R_DT2
[08:11:29] [Front Rack] Init - InitialDone - Site3_F_DT3
[08:11:29] [Rear Rack] Init - InitialDone - Site16_R_DT3
[08:11:29] [Front Rack] Init - InitialDone - Site4_F_DT4
[08:11:29] [Rear Rack] Init - InitialDone - Site17_R_DT4
[08:11:29] [Front Rack] Init - InitialDone - Site5_F_DT5
[08:11:29] [Rear Rack] Init - InitialDone - Site18_R_DT5
[08:11:29] [Front Rack] Init - InitialDone - Site6_F_DT6
[08:11:29] [Rear Rack] Init - InitialDone - Site19_R_DT6
[08:11:29] [Front Rack] Init - InitialDone - Site7_F_DT7
[08:11:29] [Rear Rack] Init - InitialDone - Site20_R_DT7
[08:11:29] [Front Rack] Init - InitialDone - Site8_F_DT8
[08:11:29] [Rear Rack] Init - InitialDone - Site21_R_DT8
[08:11:29] [Front Rack] Init - InitialDone - Site9_F_DT9
[08:11:29] [Rear Rack] Init - InitialDone - Site22_R_DT9
[08:11:29] [Front Rack] Init - InitialDone - Site10_F_DT10_FT4
[08:11:29] [Rear Rack] Init - InitialDone - Site23_R_DT10_FT4
[08:11:29] [Front Rack] Init - InitialDone - Site11_F_FT1
[08:11:29] [Rear Rack] Init - InitialDone - Site24_R_FT1
[08:11:29] [Front Rack] Init - InitialDone - Site12_F_FT2
[08:11:29] [Rear Rack] Init - InitialDone - Site25_R_FT2
[08:11:29] [Front Rack] Init - InitialDone - Site13_F_FT3
[08:11:29] [Rear Rack] Init - InitialDone - Site26_R_FT3
[08:11:29] [Front Rack] Init - InitialDone - Site1_F_DT1
[08:11:29] [Rear Rack] Init - InitialDone - Site14_R_DT1
[08:11:29] [Front Rack] Init - InitialDone - Site2_F_DT2
[08:11:29] [Rear Rack] Init - InitialDone - Site15_R_DT2
[08:11:29] [Front Rack] Init - InitialDone - Site3_F_DT3
[08:11:29] [Rear Rack] Init - InitialDone - Site16_R_DT3
[08:11:29] [Front Rack] Init - InitialDone - Site4_F_DT4
[08:11:29] [Rear Rack] Init - InitialDone - Site17_R_DT4
[08:11:29] [Front Rack] Init - InitialDone - Site5_F_DT5
[08:11:29] [Rear Rack] Init - InitialDone - Site18_R_DT5
[08:11:29] [Front Rack] Init - InitialDone - Site6_F_DT6
[08:11:29] [Rear Rack] Init - InitialDone - Site19_R_DT6
[08:11:29] [Front Rack] Init - InitialDone - Site7_F_DT7
[08:11:29] [Rear Rack] Init - InitialDone - Site20_R_DT7
[08:11:29] [Front Rack] Init - InitialDone - Site8_F_DT8
[08:11:29] [Rear Rack] Init - InitialDone - Site21_R_DT8
[08:11:29] [Front Rack] Init - InitialDone - Site9_F_DT9
[08:11:29] [Rear Rack] Init - InitialDone - Site22_R_DT9
[08:11:29] [Front Rack] Init - InitialDone - Site10_F_DT10_FT4
[08:11:29] [Rear Rack] Init - InitialDone - Site23_R_DT10_FT4
[08:11:29] [Front Rack] Init - InitialDone - Site11_F_FT1
[08:11:29] [Rear Rack] Init - InitialDone - Site24_R_FT1
[08:11:29] [Front Rack] Init - InitialDone - Site12_F_FT2
[08:11:29] [Rear Rack] Init - InitialDone - Site25_R_FT2
[08:11:29] [Front Rack] Init - InitialDone - Site13_F_FT3
[08:11:29] [Rear Rack] Init - InitialDone - Site26_R_FT3
[08:11:29] [Front Rack] Init - InitialDone - Site1_F_DT1
[08:11:29] [Rear Rack] Init - InitialDone - Site14_R_DT1
[08:11:29] [Front Rack] Init - InitialDone - Site2_F_DT2
[08:11:29] [Rear Rack] Init - InitialDone - Site15_R_DT2
[08:11:29] [Front Rack] Init - InitialDone - Site3_F_DT3
[08:11:29] [Rear Rack] Init - InitialDone - Site16_R_DT3
[08:11:29] [Front Rack] Init - InitialDone - Site4_F_DT4
[08:11:29] [Rear Rack] Init - InitialDone - Site17_R_DT4
[08:11:29] [Front Rack] Init - InitialDone - Site5_F_DT5
[08:11:29] [Rear Rack] Init - InitialDone - Site18_R_DT5
[08:11:29] [Front Rack] Init - InitialDone - Site6_F_DT6
[08:11:29] [Rear Rack] Init - InitialDone - Site19_R_DT6
[08:11:29] [Front Rack] Init - InitialDone - Site7_F_DT7
[08:11:29] [Rear Rack] Init - InitialDone - Site20_R_DT7
[08:11:29] [Front Rack] Init - InitialDone - Site8_F_DT8
[08:11:29] [Rear Rack] Init - InitialDone - Site21_R_DT8
[08:11:29] [Front Rack] Init - InitialDone - Site9_F_DT9
[08:11:29] [Rear Rack] Init - InitialDone - Site22_R_DT9
[08:11:29] [Front Rack] Init - InitialDone - Site10_F_DT10_FT4
[08:11:29] [Rear Rack] Init - InitialDone - Site23_R_DT10_FT4
[08:11:29] [Front Rack] Init - InitialDone - Site11_F_FT1
[08:11:29] [Rear Rack] Init - InitialDone - Site24_R_FT1
[08:11:29] [Front Rack] Init - InitialDone - Site12_F_FT2
[08:11:29] [Rear Rack] Init - InitialDone - Site25_R_FT2
[08:11:29] [Front Rack] Init - InitialDone - Site13_F_FT3
[08:11:29] [Rear Rack] Init - InitialDone - Site26_R_FT3
[08:11:29] [Front Rack] Init - InitialDone - Site1_F_DT1
[08:11:29] [Rear Rack] Init - InitialDone - Site14_R_DT1
[08:11:29] [Front Rack] Init - InitialDone - Site2_F_DT2
[08:11:29] [Rear Rack] Init - InitialDone - Site15_R_DT2
[08:11:29] [Front Rack] Init - InitialDone - Site3_F_DT3
[08:11:29] [Rear Rack] Init - InitialDone - Site16_R_DT3
[08:11:29] [Front Rack] Init - InitialDone - Site4_F_DT4
[08:11:29] [Rear Rack] Init - InitialDone - Site17_R_DT4
[08:11:29] [Front Rack] Init - InitialDone - Site5_F_DT5
[08:11:29] [Rear Rack] Init - InitialDone - Site18_R_DT5
[08:11:29] [Front Rack] Init - InitialDone - Site6_F_DT6
[08:11:29] [Rear Rack] Init - InitialDone - Site19_R_DT6
[08:11:29] [Front Rack] Init - InitialDone - Site7_F_DT7
[08:11:29] [Rear Rack] Init - InitialDone - Site20_R_DT7
[08:11:29] [Front Rack] Init - InitialDone - Site8_F_DT8
[08:11:29] [Rear Rack] Init - InitialDone - Site21_R_DT8
[08:11:29] [Front Rack] Init - InitialDone - Site9_F_DT9
[08:11:29] [Rear Rack] Init - InitialDone - Site22_R_DT9
[08:11:29] [Front Rack] Init - InitialDone - Site10_F_DT10_FT4
[08:11:29] [Rear Rack] Init - InitialDone - Site23_R_DT10_FT4
[08:11:29] [Front Rack] Init - InitialDone - Site11_F_FT1
[08:11:29] [Rear Rack] Init - InitialDone - Site24_R_FT1
[08:11:29] [Front Rack] Init - InitialDone - Site12_F_FT2
[08:11:29] [Rear Rack] Init - InitialDone - Site25_R_FT2
[08:11:29] [Front Rack] Init - InitialDone - Site13_F_FT3
[08:11:29] [Rear Rack] Init - InitialDone - Site26_R_FT3
[08:11:29] [Front Rack] Init - InitialDone - Site1_F_DT1
[08:11:29] [Rear Rack] Init - InitialDone - Site14_R_DT1
[08:11:29] [Front Rack] Init - InitialDone - Site2_F_DT2
[08:11:29] [Rear Rack] Init - InitialDone - Site15_R_DT2
[08:11:29] [Front Rack] Init - InitialDone - Site3_F_DT3
[08:11:29] [Rear Rack] Init - InitialDone - Site16_R_DT3
[08:11:29] [Front Rack] Init - InitialDone - Site4_F_DT4
[08:11:29] [Rear Rack] Init - InitialDone - Site17_R_DT4
[08:11:29] [Front Rack] Init - InitialDone - Site5_F_DT5
[08:11:29] [Rear Rack] Init - InitialDone - Site18_R_DT5
[08:11:29] [Front Rack] Init - InitialDone - Site6_F_DT6
[08:11:29] [Rear Rack] Init - InitialDone - Site19_R_DT6
[08:11:29] [Front Rack] Init - InitialDone - Site7_F_DT7
[08:11:29] [Rear Rack] Init - InitialDone - Site20_R_DT7
[08:11:29] [Front Rack] Init - InitialDone - Site8_F_DT8
[08:11:29] [Rear Rack] Init - InitialDone - Site21_R_DT8
[08:11:29] [Front Rack] Init - InitialDone - Site9_F_DT9
[08:11:29] [Rear Rack] Init - InitialDone - Site22_R_DT9
[08:11:29] [Front Rack] Init - InitialDone - Site10_F_DT10_FT4
[08:11:29] [Rear Rack] Init - InitialDone - Site23_R_DT10_FT4
[08:11:29] [Front Rack] Init - InitialDone - Site11_F_FT1
[08:11:29] [Rear Rack] Init - InitialDone - Site24_R_FT1
[08:11:29] [Front Rack] Init - InitialDone - Site12_F_FT2
[08:11:29] [Rear Rack] Init - InitialDone - Site25_R_FT2
[08:11:29] [Front Rack] Init - InitialDone - Site13_F_FT3
[08:11:30] [Rear Rack] Init - InitialDone - Site26_R_FT3
[08:11:30] [Front Rack] Init - InitialDone - Site1_F_DT1
[08:11:30] [Rear Rack] Init - InitialDone - Site14_R_DT1
[08:11:30] [Front Rack] Init - InitialDone - Site2_F_DT2
[08:11:30] [Rear Rack] Init - InitialDone - Site15_R_DT2
[08:11:30] [Front Rack] Init - InitialDone - Site3_F_DT3
[08:11:30] [Rear Rack] Init - InitialDone - Site16_R_DT3
[08:11:30] [Front Rack] Init - InitialDone - Site4_F_DT4
[08:11:30] [Rear Rack] Init - InitialDone - Site17_R_DT4
[08:11:30] [Front Rack] Init - InitialDone - Site5_F_DT5
[08:11:30] [Rear Rack] Init - InitialDone - Site18_R_DT5
[08:11:30] [Front Rack] Init - InitialDone - Site6_F_DT6
[08:11:30] [Rear Rack] Init - InitialDone - Site19_R_DT6
[08:11:30] [Front Rack] Init - InitialDone - Site7_F_DT7
[08:11:30] [Rear Rack] Init - InitialDone - Site20_R_DT7
[08:11:30] [Front Rack] Init - InitialDone - Site8_F_DT8
[08:11:30] [Rear Rack] Init - InitialDone - Site21_R_DT8
[08:11:30] [Front Rack] Init - InitialDone - Site9_F_DT9
[08:11:30] [Rear Rack] Init - InitialDone - Site22_R_DT9
[08:11:30] [Front Rack] Init - InitialDone - Site10_F_DT10_FT4
[08:11:30] [Rear Rack] Init - InitialDone - Site23_R_DT10_FT4
[08:11:30] [Front Rack] Init - InitialDone - Site11_F_FT1
[08:11:30] [Rear Rack] Init - InitialDone - Site24_R_FT1
[08:11:30] [Front Rack] Init - InitialDone - Site12_F_FT2
[08:11:30] [Rear Rack] Init - InitialDone - Site25_R_FT2
[08:11:30] [Front Rack] Init - InitialDone - Site13_F_FT3
[08:11:30] [Rear Rack] Init - InitialDone - Site26_R_FT3
[08:11:30] [Front Rack] Init - InitialDone - Site1_F_DT1
[08:11:30] [Rear Rack] Init - InitialDone - Site14_R_DT1
[08:11:30] [Front Rack] Init - InitialDone - Site2_F_DT2
[08:11:30] [Rear Rack] Init - InitialDone - Site15_R_DT2
[08:11:30] [Front Rack] Init - InitialDone - Site3_F_DT3
[08:11:30] [Rear Rack] Init - InitialDone - Site16_R_DT3
[08:11:30] [Front Rack] Init - InitialDone - Site4_F_DT4
[08:11:30] [Rear Rack] Init - InitialDone - Site17_R_DT4
[08:11:30] [Front Rack] Init - InitialDone - Site5_F_DT5
[08:11:30] [Rear Rack] Init - InitialDone - Site18_R_DT5
[08:11:30] [Front Rack] Init - InitialDone - Site6_F_DT6
[08:11:30] [Rear Rack] Init - InitialDone - Site19_R_DT6
[08:11:30] [Front Rack] Init - InitialDone - Site7_F_DT7
[08:11:30] [Rear Rack] Init - InitialDone - Site20_R_DT7
[08:11:30] [Front Rack] Init - InitialDone - Site8_F_DT8
[08:11:30] [Rear Rack] Init - InitialDone - Site21_R_DT8
[08:11:30] [Front Rack] Init - InitialDone - Site9_F_DT9
[08:11:30] [Rear Rack] Init - InitialDone - Site22_R_DT9
[08:11:30] [Front Rack] Init - InitialDone - Site10_F_DT10_FT4
[08:11:30] [Rear Rack] Init - InitialDone - Site23_R_DT10_FT4
[08:11:30] [Front Rack] Init - InitialDone - Site11_F_FT1
[08:11:30] [Rear Rack] Init - InitialDone - Site24_R_FT1
[08:11:30] [Front Rack] Init - InitialDone - Site12_F_FT2
[08:11:30] [Rear Rack] Init - InitialDone - Site25_R_FT2
[08:11:30] [Front Rack] Init - InitialDone - Site13_F_FT3
[08:11:30] [Rear Rack] Init - InitialDone - Site26_R_FT3
[08:11:30] [Front Rack] Init - InitialDone - Site1_F_DT1
[08:11:30] [Front Rack] Init - InitialDone - Site2_F_DT2
[08:11:30] [Rear Rack] Init - InitialDone - Site14_R_DT1
[08:11:30] [Front Rack] Init - InitialDone - Site3_F_DT3
[08:11:30] [Rear Rack] Init - InitialDone - Site15_R_DT2
[08:11:30] [Front Rack] Init - InitialDone - Site4_F_DT4
[08:11:30] [Rear Rack] Init - InitialDone - Site16_R_DT3
[08:11:30] [Front Rack] Init - InitialDone - Site5_F_DT5
[08:11:30] [Rear Rack] Init - InitialDone - Site17_R_DT4
[08:11:30] [Front Rack] Init - InitialDone - Site6_F_DT6
[08:11:30] [Rear Rack] Init - InitialDone - Site18_R_DT5
[08:11:30] [Front Rack] Init - InitialDone - Site7_F_DT7
[08:11:30] [Rear Rack] Init - InitialDone - Site19_R_DT6
[08:11:30] [Front Rack] Init - InitialDone - Site8_F_DT8
[08:11:30] [Rear Rack] Init - InitialDone - Site20_R_DT7
[08:11:30] [Front Rack] Init - InitialDone - Site9_F_DT9
[08:11:30] [Rear Rack] Init - InitialDone - Site21_R_DT8
[08:11:30] [Front Rack] Init - InitialDone - Site10_F_DT10_FT4
[08:11:30] [Rear Rack] Init - InitialDone - Site22_R_DT9
[08:11:30] [Front Rack] Init - InitialDone - Site11_F_FT1
[08:11:30] [Rear Rack] Init - InitialDone - Site23_R_DT10_FT4
[08:11:30] [Front Rack] Init - InitialDone - Site12_F_FT2
[08:11:30] [Rear Rack] Init - InitialDone - Site24_R_FT1
[08:11:30] [Front Rack] Init - InitialDone - Site13_F_FT3
[08:11:30] [Rear Rack] Init - InitialDone - Site25_R_FT2
[08:11:30] [Rear Rack] Init - InitialDone - Site26_R_FT3
[08:11:30] [Front Rack] Init - InitialDone - Site1_F_DT1
[08:11:30] [Rear Rack] Init - InitialDone - Site14_R_DT1
[08:11:30] [Front Rack] Init - InitialDone - Site2_F_DT2
[08:11:30] [Rear Rack] Init - InitialDone - Site15_R_DT2
[08:11:30] [Front Rack] Init - InitialDone - Site3_F_DT3
[08:11:30] [Rear Rack] Init - InitialDone - Site16_R_DT3
[08:11:30] [Front Rack] Init - InitialDone - Site4_F_DT4
[08:11:30] [Rear Rack] Init - InitialDone - Site17_R_DT4
[08:11:30] [Front Rack] Init - InitialDone - Site5_F_DT5
[08:11:30] [Rear Rack] Init - InitialDone - Site18_R_DT5
[08:11:30] [Front Rack] Init - InitialDone - Site6_F_DT6
[08:11:30] [Rear Rack] Init - InitialDone - Site19_R_DT6
[08:11:30] [Front Rack] Init - InitialDone - Site7_F_DT7
[08:11:30] [Rear Rack] Init - InitialDone - Site20_R_DT7
[08:11:30] [Front Rack] Init - InitialDone - Site8_F_DT8
[08:11:30] [Rear Rack] Init - InitialDone - Site21_R_DT8
[08:11:30] [Front Rack] Init - InitialDone - Site9_F_DT9
[08:11:30] [Rear Rack] Init - InitialDone - Site22_R_DT9
[08:11:30] [Front Rack] Init - InitialDone - Site10_F_DT10_FT4
[08:11:30] [Rear Rack] Init - InitialDone - Site23_R_DT10_FT4
[08:11:30] [Front Rack] Init - InitialDone - Site11_F_FT1
[08:11:30] [Rear Rack] Init - InitialDone - Site24_R_FT1
[08:11:30] [Front Rack] Init - InitialDone - Site12_F_FT2
[08:11:30] [Rear Rack] Init - InitialDone - Site25_R_FT2
[08:11:30] [Front Rack] Init - InitialDone - Site13_F_FT3
[08:11:30] [Rear Rack] Init - InitialDone - Site26_R_FT3
[08:11:30] [Front Rack] Init - InitialDone - Site1_F_DT1
[08:11:30] [Rear Rack] Init - InitialDone - Site14_R_DT1
[08:11:30] [Front Rack] Init - InitialDone - Site2_F_DT2
[08:11:30] [Rear Rack] Init - InitialDone - Site15_R_DT2
[08:11:30] [Front Rack] Init - InitialDone - Site3_F_DT3
[08:11:30] [Rear Rack] Init - InitialDone - Site16_R_DT3
[08:11:30] [Front Rack] Init - InitialDone - Site4_F_DT4
[08:11:30] [Rear Rack] Init - InitialDone - Site17_R_DT4
[08:11:30] [Front Rack] Init - InitialDone - Site5_F_DT5
[08:11:30] [Rear Rack] Init - InitialDone - Site18_R_DT5
[08:11:30] [Front Rack] Init - InitialDone - Site6_F_DT6
[08:11:30] [Rear Rack] Init - InitialDone - Site19_R_DT6
[08:11:30] [Front Rack] Init - InitialDone - Site7_F_DT7
[08:11:30] [Rear Rack] Init - InitialDone - Site20_R_DT7
[08:11:30] [Front Rack] Init - InitialDone - Site8_F_DT8
[08:11:30] [Rear Rack] Init - InitialDone - Site21_R_DT8
[08:11:30] [Front Rack] Init - InitialDone - Site9_F_DT9
[08:11:30] [Rear Rack] Init - InitialDone - Site22_R_DT9
[08:11:30] [Front Rack] Init - InitialDone - Site10_F_DT10_FT4
[08:11:30] [Rear Rack] Init - InitialDone - Site23_R_DT10_FT4
[08:11:30] [Front Rack] Init - InitialDone - Site11_F_FT1
[08:11:30] [Rear Rack] Init - InitialDone - Site24_R_FT1
[08:11:30] [Front Rack] Init - InitialDone - Site12_F_FT2
[08:11:30] [Rear Rack] Init - InitialDone - Site25_R_FT2
[08:11:30] [Front Rack] Init - InitialDone - Site13_F_FT3
[08:11:30] [Rear Rack] Init - InitialDone - Site26_R_FT3
[08:11:30] [Front Rack] Init - InitialDone - Site1_F_DT1
[08:11:30] [Rear Rack] Init - InitialDone - Site14_R_DT1
[08:11:30] [Front Rack] Init - InitialDone - Site2_F_DT2
[08:11:30] [Rear Rack] Init - InitialDone - Site15_R_DT2
[08:11:30] [Front Rack] Init - InitialDone - Site3_F_DT3
[08:11:30] [Rear Rack] Init - InitialDone - Site16_R_DT3
[08:11:30] [Front Rack] Init - InitialDone - Site4_F_DT4
[08:11:30] [Rear Rack] Init - InitialDone - Site17_R_DT4
[08:11:30] [Front Rack] Init - InitialDone - Site5_F_DT5
[08:11:30] [Rear Rack] Init - InitialDone - Site18_R_DT5
[08:11:30] [Front Rack] Init - InitialDone - Site6_F_DT6
[08:11:30] [Rear Rack] Init - InitialDone - Site19_R_DT6
[08:11:30] [Front Rack] Init - InitialDone - Site7_F_DT7
[08:11:30] [Rear Rack] Init - InitialDone - Site20_R_DT7
[08:11:30] [Front Rack] Init - InitialDone - Site8_F_DT8
[08:11:30] [Rear Rack] Init - InitialDone - Site21_R_DT8
[08:11:30] [Front Rack] Init - InitialDone - Site9_F_DT9
[08:11:30] [Rear Rack] Init - InitialDone - Site22_R_DT9
[08:11:30] [Front Rack] Init - InitialDone - Site10_F_DT10_FT4
[08:11:30] [Rear Rack] Init - InitialDone - Site23_R_DT10_FT4
[08:11:30] [Front Rack] Init - InitialDone - Site11_F_FT1
[08:11:30] [Rear Rack] Init - InitialDone - Site24_R_FT1
[08:11:30] [Front Rack] Init - InitialDone - Site12_F_FT2
[08:11:30] [Rear Rack] Init - InitialDone - Site25_R_FT2
[08:11:30] [Front Rack] Init - InitialDone - Site13_F_FT3
[08:11:30] [Rear Rack] Init - InitialDone - Site26_R_FT3
[08:11:30] [Front Rack] Init - InitialDone - Site1_F_DT1
[08:11:30] [Rear Rack] Init - InitialDone - Site14_R_DT1
[08:11:30] [Front Rack] Init - InitialDone - Site2_F_DT2
[08:11:30] [Rear Rack] Init - InitialDone - Site15_R_DT2
[08:11:30] [Front Rack] Init - InitialDone - Site3_F_DT3
[08:11:30] [Rear Rack] Init - InitialDone - Site16_R_DT3
[08:11:30] [Front Rack] Init - InitialDone - Site4_F_DT4
[08:11:30] [Rear Rack] Init - InitialDone - Site17_R_DT4
[08:11:30] [Front Rack] Init - InitialDone - Site5_F_DT5
[08:11:30] [Rear Rack] Init - InitialDone - Site18_R_DT5
[08:11:30] [Front Rack] Init - InitialDone - Site6_F_DT6
[08:11:30] [Rear Rack] Init - InitialDone - Site19_R_DT6
[08:11:30] [Front Rack] Init - InitialDone - Site7_F_DT7
[08:11:30] [Rear Rack] Init - InitialDone - Site20_R_DT7
[08:11:30] [Front Rack] Init - InitialDone - Site8_F_DT8
[08:11:30] [Rear Rack] Init - InitialDone - Site21_R_DT8
[08:11:30] [Front Rack] Init - InitialDone - Site9_F_DT9
[08:11:30] [Rear Rack] Init - InitialDone - Site22_R_DT9
[08:11:30] [Front Rack] Init - InitialDone - Site10_F_DT10_FT4
[08:11:30] [Rear Rack] Init - InitialDone - Site23_R_DT10_FT4
[08:11:30] [Front Rack] Init - InitialDone - Site11_F_FT1
[08:11:30] [Rear Rack] Init - InitialDone - Site24_R_FT1
[08:11:30] [Front Rack] Init - InitialDone - Site12_F_FT2
[08:11:30] [Rear Rack] Init - InitialDone - Site25_R_FT2
[08:11:30] [Front Rack] Init - InitialDone - Site13_F_FT3
[08:11:30] [Rear Rack] Init - InitialDone - Site26_R_FT3
[08:11:30] [Front Rack] Init - InitialDone - Site1_F_DT1
[08:11:30] [Rear Rack] Init - InitialDone - Site14_R_DT1
[08:11:30] [Front Rack] Init - InitialDone - Site2_F_DT2
[08:11:30] [Rear Rack] Init - InitialDone - Site15_R_DT2
[08:11:30] [Front Rack] Init - InitialDone - Site3_F_DT3
[08:11:30] [Rear Rack] Init - InitialDone - Site16_R_DT3
[08:11:30] [Front Rack] Init - InitialDone - Site4_F_DT4
[08:11:30] [Rear Rack] Init - InitialDone - Site17_R_DT4
[08:11:30] [Front Rack] Init - InitialDone - Site5_F_DT5
[08:11:30] [Rear Rack] Init - InitialDone - Site18_R_DT5
[08:11:30] [Front Rack] Init - InitialDone - Site6_F_DT6
[08:11:30] [Rear Rack] Init - InitialDone - Site19_R_DT6
[08:11:30] [Front Rack] Init - InitialDone - Site7_F_DT7
[08:11:30] [Rear Rack] Init - InitialDone - Site20_R_DT7
[08:11:30] [Front Rack] Init - InitialDone - Site8_F_DT8
[08:11:30] [Rear Rack] Init - InitialDone - Site21_R_DT8
[08:11:30] [Front Rack] Init - InitialDone - Site9_F_DT9
[08:11:30] [Rear Rack] Init - InitialDone - Site22_R_DT9
[08:11:30] [Front Rack] Init - InitialDone - Site10_F_DT10_FT4
[08:11:30] [Rear Rack] Init - InitialDone - Site23_R_DT10_FT4
[08:11:30] [Front Rack] Init - InitialDone - Site11_F_FT1
[08:11:30] [Rear Rack] Init - InitialDone - Site24_R_FT1
[08:11:30] [Front Rack] Init - InitialDone - Site12_F_FT2
[08:11:30] [Rear Rack] Init - InitialDone - Site25_R_FT2
[08:11:30] [Front Rack] Init - InitialDone - Site13_F_FT3
[08:11:30] [Rear Rack] Init - InitialDone - Site26_R_FT3
[08:11:30] [Front Rack] Init - InitialDone - Site1_F_DT1
[08:11:30] [Rear Rack] Init - InitialDone - Site14_R_DT1
[08:11:30] [Front Rack] Init - InitialDone - Site2_F_DT2
[08:11:30] [Rear Rack] Init - InitialDone - Site15_R_DT2
[08:11:30] [Front Rack] Init - InitialDone - Site3_F_DT3
[08:11:30] [Rear Rack] Init - InitialDone - Site16_R_DT3
[08:11:30] [Front Rack] Init - InitialDone - Site4_F_DT4
[08:11:30] [Rear Rack] Init - InitialDone - Site17_R_DT4
[08:11:30] [Front Rack] Init - InitialDone - Site5_F_DT5
[08:11:30] [Rear Rack] Init - InitialDone - Site18_R_DT5
[08:11:30] [Front Rack] Init - InitialDone - Site6_F_DT6
[08:11:30] [Rear Rack] Init - InitialDone - Site19_R_DT6
[08:11:30] [Front Rack] Init - InitialDone - Site7_F_DT7
[08:11:30] [Rear Rack] Init - InitialDone - Site20_R_DT7
[08:11:30] [Front Rack] Init - InitialDone - Site8_F_DT8
[08:11:30] [Rear Rack] Init - InitialDone - Site21_R_DT8
[08:11:30] [Front Rack] Init - InitialDone - Site9_F_DT9
[08:11:30] [Rear Rack] Init - InitialDone - Site22_R_DT9
[08:11:30] [Front Rack] Init - InitialDone - Site10_F_DT10_FT4
[08:11:30] [Rear Rack] Init - InitialDone - Site23_R_DT10_FT4
[08:11:30] [Front Rack] Init - InitialDone - Site11_F_FT1
[08:11:30] [Rear Rack] Init - InitialDone - Site24_R_FT1
[08:11:30] [Front Rack] Init - InitialDone - Site12_F_FT2
[08:11:30] [Rear Rack] Init - InitialDone - Site25_R_FT2
[08:11:30] [Front Rack] Init - InitialDone - Site13_F_FT3
[08:11:30] [Rear Rack] Init - InitialDone - Site26_R_FT3
[08:11:30] [Front Rack] Init - InitialDone - Site1_F_DT1
[08:11:30] [Rear Rack] Init - InitialDone - Site14_R_DT1
[08:11:30] [Front Rack] Init - InitialDone - Site2_F_DT2
[08:11:30] [Rear Rack] Init - InitialDone - Site15_R_DT2
[08:11:30] [Front Rack] Init - InitialDone - Site3_F_DT3
[08:11:30] [Rear Rack] Init - InitialDone - Site16_R_DT3
[08:11:30] [Front Rack] Init - InitialDone - Site4_F_DT4
[08:11:30] [Rear Rack] Init - InitialDone - Site17_R_DT4
[08:11:30] [Front Rack] Init - InitialDone - Site5_F_DT5
[08:11:30] [Rear Rack] Init - InitialDone - Site18_R_DT5
[08:11:30] [Front Rack] Init - InitialDone - Site6_F_DT6
[08:11:30] [Rear Rack] Init - InitialDone - Site19_R_DT6
[08:11:30] [Front Rack] Init - InitialDone - Site7_F_DT7
[08:11:30] [Rear Rack] Init - InitialDone - Site20_R_DT7
[08:11:30] [Front Rack] Init - InitialDone - Site8_F_DT8
[08:11:30] [Rear Rack] Init - InitialDone - Site21_R_DT8
[08:11:30] [Front Rack] Init - InitialDone - Site9_F_DT9
[08:11:30] [Rear Rack] Init - InitialDone - Site22_R_DT9
[08:11:30] [Front Rack] Init - InitialDone - Site10_F_DT10_FT4
[08:11:30] [Rear Rack] Init - InitialDone - Site23_R_DT10_FT4
[08:11:30] [Front Rack] Init - InitialDone - Site11_F_FT1
[08:11:30] [Rear Rack] Init - InitialDone - Site24_R_FT1
[08:11:30] [Front Rack] Init - InitialDone - Site12_F_FT2
[08:11:30] [Rear Rack] Init - InitialDone - Site25_R_FT2
[08:11:30] [Front Rack] Init - InitialDone - Site13_F_FT3
[08:11:30] [Rear Rack] Init - InitialDone - Site26_R_FT3
[08:11:30] [Front Rack] Init - InitialDone - Site1_F_DT1
[08:11:30] [Rear Rack] Init - InitialDone - Site14_R_DT1
[08:11:30] [Front Rack] Init - InitialDone - Site2_F_DT2
[08:11:30] [Rear Rack] Init - InitialDone - Site15_R_DT2
[08:11:30] [Front Rack] Init - InitialDone - Site3_F_DT3
[08:11:30] [Rear Rack] Init - InitialDone - Site16_R_DT3
[08:11:30] [Front Rack] Init - InitialDone - Site4_F_DT4
[08:11:30] [Rear Rack] Init - InitialDone - Site17_R_DT4
[08:11:30] [Front Rack] Init - InitialDone - Site5_F_DT5
[08:11:30] [Rear Rack] Init - InitialDone - Site18_R_DT5
[08:11:30] [Front Rack] Init - InitialDone - Site6_F_DT6
[08:11:30] [Rear Rack] Init - InitialDone - Site19_R_DT6
[08:11:30] [Front Rack] Init - InitialDone - Site7_F_DT7
[08:11:30] [Rear Rack] Init - InitialDone - Site20_R_DT7
[08:11:30] [Front Rack] Init - InitialDone - Site8_F_DT8
[08:11:30] [Rear Rack] Init - InitialDone - Site21_R_DT8
[08:11:30] [Front Rack] Init - InitialDone - Site9_F_DT9
[08:11:30] [Rear Rack] Init - InitialDone - Site22_R_DT9
[08:11:30] [Front Rack] Init - InitialDone - Site10_F_DT10_FT4
[08:11:30] [Rear Rack] Init - InitialDone - Site23_R_DT10_FT4
[08:11:30] [Front Rack] Init - InitialDone - Site11_F_FT1
[08:11:30] [Rear Rack] Init - InitialDone - Site24_R_FT1
[08:11:30] [Front Rack] Init - InitialDone - Site12_F_FT2
[08:11:30] [Rear Rack] Init - InitialDone - Site25_R_FT2
[08:11:30] [Front Rack] Init - InitialDone - Site13_F_FT3
[08:11:30] [Rear Rack] Init - InitialDone - Site26_R_FT3
[08:11:30] [Front Rack] Init - InitialDone - Site1_F_DT1
[08:11:30] [Rear Rack] Init - InitialDone - Site14_R_DT1
[08:11:30] [Front Rack] Init - InitialDone - Site2_F_DT2
[08:11:30] [Rear Rack] Init - InitialDone - Site15_R_DT2
[08:11:30] [Front Rack] Init - InitialDone - Site3_F_DT3
[08:11:30] [Rear Rack] Init - InitialDone - Site16_R_DT3
[08:11:30] [Front Rack] Init - InitialDone - Site4_F_DT4
[08:11:30] [Rear Rack] Init - InitialDone - Site17_R_DT4
[08:11:30] [Front Rack] Init - InitialDone - Site5_F_DT5
[08:11:30] [Rear Rack] Init - InitialDone - Site18_R_DT5
[08:11:30] [Front Rack] Init - InitialDone - Site6_F_DT6
[08:11:30] [Rear Rack] Init - InitialDone - Site19_R_DT6
[08:11:30] [Front Rack] Init - InitialDone - Site7_F_DT7
[08:11:30] [Rear Rack] Init - InitialDone - Site20_R_DT7
[08:11:30] [Front Rack] Init - InitialDone - Site8_F_DT8
[08:11:30] [Rear Rack] Init - InitialDone - Site21_R_DT8
[08:11:30] [Front Rack] Init - InitialDone - Site9_F_DT9
[08:11:30] [Rear Rack] Init - InitialDone - Site22_R_DT9
[08:11:30] [Front Rack] Init - InitialDone - Site10_F_DT10_FT4
[08:11:30] [Rear Rack] Init - InitialDone - Site23_R_DT10_FT4
[08:11:30] [Front Rack] Init - InitialDone - Site11_F_FT1
[08:11:30] [Rear Rack] Init - InitialDone - Site24_R_FT1
[08:11:30] [Front Rack] Init - InitialDone - Site12_F_FT2
[08:11:30] [Rear Rack] Init - InitialDone - Site25_R_FT2
[08:11:30] [Front Rack] Init - InitialDone - Site13_F_FT3
[08:11:30] [Rear Rack] Init - InitialDone - Site26_R_FT3
[08:11:30] [Front Rack] Init - InitialDone - Site1_F_DT1
[08:11:30] [Rear Rack] Init - InitialDone - Site14_R_DT1
[08:11:30] [Front Rack] Init - InitialDone - Site2_F_DT2
[08:11:30] [Rear Rack] Init - InitialDone - Site15_R_DT2
[08:11:30] [Front Rack] Init - InitialDone - Site3_F_DT3
[08:11:30] [Rear Rack] Init - InitialDone - Site16_R_DT3
[08:11:30] [Front Rack] Init - InitialDone - Site4_F_DT4
[08:11:30] [Rear Rack] Init - InitialDone - Site17_R_DT4
[08:11:30] [Front Rack] Init - InitialDone - Site5_F_DT5
[08:11:30] [Rear Rack] Init - InitialDone - Site18_R_DT5
[08:11:30] [Front Rack] Init - InitialDone - Site6_F_DT6
[08:11:30] [Rear Rack] Init - InitialDone - Site19_R_DT6
[08:11:30] [Front Rack] Init - InitialDone - Site7_F_DT7
[08:11:30] [Rear Rack] Init - InitialDone - Site20_R_DT7
[08:11:30] [Front Rack] Init - InitialDone - Site8_F_DT8
[08:11:30] [Rear Rack] Init - InitialDone - Site21_R_DT8
[08:11:30] [Front Rack] Init - InitialDone - Site9_F_DT9
[08:11:30] [Rear Rack] Init - InitialDone - Site22_R_DT9
[08:11:30] [Front Rack] Init - InitialDone - Site10_F_DT10_FT4
[08:11:30] [Rear Rack] Init - InitialDone - Site23_R_DT10_FT4
[08:11:30] [Front Rack] Init - InitialDone - Site11_F_FT1
[08:11:30] [Rear Rack] Init - InitialDone - Site24_R_FT1
[08:11:30] [Front Rack] Init - InitialDone - Site12_F_FT2
[08:11:30] [Rear Rack] Init - InitialDone - Site25_R_FT2
[08:11:30] [Front Rack] Init - InitialDone - Site13_F_FT3
[08:11:30] [Rear Rack] Init - InitialDone - Site26_R_FT3
[08:11:30] [Front Rack] Init - InitialDone - Site1_F_DT1
[08:11:30] [Rear Rack] Init - InitialDone - Site14_R_DT1
[08:11:30] [Front Rack] Init - InitialDone - Site2_F_DT2
[08:11:30] [Rear Rack] Init - InitialDone - Site15_R_DT2
[08:11:30] [Front Rack] Init - InitialDone - Site3_F_DT3
[08:11:30] [Rear Rack] Init - InitialDone - Site16_R_DT3
[08:11:30] [Front Rack] Init - InitialDone - Site4_F_DT4
[08:11:30] [Rear Rack] Init - InitialDone - Site17_R_DT4
[08:11:30] [Front Rack] Init - InitialDone - Site5_F_DT5
[08:11:30] [Rear Rack] Init - InitialDone - Site18_R_DT5
[08:11:30] [Front Rack] Init - InitialDone - Site6_F_DT6
[08:11:30] [Rear Rack] Init - InitialDone - Site19_R_DT6
[08:11:30] [Front Rack] Init - InitialDone - Site7_F_DT7
[08:11:30] [Rear Rack] Init - InitialDone - Site20_R_DT7
[08:11:30] [Front Rack] Init - InitialDone - Site8_F_DT8
[08:11:30] [Rear Rack] Init - InitialDone - Site21_R_DT8
[08:11:30] [Front Rack] Init - InitialDone - Site9_F_DT9
[08:11:30] [Rear Rack] Init - InitialDone - Site22_R_DT9
[08:11:30] [Front Rack] Init - InitialDone - Site10_F_DT10_FT4
[08:11:30] [Rear Rack] Init - InitialDone - Site23_R_DT10_FT4
[08:11:30] [Front Rack] Init - InitialDone - Site11_F_FT1
[08:11:30] [Rear Rack] Init - InitialDone - Site24_R_FT1
[08:11:30] [Front Rack] Init - InitialDone - Site12_F_FT2
[08:11:30] [Rear Rack] Init - InitialDone - Site25_R_FT2
[08:11:30] [Front Rack] Init - InitialDone - Site13_F_FT3
[08:11:30] [Rear Rack] Init - InitialDone - Site26_R_FT3
[08:11:30] [Front Rack] Init - InitialDone - Site1_F_DT1
[08:11:30] [Rear Rack] Init - InitialDone - Site14_R_DT1
[08:11:30] [Front Rack] Init - InitialDone - Site2_F_DT2
[08:11:30] [Rear Rack] Init - InitialDone - Site15_R_DT2
[08:11:30] [Front Rack] Init - InitialDone - Site3_F_DT3
[08:11:30] [Rear Rack] Init - InitialDone - Site16_R_DT3
[08:11:30] [Front Rack] Init - InitialDone - Site4_F_DT4
[08:11:30] [Rear Rack] Init - InitialDone - Site17_R_DT4
[08:11:30] [Front Rack] Init - InitialDone - Site5_F_DT5
[08:11:30] [Rear Rack] Init - InitialDone - Site18_R_DT5
[08:11:30] [Front Rack] Init - InitialDone - Site6_F_DT6
[08:11:30] [Rear Rack] Init - InitialDone - Site19_R_DT6
[08:11:30] [Front Rack] Init - InitialDone - Site7_F_DT7
[08:11:30] [Rear Rack] Init - InitialDone - Site20_R_DT7
[08:11:30] [Front Rack] Init - InitialDone - Site8_F_DT8
[08:11:30] [Rear Rack] Init - InitialDone - Site21_R_DT8
[08:11:30] [Front Rack] Init - InitialDone - Site9_F_DT9
[08:11:30] [Rear Rack] Init - InitialDone - Site22_R_DT9
[08:11:30] [Front Rack] Init - InitialDone - Site10_F_DT10_FT4
[08:11:30] [Rear Rack] Init - InitialDone - Site23_R_DT10_FT4
[08:11:30] [Front Rack] Init - InitialDone - Site11_F_FT1
[08:11:30] [Rear Rack] Init - InitialDone - Site24_R_FT1
[08:11:30] [Front Rack] Init - InitialDone - Site12_F_FT2
[08:11:30] [Rear Rack] Init - InitialDone - Site25_R_FT2
[08:11:30] [Front Rack] Init - InitialDone - Site13_F_FT3
[08:11:30] [Rear Rack] Init - InitialDone - Site26_R_FT3
[08:11:30] [Front Rack] Init - InitialDone - Site1_F_DT1
[08:11:30] [Rear Rack] Init - InitialDone - Site14_R_DT1
[08:11:30] [Front Rack] Init - InitialDone - Site2_F_DT2
[08:11:30] [Rear Rack] Init - InitialDone - Site15_R_DT2
[08:11:30] [Front Rack] Init - InitialDone - Site3_F_DT3
[08:11:30] [Rear Rack] Init - InitialDone - Site16_R_DT3
[08:11:30] [Front Rack] Init - InitialDone - Site4_F_DT4
[08:11:30] [Rear Rack] Init - InitialDone - Site17_R_DT4
[08:11:30] [Front Rack] Init - InitialDone - Site5_F_DT5
[08:11:30] [Rear Rack] Init - InitialDone - Site18_R_DT5
[08:11:30] [Front Rack] Init - InitialDone - Site6_F_DT6
[08:11:30] [Rear Rack] Init - InitialDone - Site19_R_DT6
[08:11:30] [Front Rack] Init - InitialDone - Site7_F_DT7
[08:11:30] [Rear Rack] Init - InitialDone - Site20_R_DT7
[08:11:30] [Front Rack] Init - InitialDone - Site8_F_DT8
[08:11:30] [Rear Rack] Init - InitialDone - Site21_R_DT8
[08:11:30] [Front Rack] Init - InitialDone - Site9_F_DT9
[08:11:30] [Rear Rack] Init - InitialDone - Site22_R_DT9
[08:11:30] [Front Rack] Init - InitialDone - Site10_F_DT10_FT4
[08:11:30] [Rear Rack] Init - InitialDone - Site23_R_DT10_FT4
[08:11:30] [Front Rack] Init - InitialDone - Site11_F_FT1
[08:11:30] [Rear Rack] Init - InitialDone - Site24_R_FT1
[08:11:30] [Front Rack] Init - InitialDone - Site12_F_FT2
[08:11:30] [Rear Rack] Init - InitialDone - Site25_R_FT2
[08:11:30] [Front Rack] Init - InitialDone - Site13_F_FT3
[08:11:30] [Rear Rack] Init - InitialDone - Site26_R_FT3
[08:11:30] [Front Rack] Init - InitialDone - Site1_F_DT1
[08:11:30] [Rear Rack] Init - InitialDone - Site14_R_DT1
[08:11:30] [Front Rack] Init - InitialDone - Site2_F_DT2
[08:11:30] [Rear Rack] Init - InitialDone - Site15_R_DT2
[08:11:30] [Front Rack] Init - InitialDone - Site3_F_DT3
[08:11:30] [Rear Rack] Init - InitialDone - Site16_R_DT3
[08:11:30] [Front Rack] Init - InitialDone - Site4_F_DT4
[08:11:30] [Rear Rack] Init - InitialDone - Site17_R_DT4
[08:11:30] [Front Rack] Init - InitialDone - Site5_F_DT5
[08:11:30] [Rear Rack] Init - InitialDone - Site18_R_DT5
[08:11:30] [Front Rack] Init - InitialDone - Site6_F_DT6
[08:11:30] [Rear Rack] Init - InitialDone - Site19_R_DT6
[08:11:30] [Front Rack] Init - InitialDone - Site7_F_DT7
[08:11:30] [Rear Rack] Init - InitialDone - Site20_R_DT7
[08:11:30] [Front Rack] Init - InitialDone - Site8_F_DT8
[08:11:30] [Rear Rack] Init - InitialDone - Site21_R_DT8
[08:11:30] [Front Rack] Init - InitialDone - Site9_F_DT9
[08:11:30] [Rear Rack] Init - InitialDone - Site22_R_DT9
[08:11:30] [Front Rack] Init - InitialDone - Site10_F_DT10_FT4
[08:11:30] [Rear Rack] Init - InitialDone - Site23_R_DT10_FT4
[08:11:30] [Front Rack] Init - InitialDone - Site11_F_FT1
[08:11:30] [Rear Rack] Init - InitialDone - Site24_R_FT1
[08:11:30] [Front Rack] Init - InitialDone - Site12_F_FT2
[08:11:30] [Rear Rack] Init - InitialDone - Site25_R_FT2
[08:11:30] [Front Rack] Init - InitialDone - Site13_F_FT3
[08:11:30] [Rear Rack] Init - InitialDone - Site26_R_FT3
[08:11:30] [Front Rack] Init - InitialDone - Site1_F_DT1
[08:11:30] [Rear Rack] Init - InitialDone - Site14_R_DT1
[08:11:30] [Front Rack] Init - InitialDone - Site2_F_DT2
[08:11:30] [Rear Rack] Init - InitialDone - Site15_R_DT2
[08:11:30] [Front Rack] Init - InitialDone - Site3_F_DT3
[08:11:30] [Rear Rack] Init - InitialDone - Site16_R_DT3
[08:11:30] [Front Rack] Init - InitialDone - Site4_F_DT4
[08:11:30] [Rear Rack] Init - InitialDone - Site17_R_DT4
[08:11:30] [Front Rack] Init - InitialDone - Site5_F_DT5
[08:11:30] [Rear Rack] Init - InitialDone - Site18_R_DT5
[08:11:30] [Front Rack] Init - InitialDone - Site6_F_DT6
[08:11:30] [Rear Rack] Init - InitialDone - Site19_R_DT6
[08:11:30] [Front Rack] Init - InitialDone - Site7_F_DT7
[08:11:30] [Rear Rack] Init - InitialDone - Site20_R_DT7
[08:11:30] [Front Rack] Init - InitialDone - Site8_F_DT8
[08:11:30] [Rear Rack] Init - InitialDone - Site21_R_DT8
[08:11:30] [Front Rack] Init - InitialDone - Site9_F_DT9
[08:11:30] [Rear Rack] Init - InitialDone - Site22_R_DT9
[08:11:30] [Front Rack] Init - InitialDone - Site10_F_DT10_FT4
[08:11:30] [Rear Rack] Init - InitialDone - Site23_R_DT10_FT4
[08:11:30] [Front Rack] Init - InitialDone - Site11_F_FT1
[08:11:30] [Rear Rack] Init - InitialDone - Site24_R_FT1
[08:11:30] [Front Rack] Init - InitialDone - Site12_F_FT2
[08:11:30] [Rear Rack] Init - InitialDone - Site25_R_FT2
[08:11:30] [Front Rack] Init - InitialDone - Site13_F_FT3
[08:11:30] [Rear Rack] Init - InitialDone - Site26_R_FT3
[08:11:30] [Front Rack] Init - InitialDone - Site1_F_DT1
[08:11:30] [Rear Rack] Init - InitialDone - Site14_R_DT1
[08:11:30] [Front Rack] Init - InitialDone - Site2_F_DT2
[08:11:30] [Rear Rack] Init - InitialDone - Site15_R_DT2
[08:11:30] [Front Rack] Init - InitialDone - Site3_F_DT3
[08:11:30] [Rear Rack] Init - InitialDone - Site16_R_DT3
[08:11:30] [Front Rack] Init - InitialDone - Site4_F_DT4
[08:11:30] [Rear Rack] Init - InitialDone - Site17_R_DT4
[08:11:30] [Front Rack] Init - InitialDone - Site5_F_DT5
[08:11:30] [Rear Rack] Init - InitialDone - Site18_R_DT5
[08:11:30] [Front Rack] Init - InitialDone - Site6_F_DT6
[08:11:30] [Rear Rack] Init - InitialDone - Site19_R_DT6
[08:11:30] [Front Rack] Init - InitialDone - Site7_F_DT7
[08:11:30] [Rear Rack] Init - InitialDone - Site20_R_DT7
[08:11:30] [Front Rack] Init - InitialDone - Site8_F_DT8
[08:11:30] [Rear Rack] Init - InitialDone - Site21_R_DT8
[08:11:30] [Front Rack] Init - InitialDone - Site9_F_DT9
[08:11:30] [Rear Rack] Init - InitialDone - Site22_R_DT9
[08:11:30] [Front Rack] Init - InitialDone - Site10_F_DT10_FT4
[08:11:30] [Rear Rack] Init - InitialDone - Site23_R_DT10_FT4
[08:11:30] [Front Rack] Init - InitialDone - Site11_F_FT1
[08:11:30] [Rear Rack] Init - InitialDone - Site24_R_FT1
[08:11:30] [Front Rack] Init - InitialDone - Site12_F_FT2
[08:11:30] [Rear Rack] Init - InitialDone - Site25_R_FT2
[08:11:30] [Front Rack] Init - InitialDone - Site13_F_FT3
[08:11:30] [Rear Rack] Init - InitialDone - Site26_R_FT3
[08:11:30] [Front Rack] Init - InitialDone - Site1_F_DT1
[08:11:30] [Rear Rack] Init - InitialDone - Site14_R_DT1
[08:11:30] [Front Rack] Init - InitialDone - Site2_F_DT2
[08:11:30] [Rear Rack] Init - InitialDone - Site15_R_DT2
[08:11:30] [Front Rack] Init - InitialDone - Site3_F_DT3
[08:11:30] [Rear Rack] Init - InitialDone - Site16_R_DT3
[08:11:30] [Front Rack] Init - InitialDone - Site4_F_DT4
[08:11:30] [Rear Rack] Init - InitialDone - Site17_R_DT4
[08:11:30] [Front Rack] Init - InitialDone - Site5_F_DT5
[08:11:30] [Rear Rack] Init - InitialDone - Site18_R_DT5
[08:11:30] [Front Rack] Init - InitialDone - Site6_F_DT6
[08:11:30] [Rear Rack] Init - InitialDone - Site19_R_DT6
[08:11:30] [Front Rack] Init - InitialDone - Site7_F_DT7
[08:11:30] [Rear Rack] Init - InitialDone - Site20_R_DT7
[08:11:30] [Front Rack] Init - InitialDone - Site8_F_DT8
[08:11:30] [Rear Rack] Init - InitialDone - Site21_R_DT8
[08:11:30] [Front Rack] Init - InitialDone - Site9_F_DT9
[08:11:30] [Rear Rack] Init - InitialDone - Site22_R_DT9
[08:11:30] [Front Rack] Init - InitialDone - Site10_F_DT10_FT4
[08:11:30] [Rear Rack] Init - InitialDone - Site23_R_DT10_FT4
[08:11:30] [Front Rack] Init - InitialDone - Site11_F_FT1
[08:11:30] [Rear Rack] Init - InitialDone - Site24_R_FT1
[08:11:30] [Front Rack] Init - InitialDone - Site12_F_FT2
[08:11:30] [Rear Rack] Init - InitialDone - Site25_R_FT2
[08:11:30] [Front Rack] Init - InitialDone - Site13_F_FT3
[08:11:30] [Rear Rack] Init - InitialDone - Site26_R_FT3
[08:11:30] [Front Rack] Init - InitialDone - Site1_F_DT1
[08:11:30] [Rear Rack] Init - InitialDone - Site14_R_DT1
[08:11:30] [Front Rack] Init - InitialDone - Site2_F_DT2
[08:11:30] [Rear Rack] Init - InitialDone - Site15_R_DT2
[08:11:30] [Front Rack] Init - InitialDone - Site3_F_DT3
[08:11:30] [Rear Rack] Init - InitialDone - Site16_R_DT3
[08:11:30] [Front Rack] Init - InitialDone - Site4_F_DT4
[08:11:30] [Rear Rack] Init - InitialDone - Site17_R_DT4
[08:11:30] [Front Rack] Init - InitialDone - Site5_F_DT5
[08:11:30] [Rear Rack] Init - InitialDone - Site18_R_DT5
[08:11:30] [Front Rack] Init - InitialDone - Site6_F_DT6
[08:11:30] [Rear Rack] Init - InitialDone - Site19_R_DT6
[08:11:30] [Front Rack] Init - InitialDone - Site7_F_DT7
[08:11:30] [Rear Rack] Init - InitialDone - Site20_R_DT7
[08:11:30] [Front Rack] Init - InitialDone - Site8_F_DT8
[08:11:30] [Rear Rack] Init - InitialDone - Site21_R_DT8
[08:11:30] [Front Rack] Init - InitialDone - Site9_F_DT9
[08:11:30] [Rear Rack] Init - InitialDone - Site22_R_DT9
[08:11:30] [Front Rack] Init - InitialDone - Site10_F_DT10_FT4
[08:11:30] [Rear Rack] Init - InitialDone - Site23_R_DT10_FT4
[08:11:30] [Front Rack] Init - InitialDone - Site11_F_FT1
[08:11:30] [Rear Rack] Init - InitialDone - Site24_R_FT1
[08:11:30] [Front Rack] Init - InitialDone - Site12_F_FT2
[08:11:30] [Rear Rack] Init - InitialDone - Site25_R_FT2
[08:11:30] [Front Rack] Init - InitialDone - Site13_F_FT3
[08:11:30] [Rear Rack] Init - InitialDone - Site26_R_FT3
[08:11:30] [Front Rack] Init - InitialDone - Site1_F_DT1
[08:11:30] [Rear Rack] Init - InitialDone - Site14_R_DT1
[08:11:30] [Front Rack] Init - InitialDone - Site2_F_DT2
[08:11:30] [Rear Rack] Init - InitialDone - Site15_R_DT2
[08:11:30] [Front Rack] Init - InitialDone - Site3_F_DT3
[08:11:30] [Rear Rack] Init - InitialDone - Site16_R_DT3
[08:11:30] [Front Rack] Init - InitialDone - Site4_F_DT4
[08:11:30] [Rear Rack] Init - InitialDone - Site17_R_DT4
[08:11:30] [Front Rack] Init - InitialDone - Site5_F_DT5
[08:11:30] [Rear Rack] Init - InitialDone - Site18_R_DT5
[08:11:30] [Front Rack] Init - InitialDone - Site6_F_DT6
[08:11:31] [Rear Rack] Init - InitialDone - Site19_R_DT6
[08:11:31] [Front Rack] Init - InitialDone - Site7_F_DT7
[08:11:31] [Rear Rack] Init - InitialDone - Site20_R_DT7
[08:11:31] [Front Rack] Init - InitialDone - Site8_F_DT8
[08:11:31] [Rear Rack] Init - InitialDone - Site21_R_DT8
[08:11:31] [Front Rack] Init - InitialDone - Site9_F_DT9
[08:11:31] [Rear Rack] Init - InitialDone - Site22_R_DT9
[08:11:31] [Front Rack] Init - InitialDone - Site10_F_DT10_FT4
[08:11:31] [Rear Rack] Init - InitialDone - Site23_R_DT10_FT4
[08:11:31] [Front Rack] Init - InitialDone - Site11_F_FT1
[08:11:31] [Rear Rack] Init - InitialDone - Site24_R_FT1
[08:11:31] [Front Rack] Init - InitialDone - Site12_F_FT2
[08:11:31] [Rear Rack] Init - InitialDone - Site25_R_FT2
[08:11:31] [Front Rack] Init - InitialDone - Site13_F_FT3
[08:11:31] [Rear Rack] Init - InitialDone - Site26_R_FT3
[08:11:31] [Front Rack] Init - InitialDone - Site1_F_DT1
[08:11:31] [Rear Rack] Init - InitialDone - Site14_R_DT1
[08:11:31] [Front Rack] Init - InitialDone - Site2_F_DT2
[08:11:31] [Rear Rack] Init - InitialDone - Site15_R_DT2
[08:11:31] [Front Rack] Init - InitialDone - Site3_F_DT3
[08:11:31] [Rear Rack] Init - InitialDone - Site16_R_DT3
[08:11:31] [Front Rack] Init - InitialDone - Site4_F_DT4
[08:11:31] [Rear Rack] Init - InitialDone - Site17_R_DT4
[08:11:31] [Front Rack] Init - InitialDone - Site5_F_DT5
[08:11:31] [Rear Rack] Init - InitialDone - Site18_R_DT5
[08:11:31] [Front Rack] Init - InitialDone - Site6_F_DT6
[08:11:31] [Rear Rack] Init - InitialDone - Site19_R_DT6
[08:11:31] [Front Rack] Init - InitialDone - Site7_F_DT7
[08:11:31] [Rear Rack] Init - InitialDone - Site20_R_DT7
[08:11:31] [Front Rack] Init - InitialDone - Site8_F_DT8
[08:11:31] [Rear Rack] Init - InitialDone - Site21_R_DT8
[08:11:31] [Front Rack] Init - InitialDone - Site9_F_DT9
[08:11:31] [Rear Rack] Init - InitialDone - Site22_R_DT9
[08:11:31] [Front Rack] Init - InitialDone - Site10_F_DT10_FT4
[08:11:31] [Rear Rack] Init - InitialDone - Site23_R_DT10_FT4
[08:11:31] [Front Rack] Init - InitialDone - Site11_F_FT1
[08:11:31] [Rear Rack] Init - InitialDone - Site24_R_FT1
[08:11:31] [Front Rack] Init - InitialDone - Site12_F_FT2
[08:11:31] [Rear Rack] Init - InitialDone - Site25_R_FT2
[08:11:31] [Front Rack] Init - InitialDone - Site13_F_FT3
[08:11:31] [Rear Rack] Init - InitialDone - Site26_R_FT3
[08:11:31] [Front Rack] Init - InitialDone - Site1_F_DT1
[08:11:31] [Rear Rack] Init - InitialDone - Site14_R_DT1
[08:11:31] [Front Rack] Init - InitialDone - Site2_F_DT2
[08:11:31] [Rear Rack] Init - InitialDone - Site15_R_DT2
[08:11:31] [Front Rack] Init - InitialDone - Site3_F_DT3
[08:11:31] [Rear Rack] Init - InitialDone - Site16_R_DT3
[08:11:31] [Front Rack] Init - InitialDone - Site4_F_DT4
[08:11:31] [Rear Rack] Init - InitialDone - Site17_R_DT4
[08:11:31] [Front Rack] Init - InitialDone - Site5_F_DT5
[08:11:31] [Rear Rack] Init - InitialDone - Site18_R_DT5
[08:11:31] [Front Rack] Init - InitialDone - Site6_F_DT6
[08:11:31] [Rear Rack] Init - InitialDone - Site19_R_DT6
[08:11:31] [Front Rack] Init - InitialDone - Site7_F_DT7
[08:11:31] [Rear Rack] Init - InitialDone - Site20_R_DT7
[08:11:31] [Front Rack] Init - InitialDone - Site8_F_DT8
[08:11:31] [Rear Rack] Init - InitialDone - Site21_R_DT8
[08:11:31] [Front Rack] Init - InitialDone - Site9_F_DT9
[08:11:31] [Rear Rack] Init - InitialDone - Site22_R_DT9
[08:11:31] [Front Rack] Init - InitialDone - Site10_F_DT10_FT4
[08:11:31] [Rear Rack] Init - InitialDone - Site23_R_DT10_FT4
[08:11:31] [Front Rack] Init - InitialDone - Site11_F_FT1
[08:11:31] [Rear Rack] Init - InitialDone - Site24_R_FT1
[08:11:31] [Front Rack] Init - InitialDone - Site12_F_FT2
[08:11:31] [Rear Rack] Init - InitialDone - Site25_R_FT2
[08:11:31] [Front Rack] Init - InitialDone - Site13_F_FT3
[08:11:31] [Rear Rack] Init - InitialDone - Site26_R_FT3
[08:11:31] [Front Rack] Init - InitialDone - Site1_F_DT1
[08:11:31] [Rear Rack] Init - InitialDone - Site14_R_DT1
[08:11:31] [Front Rack] Init - InitialDone - Site2_F_DT2
[08:11:31] [Rear Rack] Init - InitialDone - Site15_R_DT2
[08:11:31] [Front Rack] Init - InitialDone - Site3_F_DT3
[08:11:31] [Rear Rack] Init - InitialDone - Site16_R_DT3
[08:11:31] [Front Rack] Init - InitialDone - Site4_F_DT4
[08:11:31] [Rear Rack] Init - InitialDone - Site17_R_DT4
[08:11:31] [Front Rack] Init - InitialDone - Site5_F_DT5
[08:11:31] [Rear Rack] Init - InitialDone - Site18_R_DT5
[08:11:31] [Front Rack] Init - InitialDone - Site6_F_DT6
[08:11:31] [Rear Rack] Init - InitialDone - Site19_R_DT6
[08:11:31] [Front Rack] Init - InitialDone - Site7_F_DT7
[08:11:31] [Rear Rack] Init - InitialDone - Site20_R_DT7
[08:11:31] [Front Rack] Init - InitialDone - Site8_F_DT8
[08:11:31] [Rear Rack] Init - InitialDone - Site21_R_DT8
[08:11:31] [Front Rack] Init - InitialDone - Site9_F_DT9
[08:11:31] [Rear Rack] Init - InitialDone - Site22_R_DT9
[08:11:31] [Front Rack] Init - InitialDone - Site10_F_DT10_FT4
[08:11:31] [Rear Rack] Init - InitialDone - Site23_R_DT10_FT4
[08:11:31] [Front Rack] Init - InitialDone - Site11_F_FT1
[08:11:31] [Rear Rack] Init - InitialDone - Site24_R_FT1
[08:11:31] [Front Rack] Init - InitialDone - Site12_F_FT2
[08:11:31] [Rear Rack] Init - InitialDone - Site25_R_FT2
[08:11:31] [Front Rack] Init - InitialDone - Site13_F_FT3
[08:11:31] [Rear Rack] Init - InitialDone - Site26_R_FT3
[08:11:31] [Front Rack] Init - InitialDone - Site1_F_DT1
[08:11:31] [Front Rack] Init - InitialDone - Site2_F_DT2
[08:11:31] [Rear Rack] Init - InitialDone - Site14_R_DT1
[08:11:31] [Front Rack] Init - InitialDone - Site3_F_DT3
[08:11:31] [Rear Rack] Init - InitialDone - Site15_R_DT2
[08:11:31] [Front Rack] Init - InitialDone - Site4_F_DT4
[08:11:31] [Rear Rack] Init - InitialDone - Site16_R_DT3
[08:11:31] [Front Rack] Init - InitialDone - Site5_F_DT5
[08:11:31] [Rear Rack] Init - InitialDone - Site17_R_DT4
[08:11:31] [Front Rack] Init - InitialDone - Site6_F_DT6
[08:11:31] [Rear Rack] Init - InitialDone - Site18_R_DT5
[08:11:31] [Front Rack] Init - InitialDone - Site7_F_DT7
[08:11:31] [Rear Rack] Init - InitialDone - Site19_R_DT6
[08:11:31] [Front Rack] Init - InitialDone - Site8_F_DT8
[08:11:31] [Rear Rack] Init - InitialDone - Site20_R_DT7
[08:11:31] [Front Rack] Init - InitialDone - Site9_F_DT9
[08:11:31] [Rear Rack] Init - InitialDone - Site21_R_DT8
[08:11:31] [Front Rack] Init - InitialDone - Site10_F_DT10_FT4
[08:11:31] [Rear Rack] Init - InitialDone - Site22_R_DT9
[08:11:31] [Front Rack] Init - InitialDone - Site11_F_FT1
[08:11:31] [Rear Rack] Init - InitialDone - Site23_R_DT10_FT4
[08:11:31] [Front Rack] Init - InitialDone - Site12_F_FT2
[08:11:31] [Rear Rack] Init - InitialDone - Site24_R_FT1
[08:11:31] [Front Rack] Init - InitialDone - Site13_F_FT3
[08:11:31] [Rear Rack] Init - InitialDone - Site25_R_FT2
[08:11:31] [Rear Rack] Init - InitialDone - Site26_R_FT3
[08:11:31] [Front Rack] Init - InitialDone - Site1_F_DT1
[08:11:31] [Front Rack] Init - InitialDone - Site2_F_DT2
[08:11:31] [Rear Rack] Init - InitialDone - Site14_R_DT1
[08:11:31] [Front Rack] Init - InitialDone - Site3_F_DT3
[08:11:31] [Rear Rack] Init - InitialDone - Site15_R_DT2
[08:11:31] [Front Rack] Init - InitialDone - Site4_F_DT4
[08:11:31] [Rear Rack] Init - InitialDone - Site16_R_DT3
[08:11:31] [Front Rack] Init - InitialDone - Site5_F_DT5
[08:11:31] [Rear Rack] Init - InitialDone - Site17_R_DT4
[08:11:31] [Front Rack] Init - InitialDone - Site6_F_DT6
[08:11:31] [Rear Rack] Init - InitialDone - Site18_R_DT5
[08:11:31] [Front Rack] Init - InitialDone - Site7_F_DT7
[08:11:31] [Rear Rack] Init - InitialDone - Site19_R_DT6
[08:11:31] [Front Rack] Init - InitialDone - Site8_F_DT8
[08:11:31] [Rear Rack] Init - InitialDone - Site20_R_DT7
[08:11:31] [Front Rack] Init - InitialDone - Site9_F_DT9
[08:11:31] [Rear Rack] Init - InitialDone - Site21_R_DT8
[08:11:31] [Front Rack] Init - InitialDone - Site10_F_DT10_FT4
[08:11:31] [Rear Rack] Init - InitialDone - Site22_R_DT9
[08:11:31] [Front Rack] Init - InitialDone - Site11_F_FT1
[08:11:31] [Rear Rack] Init - InitialDone - Site23_R_DT10_FT4
[08:11:31] [Front Rack] Init - InitialDone - Site12_F_FT2
[08:11:31] [Rear Rack] Init - InitialDone - Site24_R_FT1
[08:11:31] [Front Rack] Init - InitialDone - Site13_F_FT3
[08:11:31] [Rear Rack] Init - InitialDone - Site25_R_FT2
[08:11:31] [Rear Rack] Init - InitialDone - Site26_R_FT3
[08:11:31] [Front Rack] Init - InitialDone - Site1_F_DT1
[08:11:31] [Front Rack] Init - InitialDone - Site2_F_DT2
[08:11:31] [Rear Rack] Init - InitialDone - Site14_R_DT1
[08:11:31] [Front Rack] Init - InitialDone - Site3_F_DT3
[08:11:31] [Rear Rack] Init - InitialDone - Site15_R_DT2
[08:11:31] [Front Rack] Init - InitialDone - Site4_F_DT4
[08:11:31] [Rear Rack] Init - InitialDone - Site16_R_DT3
[08:11:31] [Front Rack] Init - InitialDone - Site5_F_DT5
[08:11:31] [Rear Rack] Init - InitialDone - Site17_R_DT4
[08:11:31] [Front Rack] Init - InitialDone - Site6_F_DT6
[08:11:31] [Rear Rack] Init - InitialDone - Site18_R_DT5
[08:11:31] [Front Rack] Init - InitialDone - Site7_F_DT7
[08:11:31] [Rear Rack] Init - InitialDone - Site19_R_DT6
[08:11:31] [Front Rack] Init - InitialDone - Site8_F_DT8
[08:11:31] [Rear Rack] Init - InitialDone - Site20_R_DT7
[08:11:31] [Front Rack] Init - InitialDone - Site9_F_DT9
[08:11:31] [Rear Rack] Init - InitialDone - Site21_R_DT8
[08:11:31] [Front Rack] Init - InitialDone - Site10_F_DT10_FT4
[08:11:31] [Rear Rack] Init - InitialDone - Site22_R_DT9
[08:11:31] [Front Rack] Init - InitialDone - Site11_F_FT1
[08:11:31] [Rear Rack] Init - InitialDone - Site23_R_DT10_FT4
[08:11:31] [Front Rack] Init - InitialDone - Site12_F_FT2
[08:11:31] [Rear Rack] Init - InitialDone - Site24_R_FT1
[08:11:31] [Front Rack] Init - InitialDone - Site13_F_FT3
[08:11:31] [Rear Rack] Init - InitialDone - Site25_R_FT2
[08:11:31] [Rear Rack] Init - InitialDone - Site26_R_FT3
[08:11:31] [Front Rack] Init - InitialDone - Site1_F_DT1
[08:11:31] [Front Rack] Init - InitialDone - Site2_F_DT2
[08:11:31] [Rear Rack] Init - InitialDone - Site14_R_DT1
[08:11:31] [Front Rack] Init - InitialDone - Site3_F_DT3
[08:11:31] [Rear Rack] Init - InitialDone - Site15_R_DT2
[08:11:31] [Front Rack] Init - InitialDone - Site4_F_DT4
[08:11:31] [Rear Rack] Init - InitialDone - Site16_R_DT3
[08:11:31] [Front Rack] Init - InitialDone - Site5_F_DT5
[08:11:31] [Rear Rack] Init - InitialDone - Site17_R_DT4
[08:11:31] [Front Rack] Init - InitialDone - Site6_F_DT6
[08:11:31] [Rear Rack] Init - InitialDone - Site18_R_DT5
[08:11:31] [Front Rack] Init - InitialDone - Site7_F_DT7
[08:11:31] [Rear Rack] Init - InitialDone - Site19_R_DT6
[08:11:31] [Front Rack] Init - InitialDone - Site8_F_DT8
[08:11:31] [Rear Rack] Init - InitialDone - Site20_R_DT7
[08:11:31] [Front Rack] Init - InitialDone - Site9_F_DT9
[08:11:31] [Rear Rack] Init - InitialDone - Site21_R_DT8
[08:11:31] [Front Rack] Init - InitialDone - Site10_F_DT10_FT4
[08:11:31] [Rear Rack] Init - InitialDone - Site22_R_DT9
[08:11:31] [Front Rack] Init - InitialDone - Site11_F_FT1
[08:11:31] [Rear Rack] Init - InitialDone - Site23_R_DT10_FT4
[08:11:31] [Front Rack] Init - InitialDone - Site12_F_FT2
[08:11:31] [Rear Rack] Init - InitialDone - Site24_R_FT1
[08:11:31] [Front Rack] Init - InitialDone - Site13_F_FT3
[08:11:31] [Rear Rack] Init - InitialDone - Site25_R_FT2
[08:11:31] [Rear Rack] Init - InitialDone - Site26_R_FT3
[08:11:31] [Front Rack] Init - InitialDone - Site1_F_DT1
[08:11:31] [Front Rack] Init - InitialDone - Site2_F_DT2
[08:11:31] [Rear Rack] Init - InitialDone - Site14_R_DT1
[08:11:31] [Front Rack] Init - InitialDone - Site3_F_DT3
[08:11:31] [Rear Rack] Init - InitialDone - Site15_R_DT2
[08:11:31] [Front Rack] Init - InitialDone - Site4_F_DT4
[08:11:31] [Rear Rack] Init - InitialDone - Site16_R_DT3
[08:11:31] [Front Rack] Init - InitialDone - Site5_F_DT5
[08:11:31] [Rear Rack] Init - InitialDone - Site17_R_DT4
[08:11:31] [Front Rack] Init - InitialDone - Site6_F_DT6
[08:11:31] [Rear Rack] Init - InitialDone - Site18_R_DT5
[08:11:31] [Front Rack] Init - InitialDone - Site7_F_DT7
[08:11:31] [Rear Rack] Init - InitialDone - Site19_R_DT6
[08:11:31] [Front Rack] Init - InitialDone - Site8_F_DT8
[08:11:31] [Rear Rack] Init - InitialDone - Site20_R_DT7
[08:11:31] [Front Rack] Init - InitialDone - Site9_F_DT9
[08:11:31] [Rear Rack] Init - InitialDone - Site21_R_DT8
[08:11:31] [Front Rack] Init - InitialDone - Site10_F_DT10_FT4
[08:11:31] [Rear Rack] Init - InitialDone - Site22_R_DT9
[08:11:31] [Front Rack] Init - InitialDone - Site11_F_FT1
[08:11:31] [Rear Rack] Init - InitialDone - Site23_R_DT10_FT4
[08:11:31] [Front Rack] Init - InitialDone - Site12_F_FT2
[08:11:31] [Rear Rack] Init - InitialDone - Site24_R_FT1
[08:11:31] [Front Rack] Init - InitialDone - Site13_F_FT3
[08:11:31] [Rear Rack] Init - InitialDone - Site25_R_FT2
[08:11:31] [Rear Rack] Init - InitialDone - Site26_R_FT3
[08:11:31] [Front Rack] Init - InitialDone - Site1_F_DT1
[08:11:31] [Rear Rack] Init - InitialDone - Site14_R_DT1
[08:11:31] [Front Rack] Init - InitialDone - Site2_F_DT2
[08:11:31] [Rear Rack] Init - InitialDone - Site15_R_DT2
[08:11:31] [Front Rack] Init - InitialDone - Site3_F_DT3
[08:11:31] [Rear Rack] Init - InitialDone - Site16_R_DT3
[08:11:31] [Front Rack] Init - InitialDone - Site4_F_DT4
[08:11:31] [Rear Rack] Init - InitialDone - Site17_R_DT4
[08:11:31] [Front Rack] Init - InitialDone - Site5_F_DT5
[08:11:31] [Rear Rack] Init - InitialDone - Site18_R_DT5
[08:11:31] [Front Rack] Init - InitialDone - Site6_F_DT6
[08:11:31] [Rear Rack] Init - InitialDone - Site19_R_DT6
[08:11:31] [Front Rack] Init - InitialDone - Site7_F_DT7
[08:11:31] [Rear Rack] Init - InitialDone - Site20_R_DT7
[08:11:31] [Front Rack] Init - InitialDone - Site8_F_DT8
[08:11:31] [Rear Rack] Init - InitialDone - Site21_R_DT8
[08:11:31] [Front Rack] Init - InitialDone - Site9_F_DT9
[08:11:31] [Rear Rack] Init - InitialDone - Site22_R_DT9
[08:11:31] [Front Rack] Init - InitialDone - Site10_F_DT10_FT4
[08:11:31] [Rear Rack] Init - InitialDone - Site23_R_DT10_FT4
[08:11:31] [Front Rack] Init - InitialDone - Site11_F_FT1
[08:11:31] [Rear Rack] Init - InitialDone - Site24_R_FT1
[08:11:31] [Front Rack] Init - InitialDone - Site12_F_FT2
[08:11:31] [Rear Rack] Init - InitialDone - Site25_R_FT2
[08:11:31] [Front Rack] Init - InitialDone - Site13_F_FT3
[08:11:31] [Rear Rack] Init - InitialDone - Site26_R_FT3
[08:11:31] [Front Rack] Init - InitialDone - Site1_F_DT1
[08:11:31] [Front Rack] Init - InitialDone - Site2_F_DT2
[08:11:31] [Rear Rack] Init - InitialDone - Site14_R_DT1
[08:11:31] [Front Rack] Init - InitialDone - Site3_F_DT3
[08:11:31] [Rear Rack] Init - InitialDone - Site15_R_DT2
[08:11:31] [Front Rack] Init - InitialDone - Site4_F_DT4
[08:11:31] [Rear Rack] Init - InitialDone - Site16_R_DT3
[08:11:31] [Front Rack] Init - InitialDone - Site5_F_DT5
[08:11:31] [Rear Rack] Init - InitialDone - Site17_R_DT4
[08:11:31] [Front Rack] Init - InitialDone - Site6_F_DT6
[08:11:31] [Rear Rack] Init - InitialDone - Site18_R_DT5
[08:11:31] [Front Rack] Init - InitialDone - Site7_F_DT7
[08:11:31] [Rear Rack] Init - InitialDone - Site19_R_DT6
[08:11:31] [Front Rack] Init - InitialDone - Site8_F_DT8
[08:11:31] [Rear Rack] Init - InitialDone - Site20_R_DT7
[08:11:31] [Front Rack] Init - InitialDone - Site9_F_DT9
[08:11:31] [Rear Rack] Init - InitialDone - Site21_R_DT8
[08:11:31] [Front Rack] Init - InitialDone - Site10_F_DT10_FT4
[08:11:31] [Rear Rack] Init - InitialDone - Site22_R_DT9
[08:11:31] [Front Rack] Init - InitialDone - Site11_F_FT1
[08:11:31] [Rear Rack] Init - InitialDone - Site23_R_DT10_FT4
[08:11:31] [Front Rack] Init - InitialDone - Site12_F_FT2
[08:11:31] [Rear Rack] Init - InitialDone - Site24_R_FT1
[08:11:31] [Front Rack] Init - InitialDone - Site13_F_FT3
[08:11:31] [Rear Rack] Init - InitialDone - Site25_R_FT2
[08:11:31] [Rear Rack] Init - InitialDone - Site26_R_FT3
[08:11:31] [Front Rack] Init - InitialDone - Site1_F_DT1
[08:11:31] [Rear Rack] Init - InitialDone - Site14_R_DT1
[08:11:31] [Front Rack] Init - InitialDone - Site2_F_DT2
[08:11:31] [Rear Rack] Init - InitialDone - Site15_R_DT2
[08:11:31] [Front Rack] Init - InitialDone - Site3_F_DT3
[08:11:31] [Rear Rack] Init - InitialDone - Site16_R_DT3
[08:11:31] [Front Rack] Init - InitialDone - Site4_F_DT4
[08:11:31] [Rear Rack] Init - InitialDone - Site17_R_DT4
[08:11:31] [Front Rack] Init - InitialDone - Site5_F_DT5
[08:11:31] [Rear Rack] Init - InitialDone - Site18_R_DT5
[08:11:31] [Front Rack] Init - InitialDone - Site6_F_DT6
[08:11:31] [Rear Rack] Init - InitialDone - Site19_R_DT6
[08:11:31] [Front Rack] Init - InitialDone - Site7_F_DT7
[08:11:31] [Rear Rack] Init - InitialDone - Site20_R_DT7
[08:11:31] [Front Rack] Init - InitialDone - Site8_F_DT8
[08:11:31] [Rear Rack] Init - InitialDone - Site21_R_DT8
[08:11:31] [Front Rack] Init - InitialDone - Site9_F_DT9
[08:11:31] [Rear Rack] Init - InitialDone - Site22_R_DT9
[08:11:31] [Front Rack] Init - InitialDone - Site10_F_DT10_FT4
[08:11:31] [Rear Rack] Init - InitialDone - Site23_R_DT10_FT4
[08:11:31] [Front Rack] Init - InitialDone - Site11_F_FT1
[08:11:31] [Rear Rack] Init - InitialDone - Site24_R_FT1
[08:11:31] [Front Rack] Init - InitialDone - Site12_F_FT2
[08:11:31] [Rear Rack] Init - InitialDone - Site25_R_FT2
[08:11:31] [Front Rack] Init - InitialDone - Site13_F_FT3
[08:11:31] [Rear Rack] Init - InitialDone - Site26_R_FT3
[08:11:31] [Front Rack] Init - InitialDone - Site1_F_DT1
[08:11:31] [Rear Rack] Init - InitialDone - Site14_R_DT1
[08:11:31] [Front Rack] Init - InitialDone - Site2_F_DT2
[08:11:31] [Rear Rack] Init - InitialDone - Site15_R_DT2
[08:11:31] [Front Rack] Init - InitialDone - Site3_F_DT3
[08:11:31] [Rear Rack] Init - InitialDone - Site16_R_DT3
[08:11:31] [Front Rack] Init - InitialDone - Site4_F_DT4
[08:11:31] [Rear Rack] Init - InitialDone - Site17_R_DT4
[08:11:31] [Front Rack] Init - InitialDone - Site5_F_DT5
[08:11:31] [Rear Rack] Init - InitialDone - Site18_R_DT5
[08:11:31] [Front Rack] Init - InitialDone - Site6_F_DT6
[08:11:31] [Rear Rack] Init - InitialDone - Site19_R_DT6
[08:11:31] [Front Rack] Init - InitialDone - Site7_F_DT7
[08:11:31] [Rear Rack] Init - InitialDone - Site20_R_DT7
[08:11:31] [Front Rack] Init - InitialDone - Site8_F_DT8
[08:11:31] [Rear Rack] Init - InitialDone - Site21_R_DT8
[08:11:31] [Front Rack] Init - InitialDone - Site9_F_DT9
[08:11:31] [Rear Rack] Init - InitialDone - Site22_R_DT9
[08:11:31] [Front Rack] Init - InitialDone - Site10_F_DT10_FT4
[08:11:31] [Rear Rack] Init - InitialDone - Site23_R_DT10_FT4
[08:11:31] [Front Rack] Init - InitialDone - Site11_F_FT1
[08:11:31] [Rear Rack] Init - InitialDone - Site24_R_FT1
[08:11:31] [Front Rack] Init - InitialDone - Site12_F_FT2
[08:11:31] [Rear Rack] Init - InitialDone - Site25_R_FT2
[08:11:31] [Front Rack] Init - InitialDone - Site13_F_FT3
[08:11:31] [Rear Rack] Init - InitialDone - Site26_R_FT3
[08:11:31] [Front Rack] Init - InitialDone - Site1_F_DT1
[08:11:31] [Rear Rack] Init - InitialDone - Site14_R_DT1
[08:11:31] [Front Rack] Init - InitialDone - Site2_F_DT2
[08:11:31] [Rear Rack] Init - InitialDone - Site15_R_DT2
[08:11:31] [Front Rack] Init - InitialDone - Site3_F_DT3
[08:11:31] [Rear Rack] Init - InitialDone - Site16_R_DT3
[08:11:31] [Front Rack] Init - InitialDone - Site4_F_DT4
[08:11:31] [Rear Rack] Init - InitialDone - Site17_R_DT4
[08:11:31] [Front Rack] Init - InitialDone - Site5_F_DT5
[08:11:31] [Rear Rack] Init - InitialDone - Site18_R_DT5
[08:11:31] [Front Rack] Init - InitialDone - Site6_F_DT6
[08:11:31] [Rear Rack] Init - InitialDone - Site19_R_DT6
[08:11:31] [Front Rack] Init - InitialDone - Site7_F_DT7
[08:11:31] [Rear Rack] Init - InitialDone - Site20_R_DT7
[08:11:31] [Front Rack] Init - InitialDone - Site8_F_DT8
[08:11:31] [Rear Rack] Init - InitialDone - Site21_R_DT8
[08:11:31] [Front Rack] Init - InitialDone - Site9_F_DT9
[08:11:31] [Rear Rack] Init - InitialDone - Site22_R_DT9
[08:11:31] [Front Rack] Init - InitialDone - Site10_F_DT10_FT4
[08:11:31] [Rear Rack] Init - InitialDone - Site23_R_DT10_FT4
[08:11:31] [Front Rack] Init - InitialDone - Site11_F_FT1
[08:11:31] [Rear Rack] Init - InitialDone - Site24_R_FT1
[08:11:31] [Front Rack] Init - InitialDone - Site12_F_FT2
[08:11:31] [Rear Rack] Init - InitialDone - Site25_R_FT2
[08:11:31] [Front Rack] Init - InitialDone - Site13_F_FT3
[08:11:31] [Rear Rack] Init - InitialDone - Site26_R_FT3
[08:11:31] [Front Rack] Init - InitialDone - Site1_F_DT1
[08:11:31] [Rear Rack] Init - InitialDone - Site14_R_DT1
[08:11:31] [Front Rack] Init - InitialDone - Site2_F_DT2
[08:11:31] [Rear Rack] Init - InitialDone - Site15_R_DT2
[08:11:31] [Front Rack] Init - InitialDone - Site3_F_DT3
[08:11:31] [Rear Rack] Init - InitialDone - Site16_R_DT3
[08:11:31] [Front Rack] Init - InitialDone - Site4_F_DT4
[08:11:31] [Rear Rack] Init - InitialDone - Site17_R_DT4
[08:11:31] [Front Rack] Init - InitialDone - Site5_F_DT5
[08:11:31] [Rear Rack] Init - InitialDone - Site18_R_DT5
[08:11:31] [OutShuttle] Init Finish
[08:11:31] [Front Rack] Init - InitialDone - Site6_F_DT6
[08:11:31] [Rear Rack] Init - InitialDone - Site19_R_DT6
[08:11:31] [Front Rack] Init - InitialDone - Site7_F_DT7
[08:11:31] [Rear Rack] Init - InitialDone - Site20_R_DT7
[08:11:31] [Front Rack] Init - InitialDone - Site8_F_DT8
[08:11:31] [Rear Rack] Init - InitialDone - Site21_R_DT8
[08:11:31] [Front Rack] Init - InitialDone - Site9_F_DT9
[08:11:31] [Rear Rack] Init - InitialDone - Site22_R_DT9
[08:11:31] [Front Rack] Init - InitialDone - Site10_F_DT10_FT4
[08:11:31] [Rear Rack] Init - InitialDone - Site23_R_DT10_FT4
[08:11:31] [Front Rack] Init - InitialDone - Site11_F_FT1
[08:11:31] [Rear Rack] Init - InitialDone - Site24_R_FT1
[08:11:31] [Front Rack] Init - InitialDone - Site12_F_FT2
[08:11:31] [Rear Rack] Init - InitialDone - Site25_R_FT2
[08:11:31] [Front Rack] Init - InitialDone - Site13_F_FT3
[08:11:31] [Rear Rack] Init - InitialDone - Site26_R_FT3
[08:11:31] [Front Rack] Init - InitialDone - Site1_F_DT1
[08:11:31] [Rear Rack] Init - InitialDone - Site14_R_DT1
[08:11:31] [Front Rack] Init - InitialDone - Site2_F_DT2
[08:11:31] [Rear Rack] Init - InitialDone - Site15_R_DT2
[08:11:31] [Front Rack] Init - InitialDone - Site3_F_DT3
[08:11:31] [Rear Rack] Init - InitialDone - Site16_R_DT3
[08:11:31] [Front Rack] Init - InitialDone - Site4_F_DT4
[08:11:31] [Rear Rack] Init - InitialDone - Site17_R_DT4
[08:11:31] [Front Rack] Init - InitialDone - Site5_F_DT5
[08:11:31] [Rear Rack] Init - InitialDone - Site18_R_DT5
[08:11:31] [Front Rack] Init - InitialDone - Site6_F_DT6
[08:11:31] [Rear Rack] Init - InitialDone - Site19_R_DT6
[08:11:31] [Front Rack] Init - InitialDone - Site7_F_DT7
[08:11:31] [Rear Rack] Init - InitialDone - Site20_R_DT7
[08:11:31] [Front Rack] Init - InitialDone - Site8_F_DT8
[08:11:31] [Rear Rack] Init - InitialDone - Site21_R_DT8
[08:11:31] [Front Rack] Init - InitialDone - Site9_F_DT9
[08:11:31] [Rear Rack] Init - InitialDone - Site22_R_DT9
[08:11:31] [Front Rack] Init - InitialDone - Site10_F_DT10_FT4
[08:11:31] [Rear Rack] Init - InitialDone - Site23_R_DT10_FT4
[08:11:31] [Front Rack] Init - InitialDone - Site11_F_FT1
[08:11:31] [Rear Rack] Init - InitialDone - Site24_R_FT1
[08:11:31] [Front Rack] Init - InitialDone - Site12_F_FT2
[08:11:31] [Rear Rack] Init - InitialDone - Site25_R_FT2
[08:11:31] [Front Rack] Init - InitialDone - Site13_F_FT3
[08:11:31] [Rear Rack] Init - InitialDone - Site26_R_FT3
[08:11:31] [Front Rack] Init - InitialDone - Site1_F_DT1
[08:11:31] [Rear Rack] Init - InitialDone - Site14_R_DT1
[08:11:31] [Front Rack] Init - InitialDone - Site2_F_DT2
[08:11:31] [Rear Rack] Init - InitialDone - Site15_R_DT2
[08:11:31] [Front Rack] Init - InitialDone - Site3_F_DT3
[08:11:31] [Rear Rack] Init - InitialDone - Site16_R_DT3
[08:11:31] [Front Rack] Init - InitialDone - Site4_F_DT4
[08:11:31] [Rear Rack] Init - InitialDone - Site17_R_DT4
[08:11:31] [Front Rack] Init - InitialDone - Site5_F_DT5
[08:11:31] [Rear Rack] Init - InitialDone - Site18_R_DT5
[08:11:31] [Front Rack] Init - InitialDone - Site6_F_DT6
[08:11:31] [Rear Rack] Init - InitialDone - Site19_R_DT6
[08:11:31] [Front Rack] Init - InitialDone - Site7_F_DT7
[08:11:31] [Rear Rack] Init - InitialDone - Site20_R_DT7
[08:11:31] [Front Rack] Init - InitialDone - Site8_F_DT8
[08:11:31] [Rear Rack] Init - InitialDone - Site21_R_DT8
[08:11:31] [Front Rack] Init - InitialDone - Site9_F_DT9
[08:11:31] [Rear Rack] Init - InitialDone - Site22_R_DT9
[08:11:31] [Front Rack] Init - InitialDone - Site10_F_DT10_FT4
[08:11:31] [Rear Rack] Init - InitialDone - Site23_R_DT10_FT4
[08:11:31] [Front Rack] Init - InitialDone - Site11_F_FT1
[08:11:31] [Rear Rack] Init - InitialDone - Site24_R_FT1
[08:11:31] [Front Rack] Init - InitialDone - Site12_F_FT2
[08:11:31] [Rear Rack] Init - InitialDone - Site25_R_FT2
[08:11:31] [Front Rack] Init - InitialDone - Site13_F_FT3
[08:11:31] [Rear Rack] Init - InitialDone - Site26_R_FT3
[08:11:31] [Front Rack] Init - InitialDone - Site1_F_DT1
[08:11:31] [Front Rack] Init - InitialDone - Site2_F_DT2
[08:11:31] [Rear Rack] Init - InitialDone - Site14_R_DT1
[08:11:31] [Front Rack] Init - InitialDone - Site3_F_DT3
[08:11:31] [Rear Rack] Init - InitialDone - Site15_R_DT2
[08:11:31] [Front Rack] Init - InitialDone - Site4_F_DT4
[08:11:31] [Rear Rack] Init - InitialDone - Site16_R_DT3
[08:11:31] [Front Rack] Init - InitialDone - Site5_F_DT5
[08:11:31] [Rear Rack] Init - InitialDone - Site17_R_DT4
[08:11:31] [Front Rack] Init - InitialDone - Site6_F_DT6
[08:11:31] [Rear Rack] Init - InitialDone - Site18_R_DT5
[08:11:31] [Front Rack] Init - InitialDone - Site7_F_DT7
[08:11:31] [Rear Rack] Init - InitialDone - Site19_R_DT6
[08:11:31] [Front Rack] Init - InitialDone - Site8_F_DT8
[08:11:31] [Rear Rack] Init - InitialDone - Site20_R_DT7
[08:11:31] [Front Rack] Init - InitialDone - Site9_F_DT9
[08:11:31] [Rear Rack] Init - InitialDone - Site21_R_DT8
[08:11:31] [Front Rack] Init - InitialDone - Site10_F_DT10_FT4
[08:11:31] [Rear Rack] Init - InitialDone - Site22_R_DT9
[08:11:31] [Front Rack] Init - InitialDone - Site11_F_FT1
[08:11:31] [Rear Rack] Init - InitialDone - Site23_R_DT10_FT4
[08:11:31] [Front Rack] Init - InitialDone - Site12_F_FT2
[08:11:31] [Rear Rack] Init - InitialDone - Site24_R_FT1
[08:11:31] [Front Rack] Init - InitialDone - Site13_F_FT3
[08:11:31] [Rear Rack] Init - InitialDone - Site25_R_FT2
[08:11:31] [Rear Rack] Init - InitialDone - Site26_R_FT3
[08:11:31] [Front Rack] Init - InitialDone - Site1_F_DT1
[08:11:31] [Front Rack] Init - InitialDone - Site2_F_DT2
[08:11:31] [Rear Rack] Init - InitialDone - Site14_R_DT1
[08:11:31] [Front Rack] Init - InitialDone - Site3_F_DT3
[08:11:31] [Rear Rack] Init - InitialDone - Site15_R_DT2
[08:11:31] [Front Rack] Init - InitialDone - Site4_F_DT4
[08:11:31] [Rear Rack] Init - InitialDone - Site16_R_DT3
[08:11:31] [Front Rack] Init - InitialDone - Site5_F_DT5
[08:11:31] [Rear Rack] Init - InitialDone - Site17_R_DT4
[08:11:31] [Front Rack] Init - InitialDone - Site6_F_DT6
[08:11:31] [Rear Rack] Init - InitialDone - Site18_R_DT5
[08:11:31] [Front Rack] Init - InitialDone - Site7_F_DT7
[08:11:31] [Rear Rack] Init - InitialDone - Site19_R_DT6
[08:11:31] [Front Rack] Init - InitialDone - Site8_F_DT8
[08:11:31] [Rear Rack] Init - InitialDone - Site20_R_DT7
[08:11:31] [Front Rack] Init - InitialDone - Site9_F_DT9
[08:11:31] [Rear Rack] Init - InitialDone - Site21_R_DT8
[08:11:31] [Front Rack] Init - InitialDone - Site10_F_DT10_FT4
[08:11:31] [Rear Rack] Init - InitialDone - Site22_R_DT9
[08:11:31] [Front Rack] Init - InitialDone - Site11_F_FT1
[08:11:31] [Rear Rack] Init - InitialDone - Site23_R_DT10_FT4
[08:11:31] [Front Rack] Init - InitialDone - Site12_F_FT2
[08:11:31] [Rear Rack] Init - InitialDone - Site24_R_FT1
[08:11:31] [Front Rack] Init - InitialDone - Site13_F_FT3
[08:11:31] [Rear Rack] Init - InitialDone - Site25_R_FT2
[08:11:31] [Rear Rack] Init - InitialDone - Site26_R_FT3
[08:11:31] [Front Rack] Init - InitialDone - Site1_F_DT1
[08:11:31] [Front Rack] Init - InitialDone - Site2_F_DT2
[08:11:31] [Rear Rack] Init - InitialDone - Site14_R_DT1
[08:11:31] [Front Rack] Init - InitialDone - Site3_F_DT3
[08:11:31] [Rear Rack] Init - InitialDone - Site15_R_DT2
[08:11:31] [Front Rack] Init - InitialDone - Site4_F_DT4
[08:11:31] [Rear Rack] Init - InitialDone - Site16_R_DT3
[08:11:31] [Front Rack] Init - InitialDone - Site5_F_DT5
[08:11:31] [Rear Rack] Init - InitialDone - Site17_R_DT4
[08:11:31] [Front Rack] Init - InitialDone - Site6_F_DT6
[08:11:31] [Rear Rack] Init - InitialDone - Site18_R_DT5
[08:11:31] [Front Rack] Init - InitialDone - Site7_F_DT7
[08:11:31] [Rear Rack] Init - InitialDone - Site19_R_DT6
[08:11:31] [Front Rack] Init - InitialDone - Site8_F_DT8
[08:11:31] [Rear Rack] Init - InitialDone - Site20_R_DT7
[08:11:31] [Front Rack] Init - InitialDone - Site9_F_DT9
[08:11:31] [Rear Rack] Init - InitialDone - Site21_R_DT8
[08:11:31] [Front Rack] Init - InitialDone - Site10_F_DT10_FT4
[08:11:31] [Rear Rack] Init - InitialDone - Site22_R_DT9
[08:11:31] [Front Rack] Init - InitialDone - Site11_F_FT1
[08:11:31] [Rear Rack] Init - InitialDone - Site23_R_DT10_FT4
[08:11:31] [Front Rack] Init - InitialDone - Site12_F_FT2
[08:11:31] [Rear Rack] Init - InitialDone - Site24_R_FT1
[08:11:31] [Front Rack] Init - InitialDone - Site13_F_FT3
[08:11:31] [Rear Rack] Init - InitialDone - Site25_R_FT2
[08:11:31] [Rear Rack] Init - InitialDone - Site26_R_FT3
[08:11:31] [Front Rack] Init - InitialDone - Site1_F_DT1
[08:11:31] [Front Rack] Init - InitialDone - Site2_F_DT2
[08:11:31] [Rear Rack] Init - InitialDone - Site14_R_DT1
[08:11:31] [Front Rack] Init - InitialDone - Site3_F_DT3
[08:11:31] [Rear Rack] Init - InitialDone - Site15_R_DT2
[08:11:31] [Front Rack] Init - InitialDone - Site4_F_DT4
[08:11:31] [Rear Rack] Init - InitialDone - Site16_R_DT3
[08:11:31] [Front Rack] Init - InitialDone - Site5_F_DT5
[08:11:31] [Rear Rack] Init - InitialDone - Site17_R_DT4
[08:11:31] [Front Rack] Init - InitialDone - Site6_F_DT6
[08:11:31] [Rear Rack] Init - InitialDone - Site18_R_DT5
[08:11:31] [Front Rack] Init - InitialDone - Site7_F_DT7
[08:11:31] [Rear Rack] Init - InitialDone - Site19_R_DT6
[08:11:31] [Front Rack] Init - InitialDone - Site8_F_DT8
[08:11:31] [Rear Rack] Init - InitialDone - Site20_R_DT7
[08:11:31] [Front Rack] Init - InitialDone - Site9_F_DT9
[08:11:31] [Rear Rack] Init - InitialDone - Site21_R_DT8
[08:11:31] [Front Rack] Init - InitialDone - Site10_F_DT10_FT4
[08:11:31] [Rear Rack] Init - InitialDone - Site22_R_DT9
[08:11:31] [Front Rack] Init - InitialDone - Site11_F_FT1
[08:11:31] [Rear Rack] Init - InitialDone - Site23_R_DT10_FT4
[08:11:31] [Front Rack] Init - InitialDone - Site12_F_FT2
[08:11:31] [Rear Rack] Init - InitialDone - Site24_R_FT1
[08:11:31] [Front Rack] Init - InitialDone - Site13_F_FT3
[08:11:31] [Rear Rack] Init - InitialDone - Site25_R_FT2
[08:11:31] [Rear Rack] Init - InitialDone - Site26_R_FT3
[08:11:31] [Front Rack] Init - InitialDone - Site1_F_DT1
[08:11:31] [Front Rack] Init - InitialDone - Site2_F_DT2
[08:11:31] [Front Rack] Init - InitialDone - Site3_F_DT3
[08:11:31] [Rear Rack] Init - InitialDone - Site14_R_DT1
[08:11:31] [Front Rack] Init - InitialDone - Site4_F_DT4
[08:11:31] [Rear Rack] Init - InitialDone - Site15_R_DT2
[08:11:31] [Front Rack] Init - InitialDone - Site5_F_DT5
[08:11:31] [Rear Rack] Init - InitialDone - Site16_R_DT3
[08:11:31] [Front Rack] Init - InitialDone - Site6_F_DT6
[08:11:31] [Rear Rack] Init - InitialDone - Site17_R_DT4
[08:11:31] [Front Rack] Init - InitialDone - Site7_F_DT7
[08:11:31] [Rear Rack] Init - InitialDone - Site18_R_DT5
[08:11:31] [Front Rack] Init - InitialDone - Site8_F_DT8
[08:11:31] [Rear Rack] Init - InitialDone - Site19_R_DT6
[08:11:31] [Front Rack] Init - InitialDone - Site9_F_DT9
[08:11:31] [Rear Rack] Init - InitialDone - Site20_R_DT7
[08:11:31] [Front Rack] Init - InitialDone - Site10_F_DT10_FT4
[08:11:31] [Rear Rack] Init - InitialDone - Site21_R_DT8
[08:11:31] [Front Rack] Init - InitialDone - Site11_F_FT1
[08:11:31] [Rear Rack] Init - InitialDone - Site22_R_DT9
[08:11:31] [Front Rack] Init - InitialDone - Site12_F_FT2
[08:11:31] [Rear Rack] Init - InitialDone - Site23_R_DT10_FT4
[08:11:31] [Front Rack] Init - InitialDone - Site13_F_FT3
[08:11:31] [Rear Rack] Init - InitialDone - Site24_R_FT1
[08:11:31] [Rear Rack] Init - InitialDone - Site25_R_FT2
[08:11:31] [Rear Rack] Init - InitialDone - Site26_R_FT3
[08:11:31] [Front Rack] Init - InitialDone - Site1_F_DT1
[08:11:31] [Front Rack] Init - InitialDone - Site2_F_DT2
[08:11:31] [Front Rack] Init - InitialDone - Site3_F_DT3
[08:11:31] [Rear Rack] Init - InitialDone - Site14_R_DT1
[08:11:31] [Front Rack] Init - InitialDone - Site4_F_DT4
[08:11:31] [Rear Rack] Init - InitialDone - Site15_R_DT2
[08:11:31] [Front Rack] Init - InitialDone - Site5_F_DT5
[08:11:31] [Rear Rack] Init - InitialDone - Site16_R_DT3
[08:11:31] [Front Rack] Init - InitialDone - Site6_F_DT6
[08:11:32] [Rear Rack] Init - InitialDone - Site17_R_DT4
[08:11:32] [Front Rack] Init - InitialDone - Site7_F_DT7
[08:11:32] [Rear Rack] Init - InitialDone - Site18_R_DT5
[08:11:32] [Front Rack] Init - InitialDone - Site8_F_DT8
[08:11:32] [Rear Rack] Init - InitialDone - Site19_R_DT6
[08:11:32] [Front Rack] Init - InitialDone - Site9_F_DT9
[08:11:32] [Rear Rack] Init - InitialDone - Site20_R_DT7
[08:11:32] [Front Rack] Init - InitialDone - Site10_F_DT10_FT4
[08:11:32] [Rear Rack] Init - InitialDone - Site21_R_DT8
[08:11:32] [Front Rack] Init - InitialDone - Site11_F_FT1
[08:11:32] [Rear Rack] Init - InitialDone - Site22_R_DT9
[08:11:32] [Front Rack] Init - InitialDone - Site12_F_FT2
[08:11:32] [Rear Rack] Init - InitialDone - Site23_R_DT10_FT4
[08:11:32] [Front Rack] Init - InitialDone - Site13_F_FT3
[08:11:32] [Rear Rack] Init - InitialDone - Site24_R_FT1
[08:11:32] [Rear Rack] Init - InitialDone - Site25_R_FT2
[08:11:32] [Rear Rack] Init - InitialDone - Site26_R_FT3
[08:11:32] [Front Rack] Init - InitialDone - Site1_F_DT1
[08:11:32] [Front Rack] Init - InitialDone - Site2_F_DT2
[08:11:32] [Front Rack] Init - InitialDone - Site3_F_DT3
[08:11:32] [Rear Rack] Init - InitialDone - Site14_R_DT1
[08:11:32] [Front Rack] Init - InitialDone - Site4_F_DT4
[08:11:32] [Rear Rack] Init - InitialDone - Site15_R_DT2
[08:11:32] [Front Rack] Init - InitialDone - Site5_F_DT5
[08:11:32] [Rear Rack] Init - InitialDone - Site16_R_DT3
[08:11:32] [Front Rack] Init - InitialDone - Site6_F_DT6
[08:11:32] [Rear Rack] Init - InitialDone - Site17_R_DT4
[08:11:32] [Front Rack] Init - InitialDone - Site7_F_DT7
[08:11:32] [Rear Rack] Init - InitialDone - Site18_R_DT5
[08:11:32] [Front Rack] Init - InitialDone - Site8_F_DT8
[08:11:32] [Rear Rack] Init - InitialDone - Site19_R_DT6
[08:11:32] [Front Rack] Init - InitialDone - Site9_F_DT9
[08:11:32] [Rear Rack] Init - InitialDone - Site20_R_DT7
[08:11:32] [Front Rack] Init - InitialDone - Site10_F_DT10_FT4
[08:11:32] [Rear Rack] Init - InitialDone - Site21_R_DT8
[08:11:32] [Front Rack] Init - InitialDone - Site11_F_FT1
[08:11:32] [Rear Rack] Init - InitialDone - Site22_R_DT9
[08:11:32] [Front Rack] Init - InitialDone - Site12_F_FT2
[08:11:32] [Rear Rack] Init - InitialDone - Site23_R_DT10_FT4
[08:11:32] [Front Rack] Init - InitialDone - Site13_F_FT3
[08:11:32] [Rear Rack] Init - InitialDone - Site24_R_FT1
[08:11:32] [Rear Rack] Init - InitialDone - Site25_R_FT2
[08:11:32] [Rear Rack] Init - InitialDone - Site26_R_FT3
[08:11:32] [Front Rack] Init - InitialDone - Site1_F_DT1
[08:11:32] [Front Rack] Init - InitialDone - Site2_F_DT2
[08:11:32] [Rear Rack] Init - InitialDone - Site14_R_DT1
[08:11:32] [Front Rack] Init - InitialDone - Site3_F_DT3
[08:11:32] [Rear Rack] Init - InitialDone - Site15_R_DT2
[08:11:32] [Front Rack] Init - InitialDone - Site4_F_DT4
[08:11:32] [Rear Rack] Init - InitialDone - Site16_R_DT3
[08:11:32] [Front Rack] Init - InitialDone - Site5_F_DT5
[08:11:32] [Rear Rack] Init - InitialDone - Site17_R_DT4
[08:11:32] [Front Rack] Init - InitialDone - Site6_F_DT6
[08:11:32] [Rear Rack] Init - InitialDone - Site18_R_DT5
[08:11:32] [Front Rack] Init - InitialDone - Site7_F_DT7
[08:11:32] [Rear Rack] Init - InitialDone - Site19_R_DT6
[08:11:32] [Front Rack] Init - InitialDone - Site8_F_DT8
[08:11:32] [Rear Rack] Init - InitialDone - Site20_R_DT7
[08:11:32] [Front Rack] Init - InitialDone - Site9_F_DT9
[08:11:32] [Rear Rack] Init - InitialDone - Site21_R_DT8
[08:11:32] [Front Rack] Init - InitialDone - Site10_F_DT10_FT4
[08:11:32] [Rear Rack] Init - InitialDone - Site22_R_DT9
[08:11:32] [Front Rack] Init - InitialDone - Site11_F_FT1
[08:11:32] [Rear Rack] Init - InitialDone - Site23_R_DT10_FT4
[08:11:32] [Front Rack] Init - InitialDone - Site12_F_FT2
[08:11:32] [Rear Rack] Init - InitialDone - Site24_R_FT1
[08:11:32] [Front Rack] Init - InitialDone - Site13_F_FT3
[08:11:32] [Rear Rack] Init - InitialDone - Site25_R_FT2
[08:11:32] [Rear Rack] Init - InitialDone - Site26_R_FT3
[08:11:32] [Front Rack] Init - InitialDone - Site1_F_DT1
[08:11:32] [Front Rack] Init - InitialDone - Site2_F_DT2
[08:11:32] [Rear Rack] Init - InitialDone - Site14_R_DT1
[08:11:32] [Front Rack] Init - InitialDone - Site3_F_DT3
[08:11:32] [Rear Rack] Init - InitialDone - Site15_R_DT2
[08:11:32] [Front Rack] Init - InitialDone - Site4_F_DT4
[08:11:32] [Rear Rack] Init - InitialDone - Site16_R_DT3
[08:11:32] [Front Rack] Init - InitialDone - Site5_F_DT5
[08:11:32] [Rear Rack] Init - InitialDone - Site17_R_DT4
[08:11:32] [Front Rack] Init - InitialDone - Site6_F_DT6
[08:11:32] [Rear Rack] Init - InitialDone - Site18_R_DT5
[08:11:32] [Front Rack] Init - InitialDone - Site7_F_DT7
[08:11:32] [Rear Rack] Init - InitialDone - Site19_R_DT6
[08:11:32] [Front Rack] Init - InitialDone - Site8_F_DT8
[08:11:32] [Rear Rack] Init - InitialDone - Site20_R_DT7
[08:11:32] [Front Rack] Init - InitialDone - Site9_F_DT9
[08:11:32] [Rear Rack] Init - InitialDone - Site21_R_DT8
[08:11:32] [Front Rack] Init - InitialDone - Site10_F_DT10_FT4
[08:11:32] [Rear Rack] Init - InitialDone - Site22_R_DT9
[08:11:32] [Front Rack] Init - InitialDone - Site11_F_FT1
[08:11:32] [Rear Rack] Init - InitialDone - Site23_R_DT10_FT4
[08:11:32] [Front Rack] Init - InitialDone - Site12_F_FT2
[08:11:32] [Rear Rack] Init - InitialDone - Site24_R_FT1
[08:11:32] [Front Rack] Init - InitialDone - Site13_F_FT3
[08:11:32] [Rear Rack] Init - InitialDone - Site25_R_FT2
[08:11:32] [Rear Rack] Init - InitialDone - Site26_R_FT3
[08:11:32] [Front Rack] Init - InitialDone - Site1_F_DT1
[08:11:32] [Rear Rack] Init - InitialDone - Site14_R_DT1
[08:11:32] [Front Rack] Init - InitialDone - Site2_F_DT2
[08:11:32] [Rear Rack] Init - InitialDone - Site15_R_DT2
[08:11:32] [Front Rack] Init - InitialDone - Site3_F_DT3
[08:11:32] [Rear Rack] Init - InitialDone - Site16_R_DT3
[08:11:32] [Front Rack] Init - InitialDone - Site4_F_DT4
[08:11:32] [Rear Rack] Init - InitialDone - Site17_R_DT4
[08:11:32] [Front Rack] Init - InitialDone - Site5_F_DT5
[08:11:32] [Rear Rack] Init - InitialDone - Site18_R_DT5
[08:11:32] [Front Rack] Init - InitialDone - Site6_F_DT6
[08:11:32] [Rear Rack] Init - InitialDone - Site19_R_DT6
[08:11:32] [Front Rack] Init - InitialDone - Site7_F_DT7
[08:11:32] [Rear Rack] Init - InitialDone - Site20_R_DT7
[08:11:32] [Front Rack] Init - InitialDone - Site8_F_DT8
[08:11:32] [Rear Rack] Init - InitialDone - Site21_R_DT8
[08:11:32] [Front Rack] Init - InitialDone - Site9_F_DT9
[08:11:32] [Rear Rack] Init - InitialDone - Site22_R_DT9
[08:11:32] [Front Rack] Init - InitialDone - Site10_F_DT10_FT4
[08:11:32] [Rear Rack] Init - InitialDone - Site23_R_DT10_FT4
[08:11:32] [Front Rack] Init - InitialDone - Site11_F_FT1
[08:11:32] [Rear Rack] Init - InitialDone - Site24_R_FT1
[08:11:32] [Front Rack] Init - InitialDone - Site12_F_FT2
[08:11:32] [Rear Rack] Init - InitialDone - Site25_R_FT2
[08:11:32] [Front Rack] Init - InitialDone - Site13_F_FT3
[08:11:32] [Rear Rack] Init - InitialDone - Site26_R_FT3
[08:11:32] [Front Rack] Init - InitialDone - Site1_F_DT1
[08:11:32] [Front Rack] Init - InitialDone - Site2_F_DT2
[08:11:32] [Rear Rack] Init - InitialDone - Site14_R_DT1
[08:11:32] [Front Rack] Init - InitialDone - Site3_F_DT3
[08:11:32] [Rear Rack] Init - InitialDone - Site15_R_DT2
[08:11:32] [Front Rack] Init - InitialDone - Site4_F_DT4
[08:11:32] [Rear Rack] Init - InitialDone - Site16_R_DT3
[08:11:32] [Front Rack] Init - InitialDone - Site5_F_DT5
[08:11:32] [Rear Rack] Init - InitialDone - Site17_R_DT4
[08:11:32] [Front Rack] Init - InitialDone - Site6_F_DT6
[08:11:32] [Rear Rack] Init - InitialDone - Site18_R_DT5
[08:11:32] [Front Rack] Init - InitialDone - Site7_F_DT7
[08:11:32] [Rear Rack] Init - InitialDone - Site19_R_DT6
[08:11:32] [Front Rack] Init - InitialDone - Site8_F_DT8
[08:11:32] [Rear Rack] Init - InitialDone - Site20_R_DT7
[08:11:32] [Front Rack] Init - InitialDone - Site9_F_DT9
[08:11:32] [Rear Rack] Init - InitialDone - Site21_R_DT8
[08:11:32] [Front Rack] Init - InitialDone - Site10_F_DT10_FT4
[08:11:32] [Rear Rack] Init - InitialDone - Site22_R_DT9
[08:11:32] [Front Rack] Init - InitialDone - Site11_F_FT1
[08:11:32] [Rear Rack] Init - InitialDone - Site23_R_DT10_FT4
[08:11:32] [Front Rack] Init - InitialDone - Site12_F_FT2
[08:11:32] [Rear Rack] Init - InitialDone - Site24_R_FT1
[08:11:32] [Front Rack] Init - InitialDone - Site13_F_FT3
[08:11:32] [Rear Rack] Init - InitialDone - Site25_R_FT2
[08:11:32] [Rear Rack] Init - InitialDone - Site26_R_FT3
[08:11:32] [Front Rack] Init - InitialDone - Site1_F_DT1
[08:11:32] [Rear Rack] Init - InitialDone - Site14_R_DT1
[08:11:32] [Front Rack] Init - InitialDone - Site2_F_DT2
[08:11:32] [Rear Rack] Init - InitialDone - Site15_R_DT2
[08:11:32] [Front Rack] Init - InitialDone - Site3_F_DT3
[08:11:32] [Rear Rack] Init - InitialDone - Site16_R_DT3
[08:11:32] [Front Rack] Init - InitialDone - Site4_F_DT4
[08:11:32] [Rear Rack] Init - InitialDone - Site17_R_DT4
[08:11:32] [Front Rack] Init - InitialDone - Site5_F_DT5
[08:11:32] [Rear Rack] Init - InitialDone - Site18_R_DT5
[08:11:32] [Front Rack] Init - InitialDone - Site6_F_DT6
[08:11:32] [Rear Rack] Init - InitialDone - Site19_R_DT6
[08:11:32] [Front Rack] Init - InitialDone - Site7_F_DT7
[08:11:32] [Rear Rack] Init - InitialDone - Site20_R_DT7
[08:11:32] [Front Rack] Init - InitialDone - Site8_F_DT8
[08:11:32] [Rear Rack] Init - InitialDone - Site21_R_DT8
[08:11:32] [Front Rack] Init - InitialDone - Site9_F_DT9
[08:11:32] [Rear Rack] Init - InitialDone - Site22_R_DT9
[08:11:32] [Front Rack] Init - InitialDone - Site10_F_DT10_FT4
[08:11:32] [Rear Rack] Init - InitialDone - Site23_R_DT10_FT4
[08:11:32] [Front Rack] Init - InitialDone - Site11_F_FT1
[08:11:32] [Rear Rack] Init - InitialDone - Site24_R_FT1
[08:11:32] [Front Rack] Init - InitialDone - Site12_F_FT2
[08:11:32] [Rear Rack] Init - InitialDone - Site25_R_FT2
[08:11:32] [Front Rack] Init - InitialDone - Site13_F_FT3
[08:11:32] [Rear Rack] Init - InitialDone - Site26_R_FT3
[08:11:32] [Front Rack] Init - InitialDone - Site1_F_DT1
[08:11:32] [Rear Rack] Init - InitialDone - Site14_R_DT1
[08:11:32] [Front Rack] Init - InitialDone - Site2_F_DT2
[08:11:32] [Rear Rack] Init - InitialDone - Site15_R_DT2
[08:11:32] [Front Rack] Init - InitialDone - Site3_F_DT3
[08:11:32] [Rear Rack] Init - InitialDone - Site16_R_DT3
[08:11:32] [Front Rack] Init - InitialDone - Site4_F_DT4
[08:11:32] [Rear Rack] Init - InitialDone - Site17_R_DT4
[08:11:32] [Front Rack] Init - InitialDone - Site5_F_DT5
[08:11:32] [Rear Rack] Init - InitialDone - Site18_R_DT5
[08:11:32] [Front Rack] Init - InitialDone - Site6_F_DT6
[08:11:32] [Rear Rack] Init - InitialDone - Site19_R_DT6
[08:11:32] [Front Rack] Init - InitialDone - Site7_F_DT7
[08:11:32] [Rear Rack] Init - InitialDone - Site20_R_DT7
[08:11:32] [Front Rack] Init - InitialDone - Site8_F_DT8
[08:11:32] [Rear Rack] Init - InitialDone - Site21_R_DT8
[08:11:32] [Front Rack] Init - InitialDone - Site9_F_DT9
[08:11:32] [Rear Rack] Init - InitialDone - Site22_R_DT9
[08:11:32] [Front Rack] Init - InitialDone - Site10_F_DT10_FT4
[08:11:32] [Rear Rack] Init - InitialDone - Site23_R_DT10_FT4
[08:11:32] [Front Rack] Init - InitialDone - Site11_F_FT1
[08:11:32] [Rear Rack] Init - InitialDone - Site24_R_FT1
[08:11:32] [Front Rack] Init - InitialDone - Site12_F_FT2
[08:11:32] [Rear Rack] Init - InitialDone - Site25_R_FT2
[08:11:32] [Front Rack] Init - InitialDone - Site13_F_FT3
[08:11:32] [Rear Rack] Init - InitialDone - Site26_R_FT3
[08:11:32] [Front Rack] Init - InitialDone - Site1_F_DT1
[08:11:32] [Rear Rack] Init - InitialDone - Site14_R_DT1
[08:11:32] [Front Rack] Init - InitialDone - Site2_F_DT2
[08:11:32] [Rear Rack] Init - InitialDone - Site15_R_DT2
[08:11:32] [Front Rack] Init - InitialDone - Site3_F_DT3
[08:11:32] [Rear Rack] Init - InitialDone - Site16_R_DT3
[08:11:32] [Front Rack] Init - InitialDone - Site4_F_DT4
[08:11:32] [Rear Rack] Init - InitialDone - Site17_R_DT4
[08:11:32] [Front Rack] Init - InitialDone - Site5_F_DT5
[08:11:32] [Rear Rack] Init - InitialDone - Site18_R_DT5
[08:11:32] [Front Rack] Init - InitialDone - Site6_F_DT6
[08:11:32] [Rear Rack] Init - InitialDone - Site19_R_DT6
[08:11:32] [Front Rack] Init - InitialDone - Site7_F_DT7
[08:11:32] [Rear Rack] Init - InitialDone - Site20_R_DT7
[08:11:32] [Front Rack] Init - InitialDone - Site8_F_DT8
[08:11:32] [Rear Rack] Init - InitialDone - Site21_R_DT8
[08:11:32] [Front Rack] Init - InitialDone - Site9_F_DT9
[08:11:32] [Rear Rack] Init - InitialDone - Site22_R_DT9
[08:11:32] [Front Rack] Init - InitialDone - Site10_F_DT10_FT4
[08:11:32] [Rear Rack] Init - InitialDone - Site23_R_DT10_FT4
[08:11:32] [Front Rack] Init - InitialDone - Site11_F_FT1
[08:11:32] [Rear Rack] Init - InitialDone - Site24_R_FT1
[08:11:32] [Front Rack] Init - InitialDone - Site12_F_FT2
[08:11:32] [Rear Rack] Init - InitialDone - Site25_R_FT2
[08:11:32] [Front Rack] Init - InitialDone - Site13_F_FT3
[08:11:32] [Rear Rack] Init - InitialDone - Site26_R_FT3
[08:11:32] [Front Rack] Init - InitialDone - Site1_F_DT1
[08:11:32] [Rear Rack] Init - InitialDone - Site14_R_DT1
[08:11:32] [Front Rack] Init - InitialDone - Site2_F_DT2
[08:11:32] [Rear Rack] Init - InitialDone - Site15_R_DT2
[08:11:32] [Front Rack] Init - InitialDone - Site3_F_DT3
[08:11:32] [Rear Rack] Init - InitialDone - Site16_R_DT3
[08:11:32] [Front Rack] Init - InitialDone - Site4_F_DT4
[08:11:32] [Rear Rack] Init - InitialDone - Site17_R_DT4
[08:11:32] [Front Rack] Init - InitialDone - Site5_F_DT5
[08:11:32] [Rear Rack] Init - InitialDone - Site18_R_DT5
[08:11:32] [Front Rack] Init - InitialDone - Site6_F_DT6
[08:11:32] [Rear Rack] Init - InitialDone - Site19_R_DT6
[08:11:32] [Front Rack] Init - InitialDone - Site7_F_DT7
[08:11:32] [Rear Rack] Init - InitialDone - Site20_R_DT7
[08:11:32] [Front Rack] Init - InitialDone - Site8_F_DT8
[08:11:32] [Rear Rack] Init - InitialDone - Site21_R_DT8
[08:11:32] [Front Rack] Init - InitialDone - Site9_F_DT9
[08:11:32] [Rear Rack] Init - InitialDone - Site22_R_DT9
[08:11:32] [Front Rack] Init - InitialDone - Site10_F_DT10_FT4
[08:11:32] [Rear Rack] Init - InitialDone - Site23_R_DT10_FT4
[08:11:32] [Front Rack] Init - InitialDone - Site11_F_FT1
[08:11:32] [Rear Rack] Init - InitialDone - Site24_R_FT1
[08:11:32] [Front Rack] Init - InitialDone - Site12_F_FT2
[08:11:32] [Rear Rack] Init - InitialDone - Site25_R_FT2
[08:11:32] [Front Rack] Init - InitialDone - Site13_F_FT3
[08:11:32] [Rear Rack] Init - InitialDone - Site26_R_FT3
[08:11:32] [Front Rack] Init - InitialDone - Site1_F_DT1
[08:11:32] [Rear Rack] Init - InitialDone - Site14_R_DT1
[08:11:32] [Front Rack] Init - InitialDone - Site2_F_DT2
[08:11:32] [Rear Rack] Init - InitialDone - Site15_R_DT2
[08:11:32] [Front Rack] Init - InitialDone - Site3_F_DT3
[08:11:32] [Rear Rack] Init - InitialDone - Site16_R_DT3
[08:11:32] [Front Rack] Init - InitialDone - Site4_F_DT4
[08:11:32] [Rear Rack] Init - InitialDone - Site17_R_DT4
[08:11:32] [Front Rack] Init - InitialDone - Site5_F_DT5
[08:11:32] [Rear Rack] Init - InitialDone - Site18_R_DT5
[08:11:32] [Front Rack] Init - InitialDone - Site6_F_DT6
[08:11:32] [Rear Rack] Init - InitialDone - Site19_R_DT6
[08:11:32] [Front Rack] Init - InitialDone - Site7_F_DT7
[08:11:32] [Rear Rack] Init - InitialDone - Site20_R_DT7
[08:11:32] [Front Rack] Init - InitialDone - Site8_F_DT8
[08:11:32] [Rear Rack] Init - InitialDone - Site21_R_DT8
[08:11:32] [Front Rack] Init - InitialDone - Site9_F_DT9
[08:11:32] [Rear Rack] Init - InitialDone - Site22_R_DT9
[08:11:32] [Front Rack] Init - InitialDone - Site10_F_DT10_FT4
[08:11:32] [Rear Rack] Init - InitialDone - Site23_R_DT10_FT4
[08:11:32] [Front Rack] Init - InitialDone - Site11_F_FT1
[08:11:32] [Rear Rack] Init - InitialDone - Site24_R_FT1
[08:11:32] [Front Rack] Init - InitialDone - Site12_F_FT2
[08:11:32] [Rear Rack] Init - InitialDone - Site25_R_FT2
[08:11:32] [Front Rack] Init - InitialDone - Site13_F_FT3
[08:11:32] [Rear Rack] Init - InitialDone - Site26_R_FT3
[08:11:32] [Front Rack] Init - InitialDone - Site1_F_DT1
[08:11:32] [Rear Rack] Init - InitialDone - Site14_R_DT1
[08:11:32] [Front Rack] Init - InitialDone - Site2_F_DT2
[08:11:32] [Rear Rack] Init - InitialDone - Site15_R_DT2
[08:11:32] [Front Rack] Init - InitialDone - Site3_F_DT3
[08:11:32] [Rear Rack] Init - InitialDone - Site16_R_DT3
[08:11:32] [Front Rack] Init - InitialDone - Site4_F_DT4
[08:11:32] [Rear Rack] Init - InitialDone - Site17_R_DT4
[08:11:32] [Front Rack] Init - InitialDone - Site5_F_DT5
[08:11:32] [Rear Rack] Init - InitialDone - Site18_R_DT5
[08:11:32] [Front Rack] Init - InitialDone - Site6_F_DT6
[08:11:32] [Rear Rack] Init - InitialDone - Site19_R_DT6
[08:11:32] [Front Rack] Init - InitialDone - Site7_F_DT7
[08:11:32] [Rear Rack] Init - InitialDone - Site20_R_DT7
[08:11:32] [Front Rack] Init - InitialDone - Site8_F_DT8
[08:11:32] [Rear Rack] Init - InitialDone - Site21_R_DT8
[08:11:32] [Front Rack] Init - InitialDone - Site9_F_DT9
[08:11:32] [Rear Rack] Init - InitialDone - Site22_R_DT9
[08:11:32] [Front Rack] Init - InitialDone - Site10_F_DT10_FT4
[08:11:32] [Rear Rack] Init - InitialDone - Site23_R_DT10_FT4
[08:11:32] [Front Rack] Init - InitialDone - Site11_F_FT1
[08:11:32] [Rear Rack] Init - InitialDone - Site24_R_FT1
[08:11:32] [Front Rack] Init - InitialDone - Site12_F_FT2
[08:11:32] [Rear Rack] Init - InitialDone - Site25_R_FT2
[08:11:32] [Front Rack] Init - InitialDone - Site13_F_FT3
[08:11:32] [Rear Rack] Init - InitialDone - Site26_R_FT3
[08:11:32] [Front Rack] Init - InitialDone - Site1_F_DT1
[08:11:32] [Rear Rack] Init - InitialDone - Site14_R_DT1
[08:11:32] [Front Rack] Init - InitialDone - Site2_F_DT2
[08:11:32] [Rear Rack] Init - InitialDone - Site15_R_DT2
[08:11:32] [Front Rack] Init - InitialDone - Site3_F_DT3
[08:11:32] [Rear Rack] Init - InitialDone - Site16_R_DT3
[08:11:32] [Front Rack] Init - InitialDone - Site4_F_DT4
[08:11:32] [Rear Rack] Init - InitialDone - Site17_R_DT4
[08:11:32] [Front Rack] Init - InitialDone - Site5_F_DT5
[08:11:32] [Rear Rack] Init - InitialDone - Site18_R_DT5
[08:11:32] [Front Rack] Init - InitialDone - Site6_F_DT6
[08:11:32] [Rear Rack] Init - InitialDone - Site19_R_DT6
[08:11:32] [Front Rack] Init - InitialDone - Site7_F_DT7
[08:11:32] [Rear Rack] Init - InitialDone - Site20_R_DT7
[08:11:32] [Front Rack] Init - InitialDone - Site8_F_DT8
[08:11:32] [Rear Rack] Init - InitialDone - Site21_R_DT8
[08:11:32] [Front Rack] Init - InitialDone - Site9_F_DT9
[08:11:32] [Rear Rack] Init - InitialDone - Site22_R_DT9
[08:11:32] [Front Rack] Init - InitialDone - Site10_F_DT10_FT4
[08:11:32] [Rear Rack] Init - InitialDone - Site23_R_DT10_FT4
[08:11:32] [Front Rack] Init - InitialDone - Site11_F_FT1
[08:11:32] [Rear Rack] Init - InitialDone - Site24_R_FT1
[08:11:32] [Front Rack] Init - InitialDone - Site12_F_FT2
[08:11:32] [Rear Rack] Init - InitialDone - Site25_R_FT2
[08:11:32] [Front Rack] Init - InitialDone - Site13_F_FT3
[08:11:32] [Rear Rack] Init - InitialDone - Site26_R_FT3
[08:11:32] [Front Rack] Init - InitialDone - Site1_F_DT1
[08:11:32] [Front Rack] Init - InitialDone - Site2_F_DT2
[08:11:32] [Rear Rack] Init - InitialDone - Site14_R_DT1
[08:11:32] [Front Rack] Init - InitialDone - Site3_F_DT3
[08:11:32] [Rear Rack] Init - InitialDone - Site15_R_DT2
[08:11:32] [Front Rack] Init - InitialDone - Site4_F_DT4
[08:11:32] [Rear Rack] Init - InitialDone - Site16_R_DT3
[08:11:32] [Front Rack] Init - InitialDone - Site5_F_DT5
[08:11:32] [Rear Rack] Init - InitialDone - Site17_R_DT4
[08:11:32] [Front Rack] Init - InitialDone - Site6_F_DT6
[08:11:32] [Rear Rack] Init - InitialDone - Site18_R_DT5
[08:11:32] [Front Rack] Init - InitialDone - Site7_F_DT7
[08:11:32] [Rear Rack] Init - InitialDone - Site19_R_DT6
[08:11:32] [Front Rack] Init - InitialDone - Site8_F_DT8
[08:11:32] [Rear Rack] Init - InitialDone - Site20_R_DT7
[08:11:32] [Front Rack] Init - InitialDone - Site9_F_DT9
[08:11:32] [Rear Rack] Init - InitialDone - Site21_R_DT8
[08:11:32] [Front Rack] Init - InitialDone - Site10_F_DT10_FT4
[08:11:32] [Rear Rack] Init - InitialDone - Site22_R_DT9
[08:11:32] [Front Rack] Init - InitialDone - Site11_F_FT1
[08:11:32] [Rear Rack] Init - InitialDone - Site23_R_DT10_FT4
[08:11:32] [Front Rack] Init - InitialDone - Site12_F_FT2
[08:11:32] [Rear Rack] Init - InitialDone - Site24_R_FT1
[08:11:32] [Front Rack] Init - InitialDone - Site13_F_FT3
[08:11:32] [Rear Rack] Init - InitialDone - Site25_R_FT2
[08:11:32] [Rear Rack] Init - InitialDone - Site26_R_FT3
[08:11:32] [Front Rack] Init - InitialDone - Site1_F_DT1
[08:11:32] [Front Rack] Init - InitialDone - Site2_F_DT2
[08:11:32] [Rear Rack] Init - InitialDone - Site14_R_DT1
[08:11:32] [Front Rack] Init - InitialDone - Site3_F_DT3
[08:11:32] [Rear Rack] Init - InitialDone - Site15_R_DT2
[08:11:32] [Front Rack] Init - InitialDone - Site4_F_DT4
[08:11:32] [Rear Rack] Init - InitialDone - Site16_R_DT3
[08:11:32] [Front Rack] Init - InitialDone - Site5_F_DT5
[08:11:32] [Rear Rack] Init - InitialDone - Site17_R_DT4
[08:11:32] [Front Rack] Init - InitialDone - Site6_F_DT6
[08:11:32] [Rear Rack] Init - InitialDone - Site18_R_DT5
[08:11:32] [Front Rack] Init - InitialDone - Site7_F_DT7
[08:11:32] [Rear Rack] Init - InitialDone - Site19_R_DT6
[08:11:32] [Front Rack] Init - InitialDone - Site8_F_DT8
[08:11:32] [Rear Rack] Init - InitialDone - Site20_R_DT7
[08:11:32] [Front Rack] Init - InitialDone - Site9_F_DT9
[08:11:32] [Rear Rack] Init - InitialDone - Site21_R_DT8
[08:11:32] [Front Rack] Init - InitialDone - Site10_F_DT10_FT4
[08:11:32] [Rear Rack] Init - InitialDone - Site22_R_DT9
[08:11:32] [Front Rack] Init - InitialDone - Site11_F_FT1
[08:11:32] [Rear Rack] Init - InitialDone - Site23_R_DT10_FT4
[08:11:32] [Front Rack] Init - InitialDone - Site12_F_FT2
[08:11:32] [Rear Rack] Init - InitialDone - Site24_R_FT1
[08:11:32] [Front Rack] Init - InitialDone - Site13_F_FT3
[08:11:32] [Rear Rack] Init - InitialDone - Site25_R_FT2
[08:11:32] [Rear Rack] Init - InitialDone - Site26_R_FT3
[08:11:32] [Front Rack] Init - InitialDone - Site1_F_DT1
[08:11:32] [Rear Rack] Init - InitialDone - Site14_R_DT1
[08:11:32] [Front Rack] Init - InitialDone - Site2_F_DT2
[08:11:32] [Rear Rack] Init - InitialDone - Site15_R_DT2
[08:11:32] [Front Rack] Init - InitialDone - Site3_F_DT3
[08:11:32] [Rear Rack] Init - InitialDone - Site16_R_DT3
[08:11:32] [Front Rack] Init - InitialDone - Site4_F_DT4
[08:11:32] [Rear Rack] Init - InitialDone - Site17_R_DT4
[08:11:32] [Front Rack] Init - InitialDone - Site5_F_DT5
[08:11:32] [Rear Rack] Init - InitialDone - Site18_R_DT5
[08:11:32] [Front Rack] Init - InitialDone - Site6_F_DT6
[08:11:32] [Rear Rack] Init - InitialDone - Site19_R_DT6
[08:11:32] [Front Rack] Init - InitialDone - Site7_F_DT7
[08:11:32] [Rear Rack] Init - InitialDone - Site20_R_DT7
[08:11:32] [Front Rack] Init - InitialDone - Site8_F_DT8
[08:11:32] [Rear Rack] Init - InitialDone - Site21_R_DT8
[08:11:32] [Front Rack] Init - InitialDone - Site9_F_DT9
[08:11:32] [Rear Rack] Init - InitialDone - Site22_R_DT9
[08:11:32] [Front Rack] Init - InitialDone - Site10_F_DT10_FT4
[08:11:32] [Rear Rack] Init - InitialDone - Site23_R_DT10_FT4
[08:11:32] [Front Rack] Init - InitialDone - Site11_F_FT1
[08:11:32] [Rear Rack] Init - InitialDone - Site24_R_FT1
[08:11:32] [Front Rack] Init - InitialDone - Site12_F_FT2
[08:11:32] [Rear Rack] Init - InitialDone - Site25_R_FT2
[08:11:32] [Front Rack] Init - InitialDone - Site13_F_FT3
[08:11:32] [Rear Rack] Init - InitialDone - Site26_R_FT3
[08:11:32] [Front Rack] Init - InitialDone - Site1_F_DT1
[08:11:32] [Rear Rack] Init - InitialDone - Site14_R_DT1
[08:11:32] [Front Rack] Init - InitialDone - Site2_F_DT2
[08:11:32] [Rear Rack] Init - InitialDone - Site15_R_DT2
[08:11:32] [Front Rack] Init - InitialDone - Site3_F_DT3
[08:11:32] [Rear Rack] Init - InitialDone - Site16_R_DT3
[08:11:32] [Front Rack] Init - InitialDone - Site4_F_DT4
[08:11:32] [Rear Rack] Init - InitialDone - Site17_R_DT4
[08:11:32] [Front Rack] Init - InitialDone - Site5_F_DT5
[08:11:32] [Rear Rack] Init - InitialDone - Site18_R_DT5
[08:11:32] [Front Rack] Init - InitialDone - Site6_F_DT6
[08:11:32] [Rear Rack] Init - InitialDone - Site19_R_DT6
[08:11:32] [Front Rack] Init - InitialDone - Site7_F_DT7
[08:11:32] [Rear Rack] Init - InitialDone - Site20_R_DT7
[08:11:32] [Front Rack] Init - InitialDone - Site8_F_DT8
[08:11:32] [Rear Rack] Init - InitialDone - Site21_R_DT8
[08:11:32] [Front Rack] Init - InitialDone - Site9_F_DT9
[08:11:32] [Rear Rack] Init - InitialDone - Site22_R_DT9
[08:11:32] [Front Rack] Init - InitialDone - Site10_F_DT10_FT4
[08:11:32] [Rear Rack] Init - InitialDone - Site23_R_DT10_FT4
[08:11:32] [Front Rack] Init - InitialDone - Site11_F_FT1
[08:11:32] [Rear Rack] Init - InitialDone - Site24_R_FT1
[08:11:32] [Front Rack] Init - InitialDone - Site12_F_FT2
[08:11:32] [Rear Rack] Init - InitialDone - Site25_R_FT2
[08:11:32] [Front Rack] Init - InitialDone - Site13_F_FT3
[08:11:32] [Rear Rack] Init - InitialDone - Site26_R_FT3
[08:11:32] [Front Rack] Init - InitialDone - Site1_F_DT1
[08:11:32] [Rear Rack] Init - InitialDone - Site14_R_DT1
[08:11:32] [Front Rack] Init - InitialDone - Site2_F_DT2
[08:11:32] [Rear Rack] Init - InitialDone - Site15_R_DT2
[08:11:32] [Front Rack] Init - InitialDone - Site3_F_DT3
[08:11:32] [Rear Rack] Init - InitialDone - Site16_R_DT3
[08:11:32] [Front Rack] Init - InitialDone - Site4_F_DT4
[08:11:32] [Rear Rack] Init - InitialDone - Site17_R_DT4
[08:11:32] [Front Rack] Init - InitialDone - Site5_F_DT5
[08:11:32] [Rear Rack] Init - InitialDone - Site18_R_DT5
[08:11:32] [Front Rack] Init - InitialDone - Site6_F_DT6
[08:11:32] [Rear Rack] Init - InitialDone - Site19_R_DT6
[08:11:32] [Front Rack] Init - InitialDone - Site7_F_DT7
[08:11:32] [Rear Rack] Init - InitialDone - Site20_R_DT7
[08:11:32] [Front Rack] Init - InitialDone - Site8_F_DT8
[08:11:32] [Rear Rack] Init - InitialDone - Site21_R_DT8
[08:11:32] [Front Rack] Init - InitialDone - Site9_F_DT9
[08:11:32] [Rear Rack] Init - InitialDone - Site22_R_DT9
[08:11:32] [Front Rack] Init - InitialDone - Site10_F_DT10_FT4
[08:11:32] [Rear Rack] Init - InitialDone - Site23_R_DT10_FT4
[08:11:32] [Front Rack] Init - InitialDone - Site11_F_FT1
[08:11:32] [Rear Rack] Init - InitialDone - Site24_R_FT1
[08:11:32] [Front Rack] Init - InitialDone - Site12_F_FT2
[08:11:32] [Rear Rack] Init - InitialDone - Site25_R_FT2
[08:11:32] [Front Rack] Init - InitialDone - Site13_F_FT3
[08:11:32] [Rear Rack] Init - InitialDone - Site26_R_FT3
[08:11:32] [Front Rack] Init - InitialDone - Site1_F_DT1
[08:11:32] [Rear Rack] Init - InitialDone - Site14_R_DT1
[08:11:32] [Front Rack] Init - InitialDone - Site2_F_DT2
[08:11:32] [Rear Rack] Init - InitialDone - Site15_R_DT2
[08:11:32] [Front Rack] Init - InitialDone - Site3_F_DT3
[08:11:32] [Rear Rack] Init - InitialDone - Site16_R_DT3
[08:11:32] [Front Rack] Init - InitialDone - Site4_F_DT4
[08:11:32] [Rear Rack] Init - InitialDone - Site17_R_DT4
[08:11:32] [Front Rack] Init - InitialDone - Site5_F_DT5
[08:11:32] [Rear Rack] Init - InitialDone - Site18_R_DT5
[08:11:32] [Front Rack] Init - InitialDone - Site6_F_DT6
[08:11:32] [Rear Rack] Init - InitialDone - Site19_R_DT6
[08:11:32] [Front Rack] Init - InitialDone - Site7_F_DT7
[08:11:32] [Rear Rack] Init - InitialDone - Site20_R_DT7
[08:11:32] [Front Rack] Init - InitialDone - Site8_F_DT8
[08:11:32] [Rear Rack] Init - InitialDone - Site21_R_DT8
[08:11:32] [Front Rack] Init - InitialDone - Site9_F_DT9
[08:11:32] [Rear Rack] Init - InitialDone - Site22_R_DT9
[08:11:32] [Front Rack] Init - InitialDone - Site10_F_DT10_FT4
[08:11:32] [Rear Rack] Init - InitialDone - Site23_R_DT10_FT4
[08:11:32] [Front Rack] Init - InitialDone - Site11_F_FT1
[08:11:32] [Rear Rack] Init - InitialDone - Site24_R_FT1
[08:11:32] [Front Rack] Init - InitialDone - Site12_F_FT2
[08:11:32] [Rear Rack] Init - InitialDone - Site25_R_FT2
[08:11:32] [Front Rack] Init - InitialDone - Site13_F_FT3
[08:11:32] [Rear Rack] Init - InitialDone - Site26_R_FT3
[08:11:32] [Front Rack] Init - InitialDone - Site1_F_DT1
[08:11:32] [Rear Rack] Init - InitialDone - Site14_R_DT1
[08:11:32] [Front Rack] Init - InitialDone - Site2_F_DT2
[08:11:32] [Rear Rack] Init - InitialDone - Site15_R_DT2
[08:11:32] [Front Rack] Init - InitialDone - Site3_F_DT3
[08:11:32] [Rear Rack] Init - InitialDone - Site16_R_DT3
[08:11:32] [Front Rack] Init - InitialDone - Site4_F_DT4
[08:11:32] [Rear Rack] Init - InitialDone - Site17_R_DT4
[08:11:32] [Front Rack] Init - InitialDone - Site5_F_DT5
[08:11:32] [Rear Rack] Init - InitialDone - Site18_R_DT5
[08:11:32] [Front Rack] Init - InitialDone - Site6_F_DT6
[08:11:32] [Rear Rack] Init - InitialDone - Site19_R_DT6
[08:11:32] [Front Rack] Init - InitialDone - Site7_F_DT7
[08:11:32] [Rear Rack] Init - InitialDone - Site20_R_DT7
[08:11:32] [Front Rack] Init - InitialDone - Site8_F_DT8
[08:11:32] [Rear Rack] Init - InitialDone - Site21_R_DT8
[08:11:32] [Front Rack] Init - InitialDone - Site9_F_DT9
[08:11:32] [Rear Rack] Init - InitialDone - Site22_R_DT9
[08:11:32] [Front Rack] Init - InitialDone - Site10_F_DT10_FT4
[08:11:32] [Rear Rack] Init - InitialDone - Site23_R_DT10_FT4
[08:11:32] [Front Rack] Init - InitialDone - Site11_F_FT1
[08:11:32] [Rear Rack] Init - InitialDone - Site24_R_FT1
[08:11:32] [Front Rack] Init - InitialDone - Site12_F_FT2
[08:11:32] [Rear Rack] Init - InitialDone - Site25_R_FT2
[08:11:32] [Front Rack] Init - InitialDone - Site13_F_FT3
[08:11:32] [Rear Rack] Init - InitialDone - Site26_R_FT3
[08:11:32] [InShuttle] Init Finish
[08:11:32] [Front Rack] Init - InitialDone - Site1_F_DT1
[08:11:32] [Rear Rack] Init - InitialDone - Site14_R_DT1
[08:11:32] [Front Rack] Init - InitialDone - Site2_F_DT2
[08:11:32] [Rear Rack] Init - InitialDone - Site15_R_DT2
[08:11:32] [Front Rack] Init - InitialDone - Site3_F_DT3
[08:11:32] [Rear Rack] Init - InitialDone - Site16_R_DT3
[08:11:32] [Front Rack] Init - InitialDone - Site4_F_DT4
[08:11:32] [Rear Rack] Init - InitialDone - Site17_R_DT4
[08:11:32] [Front Rack] Init - InitialDone - Site5_F_DT5
[08:11:32] [Rear Rack] Init - InitialDone - Site18_R_DT5
[08:11:32] [Front Rack] Init - InitialDone - Site6_F_DT6
[08:11:32] [Rear Rack] Init - InitialDone - Site19_R_DT6
[08:11:32] [Front Rack] Init - InitialDone - Site7_F_DT7
[08:11:32] [Rear Rack] Init - InitialDone - Site20_R_DT7
[08:11:32] [Front Rack] Init - InitialDone - Site8_F_DT8
[08:11:32] [Rear Rack] Init - InitialDone - Site21_R_DT8
[08:11:32] [Front Rack] Init - InitialDone - Site9_F_DT9
[08:11:32] [Rear Rack] Init - InitialDone - Site22_R_DT9
[08:11:32] [Front Rack] Init - InitialDone - Site10_F_DT10_FT4
[08:11:32] [Rear Rack] Init - InitialDone - Site23_R_DT10_FT4
[08:11:32] [Front Rack] Init - InitialDone - Site11_F_FT1
[08:11:32] [Rear Rack] Init - InitialDone - Site24_R_FT1
[08:11:32] [Front Rack] Init - InitialDone - Site12_F_FT2
[08:11:32] [Rear Rack] Init - InitialDone - Site25_R_FT2
[08:11:32] [Front Rack] Init - InitialDone - Site13_F_FT3
[08:11:32] [Rear Rack] Init - InitialDone - Site26_R_FT3
[08:11:32] [Front Rack] Init - InitialDone - Site1_F_DT1
[08:11:32] [Rear Rack] Init - InitialDone - Site14_R_DT1
[08:11:32] [Front Rack] Init - InitialDone - Site2_F_DT2
[08:11:32] [Rear Rack] Init - InitialDone - Site15_R_DT2
[08:11:32] [Front Rack] Init - InitialDone - Site3_F_DT3
[08:11:32] [Rear Rack] Init - InitialDone - Site16_R_DT3
[08:11:32] [Front Rack] Init - InitialDone - Site4_F_DT4
[08:11:32] [Rear Rack] Init - InitialDone - Site17_R_DT4
[08:11:32] [Front Rack] Init - InitialDone - Site5_F_DT5
[08:11:32] [Rear Rack] Init - InitialDone - Site18_R_DT5
[08:11:32] [Front Rack] Init - InitialDone - Site6_F_DT6
[08:11:32] [Rear Rack] Init - InitialDone - Site19_R_DT6
[08:11:32] [Front Rack] Init - InitialDone - Site7_F_DT7
[08:11:32] [Rear Rack] Init - InitialDone - Site20_R_DT7
[08:11:32] [Front Rack] Init - InitialDone - Site8_F_DT8
[08:11:32] [Rear Rack] Init - InitialDone - Site21_R_DT8
[08:11:32] [Front Rack] Init - InitialDone - Site9_F_DT9
[08:11:32] [Rear Rack] Init - InitialDone - Site22_R_DT9
[08:11:32] [Front Rack] Init - InitialDone - Site10_F_DT10_FT4
[08:11:32] [Rear Rack] Init - InitialDone - Site23_R_DT10_FT4
[08:11:32] [Front Rack] Init - InitialDone - Site11_F_FT1
[08:11:32] [Rear Rack] Init - InitialDone - Site24_R_FT1
[08:11:32] [Front Rack] Init - InitialDone - Site12_F_FT2
[08:11:32] [Rear Rack] Init - InitialDone - Site25_R_FT2
[08:11:32] [Front Rack] Init - InitialDone - Site13_F_FT3
[08:11:32] [Rear Rack] Init - InitialDone - Site26_R_FT3
[08:11:32] [Front Rack] Init - InitialDone - Site1_F_DT1
[08:11:32] [Front Rack] Init - InitialDone - Site2_F_DT2
[08:11:32] [Rear Rack] Init - InitialDone - Site14_R_DT1
[08:11:32] [Front Rack] Init - InitialDone - Site3_F_DT3
[08:11:32] [Rear Rack] Init - InitialDone - Site15_R_DT2
[08:11:32] [Front Rack] Init - InitialDone - Site4_F_DT4
[08:11:32] [Rear Rack] Init - InitialDone - Site16_R_DT3
[08:11:32] [Front Rack] Init - InitialDone - Site5_F_DT5
[08:11:32] [Rear Rack] Init - InitialDone - Site17_R_DT4
[08:11:32] [Front Rack] Init - InitialDone - Site6_F_DT6
[08:11:32] [Rear Rack] Init - InitialDone - Site18_R_DT5
[08:11:32] [Front Rack] Init - InitialDone - Site7_F_DT7
[08:11:32] [Rear Rack] Init - InitialDone - Site19_R_DT6
[08:11:32] [Front Rack] Init - InitialDone - Site8_F_DT8
[08:11:32] [Rear Rack] Init - InitialDone - Site20_R_DT7
[08:11:32] [Front Rack] Init - InitialDone - Site9_F_DT9
[08:11:32] [Rear Rack] Init - InitialDone - Site21_R_DT8
[08:11:32] [Front Rack] Init - InitialDone - Site10_F_DT10_FT4
[08:11:32] [Rear Rack] Init - InitialDone - Site22_R_DT9
[08:11:32] [Front Rack] Init - InitialDone - Site11_F_FT1
[08:11:32] [Rear Rack] Init - InitialDone - Site23_R_DT10_FT4
[08:11:33] [Front Rack] Init - InitialDone - Site12_F_FT2
[08:11:33] [Rear Rack] Init - InitialDone - Site24_R_FT1
[08:11:33] [Front Rack] Init - InitialDone - Site13_F_FT3
[08:11:33] [Rear Rack] Init - InitialDone - Site25_R_FT2
[08:11:33] [Rear Rack] Init - InitialDone - Site26_R_FT3
[08:11:33] [Front Rack] Init - InitialDone - Site1_F_DT1
[08:11:33] [Front Rack] Init - InitialDone - Site2_F_DT2
[08:11:33] [Rear Rack] Init - InitialDone - Site14_R_DT1
[08:11:33] [Front Rack] Init - InitialDone - Site3_F_DT3
[08:11:33] [Rear Rack] Init - InitialDone - Site15_R_DT2
[08:11:33] [Front Rack] Init - InitialDone - Site4_F_DT4
[08:11:33] [Rear Rack] Init - InitialDone - Site16_R_DT3
[08:11:33] [Front Rack] Init - InitialDone - Site5_F_DT5
[08:11:33] [Rear Rack] Init - InitialDone - Site17_R_DT4
[08:11:33] [Front Rack] Init - InitialDone - Site6_F_DT6
[08:11:33] [Rear Rack] Init - InitialDone - Site18_R_DT5
[08:11:33] [Front Rack] Init - InitialDone - Site7_F_DT7
[08:11:33] [Rear Rack] Init - InitialDone - Site19_R_DT6
[08:11:33] [Front Rack] Init - InitialDone - Site8_F_DT8
[08:11:33] [Rear Rack] Init - InitialDone - Site20_R_DT7
[08:11:33] [Front Rack] Init - InitialDone - Site9_F_DT9
[08:11:33] [Rear Rack] Init - InitialDone - Site21_R_DT8
[08:11:33] [Front Rack] Init - InitialDone - Site10_F_DT10_FT4
[08:11:33] [Rear Rack] Init - InitialDone - Site22_R_DT9
[08:11:33] [Front Rack] Init - InitialDone - Site11_F_FT1
[08:11:33] [Rear Rack] Init - InitialDone - Site23_R_DT10_FT4
[08:11:33] [Front Rack] Init - InitialDone - Site12_F_FT2
[08:11:33] [Rear Rack] Init - InitialDone - Site24_R_FT1
[08:11:33] [Front Rack] Init - InitialDone - Site13_F_FT3
[08:11:33] [Rear Rack] Init - InitialDone - Site25_R_FT2
[08:11:33] [Rear Rack] Init - InitialDone - Site26_R_FT3
[08:11:33] [Front Rack] Init - InitialDone - Site1_F_DT1
[08:11:33] [Rear Rack] Init - InitialDone - Site14_R_DT1
[08:11:33] [Front Rack] Init - InitialDone - Site2_F_DT2
[08:11:33] [Rear Rack] Init - InitialDone - Site15_R_DT2
[08:11:33] [Front Rack] Init - InitialDone - Site3_F_DT3
[08:11:33] [Rear Rack] Init - InitialDone - Site16_R_DT3
[08:11:33] [Front Rack] Init - InitialDone - Site4_F_DT4
[08:11:33] [Rear Rack] Init - InitialDone - Site17_R_DT4
[08:11:33] [Front Rack] Init - InitialDone - Site5_F_DT5
[08:11:33] [Rear Rack] Init - InitialDone - Site18_R_DT5
[08:11:33] [Front Rack] Init - InitialDone - Site6_F_DT6
[08:11:33] [Rear Rack] Init - InitialDone - Site19_R_DT6
[08:11:33] [Front Rack] Init - InitialDone - Site7_F_DT7
[08:11:33] [Rear Rack] Init - InitialDone - Site20_R_DT7
[08:11:33] [Front Rack] Init - InitialDone - Site8_F_DT8
[08:11:33] [Rear Rack] Init - InitialDone - Site21_R_DT8
[08:11:33] [Front Rack] Init - InitialDone - Site9_F_DT9
[08:11:33] [Rear Rack] Init - InitialDone - Site22_R_DT9
[08:11:33] [Front Rack] Init - InitialDone - Site10_F_DT10_FT4
[08:11:33] [Rear Rack] Init - InitialDone - Site23_R_DT10_FT4
[08:11:33] [Front Rack] Init - InitialDone - Site11_F_FT1
[08:11:33] [Rear Rack] Init - InitialDone - Site24_R_FT1
[08:11:33] [Front Rack] Init - InitialDone - Site12_F_FT2
[08:11:33] [Rear Rack] Init - InitialDone - Site25_R_FT2
[08:11:33] [Front Rack] Init - InitialDone - Site13_F_FT3
[08:11:33] [Rear Rack] Init - InitialDone - Site26_R_FT3
[08:11:33] [Front Rack] Init - InitialDone - Site1_F_DT1
[08:11:33] [Rear Rack] Init - InitialDone - Site14_R_DT1
[08:11:33] [Front Rack] Init - InitialDone - Site2_F_DT2
[08:11:33] [Rear Rack] Init - InitialDone - Site15_R_DT2
[08:11:33] [Front Rack] Init - InitialDone - Site3_F_DT3
[08:11:33] [Rear Rack] Init - InitialDone - Site16_R_DT3
[08:11:33] [Front Rack] Init - InitialDone - Site4_F_DT4
[08:11:33] [Rear Rack] Init - InitialDone - Site17_R_DT4
[08:11:33] [Front Rack] Init - InitialDone - Site5_F_DT5
[08:11:33] [Rear Rack] Init - InitialDone - Site18_R_DT5
[08:11:33] [Front Rack] Init - InitialDone - Site6_F_DT6
[08:11:33] [Rear Rack] Init - InitialDone - Site19_R_DT6
[08:11:33] [Front Rack] Init - InitialDone - Site7_F_DT7
[08:11:33] [Rear Rack] Init - InitialDone - Site20_R_DT7
[08:11:33] [Front Rack] Init - InitialDone - Site8_F_DT8
[08:11:33] [Rear Rack] Init - InitialDone - Site21_R_DT8
[08:11:33] [Front Rack] Init - InitialDone - Site9_F_DT9
[08:11:33] [Rear Rack] Init - InitialDone - Site22_R_DT9
[08:11:33] [Front Rack] Init - InitialDone - Site10_F_DT10_FT4
[08:11:33] [Rear Rack] Init - InitialDone - Site23_R_DT10_FT4
[08:11:33] [Front Rack] Init - InitialDone - Site11_F_FT1
[08:11:33] [Rear Rack] Init - InitialDone - Site24_R_FT1
[08:11:33] [Front Rack] Init - InitialDone - Site12_F_FT2
[08:11:33] [Rear Rack] Init - InitialDone - Site25_R_FT2
[08:11:33] [Front Rack] Init - InitialDone - Site13_F_FT3
[08:11:33] [Rear Rack] Init - InitialDone - Site26_R_FT3
[08:11:33] [Front Rack] Init - InitialDone - Site1_F_DT1
[08:11:33] [Rear Rack] Init - InitialDone - Site14_R_DT1
[08:11:33] [Front Rack] Init - InitialDone - Site2_F_DT2
[08:11:33] [Rear Rack] Init - InitialDone - Site15_R_DT2
[08:11:33] [Front Rack] Init - InitialDone - Site3_F_DT3
[08:11:33] [Rear Rack] Init - InitialDone - Site16_R_DT3
[08:11:33] [Front Rack] Init - InitialDone - Site4_F_DT4
[08:11:33] [Rear Rack] Init - InitialDone - Site17_R_DT4
[08:11:33] [Front Rack] Init - InitialDone - Site5_F_DT5
[08:11:33] [Rear Rack] Init - InitialDone - Site18_R_DT5
[08:11:33] [Front Rack] Init - InitialDone - Site6_F_DT6
[08:11:33] [Rear Rack] Init - InitialDone - Site19_R_DT6
[08:11:33] [Front Rack] Init - InitialDone - Site7_F_DT7
[08:11:33] [Rear Rack] Init - InitialDone - Site20_R_DT7
[08:11:33] [Front Rack] Init - InitialDone - Site8_F_DT8
[08:11:33] [Rear Rack] Init - InitialDone - Site21_R_DT8
[08:11:33] [Front Rack] Init - InitialDone - Site9_F_DT9
[08:11:33] [Rear Rack] Init - InitialDone - Site22_R_DT9
[08:11:33] [Front Rack] Init - InitialDone - Site10_F_DT10_FT4
[08:11:33] [Rear Rack] Init - InitialDone - Site23_R_DT10_FT4
[08:11:33] [Front Rack] Init - InitialDone - Site11_F_FT1
[08:11:33] [Rear Rack] Init - InitialDone - Site24_R_FT1
[08:11:33] [Front Rack] Init - InitialDone - Site12_F_FT2
[08:11:33] [Rear Rack] Init - InitialDone - Site25_R_FT2
[08:11:33] [Front Rack] Init - InitialDone - Site13_F_FT3
[08:11:33] [Rear Rack] Init - InitialDone - Site26_R_FT3
[08:11:33] [Front Rack] Init - InitialDone - Site1_F_DT1
[08:11:33] [Rear Rack] Init - InitialDone - Site14_R_DT1
[08:11:33] [Front Rack] Init - InitialDone - Site2_F_DT2
[08:11:33] [Rear Rack] Init - InitialDone - Site15_R_DT2
[08:11:33] [Front Rack] Init - InitialDone - Site3_F_DT3
[08:11:33] [Rear Rack] Init - InitialDone - Site16_R_DT3
[08:11:33] [Front Rack] Init - InitialDone - Site4_F_DT4
[08:11:33] [Rear Rack] Init - InitialDone - Site17_R_DT4
[08:11:33] [Front Rack] Init - InitialDone - Site5_F_DT5
[08:11:33] [Rear Rack] Init - InitialDone - Site18_R_DT5
[08:11:33] [Front Rack] Init - InitialDone - Site6_F_DT6
[08:11:33] [Rear Rack] Init - InitialDone - Site19_R_DT6
[08:11:33] [Front Rack] Init - InitialDone - Site7_F_DT7
[08:11:33] [Rear Rack] Init - InitialDone - Site20_R_DT7
[08:11:33] [Front Rack] Init - InitialDone - Site8_F_DT8
[08:11:33] [Rear Rack] Init - InitialDone - Site21_R_DT8
[08:11:33] [Front Rack] Init - InitialDone - Site9_F_DT9
[08:11:33] [Rear Rack] Init - InitialDone - Site22_R_DT9
[08:11:33] [Front Rack] Init - InitialDone - Site10_F_DT10_FT4
[08:11:33] [Rear Rack] Init - InitialDone - Site23_R_DT10_FT4
[08:11:33] [Front Rack] Init - InitialDone - Site11_F_FT1
[08:11:33] [Rear Rack] Init - InitialDone - Site24_R_FT1
[08:11:33] [Front Rack] Init - InitialDone - Site12_F_FT2
[08:11:33] [Rear Rack] Init - InitialDone - Site25_R_FT2
[08:11:33] [Front Rack] Init - InitialDone - Site13_F_FT3
[08:11:33] [Rear Rack] Init - InitialDone - Site26_R_FT3
[08:11:33] [Front Rack] Init - InitialDone - Site1_F_DT1
[08:11:33] [Rear Rack] Init - InitialDone - Site14_R_DT1
[08:11:33] [Front Rack] Init - InitialDone - Site2_F_DT2
[08:11:33] [Rear Rack] Init - InitialDone - Site15_R_DT2
[08:11:33] [Front Rack] Init - InitialDone - Site3_F_DT3
[08:11:33] [Rear Rack] Init - InitialDone - Site16_R_DT3
[08:11:33] [Front Rack] Init - InitialDone - Site4_F_DT4
[08:11:33] [Rear Rack] Init - InitialDone - Site17_R_DT4
[08:11:33] [Front Rack] Init - InitialDone - Site5_F_DT5
[08:11:33] [Rear Rack] Init - InitialDone - Site18_R_DT5
[08:11:33] [Front Rack] Init - InitialDone - Site6_F_DT6
[08:11:33] [Rear Rack] Init - InitialDone - Site19_R_DT6
[08:11:33] [Front Rack] Init - InitialDone - Site7_F_DT7
[08:11:33] [Rear Rack] Init - InitialDone - Site20_R_DT7
[08:11:33] [Front Rack] Init - InitialDone - Site8_F_DT8
[08:11:33] [Rear Rack] Init - InitialDone - Site21_R_DT8
[08:11:33] [Front Rack] Init - InitialDone - Site9_F_DT9
[08:11:33] [Rear Rack] Init - InitialDone - Site22_R_DT9
[08:11:33] [Front Rack] Init - InitialDone - Site10_F_DT10_FT4
[08:11:33] [Rear Rack] Init - InitialDone - Site23_R_DT10_FT4
[08:11:33] [Front Rack] Init - InitialDone - Site11_F_FT1
[08:11:33] [Rear Rack] Init - InitialDone - Site24_R_FT1
[08:11:33] [Front Rack] Init - InitialDone - Site12_F_FT2
[08:11:33] [Rear Rack] Init - InitialDone - Site25_R_FT2
[08:11:33] [Front Rack] Init - InitialDone - Site13_F_FT3
[08:11:33] [Rear Rack] Init - InitialDone - Site26_R_FT3
[08:11:33] [Front Rack] Init - InitialDone - Site1_F_DT1
[08:11:33] [Rear Rack] Init - InitialDone - Site14_R_DT1
[08:11:33] [Front Rack] Init - InitialDone - Site2_F_DT2
[08:11:33] [Rear Rack] Init - InitialDone - Site15_R_DT2
[08:11:33] [Front Rack] Init - InitialDone - Site3_F_DT3
[08:11:33] [Rear Rack] Init - InitialDone - Site16_R_DT3
[08:11:33] [Front Rack] Init - InitialDone - Site4_F_DT4
[08:11:33] [Rear Rack] Init - InitialDone - Site17_R_DT4
[08:11:33] [Front Rack] Init - InitialDone - Site5_F_DT5
[08:11:33] [Rear Rack] Init - InitialDone - Site18_R_DT5
[08:11:33] [Front Rack] Init - InitialDone - Site6_F_DT6
[08:11:33] [Rear Rack] Init - InitialDone - Site19_R_DT6
[08:11:33] [Front Rack] Init - InitialDone - Site7_F_DT7
[08:11:33] [Rear Rack] Init - InitialDone - Site20_R_DT7
[08:11:33] [Front Rack] Init - InitialDone - Site8_F_DT8
[08:11:33] [Rear Rack] Init - InitialDone - Site21_R_DT8
[08:11:33] [Front Rack] Init - InitialDone - Site9_F_DT9
[08:11:33] [Rear Rack] Init - InitialDone - Site22_R_DT9
[08:11:33] [Front Rack] Init - InitialDone - Site10_F_DT10_FT4
[08:11:33] [Rear Rack] Init - InitialDone - Site23_R_DT10_FT4
[08:11:33] [Front Rack] Init - InitialDone - Site11_F_FT1
[08:11:33] [Rear Rack] Init - InitialDone - Site24_R_FT1
[08:11:33] [Front Rack] Init - InitialDone - Site12_F_FT2
[08:11:33] [Rear Rack] Init - InitialDone - Site25_R_FT2
[08:11:33] [Front Rack] Init - InitialDone - Site13_F_FT3
[08:11:33] [Rear Rack] Init - InitialDone - Site26_R_FT3
[08:11:33] [Front Rack] Init - InitialDone - Site1_F_DT1
[08:11:33] [Rear Rack] Init - InitialDone - Site14_R_DT1
[08:11:33] [Front Rack] Init - InitialDone - Site2_F_DT2
[08:11:33] [Rear Rack] Init - InitialDone - Site15_R_DT2
[08:11:33] [Front Rack] Init - InitialDone - Site3_F_DT3
[08:11:33] [Rear Rack] Init - InitialDone - Site16_R_DT3
[08:11:33] [Front Rack] Init - InitialDone - Site4_F_DT4
[08:11:33] [Rear Rack] Init - InitialDone - Site17_R_DT4
[08:11:33] [Front Rack] Init - InitialDone - Site5_F_DT5
[08:11:33] [Rear Rack] Init - InitialDone - Site18_R_DT5
[08:11:33] [Front Rack] Init - InitialDone - Site6_F_DT6
[08:11:33] [Rear Rack] Init - InitialDone - Site19_R_DT6
[08:11:33] [Front Rack] Init - InitialDone - Site7_F_DT7
[08:11:33] [Rear Rack] Init - InitialDone - Site20_R_DT7
[08:11:33] [Front Rack] Init - InitialDone - Site8_F_DT8
[08:11:33] [Rear Rack] Init - InitialDone - Site21_R_DT8
[08:11:33] [Front Rack] Init - InitialDone - Site9_F_DT9
[08:11:33] [Rear Rack] Init - InitialDone - Site22_R_DT9
[08:11:33] [Front Rack] Init - InitialDone - Site10_F_DT10_FT4
[08:11:33] [Rear Rack] Init - InitialDone - Site23_R_DT10_FT4
[08:11:33] [Front Rack] Init - InitialDone - Site11_F_FT1
[08:11:33] [Rear Rack] Init - InitialDone - Site24_R_FT1
[08:11:33] [Front Rack] Init - InitialDone - Site12_F_FT2
[08:11:33] [Rear Rack] Init - InitialDone - Site25_R_FT2
[08:11:33] [Front Rack] Init - InitialDone - Site13_F_FT3
[08:11:33] [Rear Rack] Init - InitialDone - Site26_R_FT3
[08:11:33] [Front Rack] Init - InitialDone - Site1_F_DT1
[08:11:33] [Rear Rack] Init - InitialDone - Site14_R_DT1
[08:11:33] [Front Rack] Init - InitialDone - Site2_F_DT2
[08:11:33] [Rear Rack] Init - InitialDone - Site15_R_DT2
[08:11:33] [Front Rack] Init - InitialDone - Site3_F_DT3
[08:11:33] [Rear Rack] Init - InitialDone - Site16_R_DT3
[08:11:33] [Front Rack] Init - InitialDone - Site4_F_DT4
[08:11:33] [Rear Rack] Init - InitialDone - Site17_R_DT4
[08:11:33] [Front Rack] Init - InitialDone - Site5_F_DT5
[08:11:33] [Rear Rack] Init - InitialDone - Site18_R_DT5
[08:11:33] [Front Rack] Init - InitialDone - Site6_F_DT6
[08:11:33] [Rear Rack] Init - InitialDone - Site19_R_DT6
[08:11:33] [Front Rack] Init - InitialDone - Site7_F_DT7
[08:11:33] [Rear Rack] Init - InitialDone - Site20_R_DT7
[08:11:33] [Front Rack] Init - InitialDone - Site8_F_DT8
[08:11:33] [Rear Rack] Init - InitialDone - Site21_R_DT8
[08:11:33] [Front Rack] Init - InitialDone - Site9_F_DT9
[08:11:33] [Rear Rack] Init - InitialDone - Site22_R_DT9
[08:11:33] [Front Rack] Init - InitialDone - Site10_F_DT10_FT4
[08:11:33] [Rear Rack] Init - InitialDone - Site23_R_DT10_FT4
[08:11:33] [Front Rack] Init - InitialDone - Site11_F_FT1
[08:11:33] [Rear Rack] Init - InitialDone - Site24_R_FT1
[08:11:33] [Front Rack] Init - InitialDone - Site12_F_FT2
[08:11:33] [Rear Rack] Init - InitialDone - Site25_R_FT2
[08:11:33] [Front Rack] Init - InitialDone - Site13_F_FT3
[08:11:33] [Rear Rack] Init - InitialDone - Site26_R_FT3
[08:11:33] [Front Rack] Init - InitialDone - Site1_F_DT1
[08:11:33] [Rear Rack] Init - InitialDone - Site14_R_DT1
[08:11:33] [Front Rack] Init - InitialDone - Site2_F_DT2
[08:11:33] [Rear Rack] Init - InitialDone - Site15_R_DT2
[08:11:33] [Front Rack] Init - InitialDone - Site3_F_DT3
[08:11:33] [Rear Rack] Init - InitialDone - Site16_R_DT3
[08:11:33] [Front Rack] Init - InitialDone - Site4_F_DT4
[08:11:33] [Rear Rack] Init - InitialDone - Site17_R_DT4
[08:11:33] [Front Rack] Init - InitialDone - Site5_F_DT5
[08:11:33] [Rear Rack] Init - InitialDone - Site18_R_DT5
[08:11:33] [Front Rack] Init - InitialDone - Site6_F_DT6
[08:11:33] [Rear Rack] Init - InitialDone - Site19_R_DT6
[08:11:33] [Front Rack] Init - InitialDone - Site7_F_DT7
[08:11:33] [Rear Rack] Init - InitialDone - Site20_R_DT7
[08:11:33] [Front Rack] Init - InitialDone - Site8_F_DT8
[08:11:33] [Rear Rack] Init - InitialDone - Site21_R_DT8
[08:11:33] [Front Rack] Init - InitialDone - Site9_F_DT9
[08:11:33] [Rear Rack] Init - InitialDone - Site22_R_DT9
[08:11:33] [Front Rack] Init - InitialDone - Site10_F_DT10_FT4
[08:11:33] [Rear Rack] Init - InitialDone - Site23_R_DT10_FT4
[08:11:33] [Front Rack] Init - InitialDone - Site11_F_FT1
[08:11:33] [Rear Rack] Init - InitialDone - Site24_R_FT1
[08:11:33] [Front Rack] Init - InitialDone - Site12_F_FT2
[08:11:33] [Rear Rack] Init - InitialDone - Site25_R_FT2
[08:11:33] [Front Rack] Init - InitialDone - Site13_F_FT3
[08:11:33] [Rear Rack] Init - InitialDone - Site26_R_FT3
[08:11:33] [Front Rack] Init - InitialDone - Site1_F_DT1
[08:11:33] [Rear Rack] Init - InitialDone - Site14_R_DT1
[08:11:33] [Front Rack] Init - InitialDone - Site2_F_DT2
[08:11:33] [Rear Rack] Init - InitialDone - Site15_R_DT2
[08:11:33] [Front Rack] Init - InitialDone - Site3_F_DT3
[08:11:33] [Rear Rack] Init - InitialDone - Site16_R_DT3
[08:11:33] [Front Rack] Init - InitialDone - Site4_F_DT4
[08:11:33] [Rear Rack] Init - InitialDone - Site17_R_DT4
[08:11:33] [Front Rack] Init - InitialDone - Site5_F_DT5
[08:11:33] [Rear Rack] Init - InitialDone - Site18_R_DT5
[08:11:33] [Front Rack] Init - InitialDone - Site6_F_DT6
[08:11:33] [Rear Rack] Init - InitialDone - Site19_R_DT6
[08:11:33] [Front Rack] Init - InitialDone - Site7_F_DT7
[08:11:33] [Rear Rack] Init - InitialDone - Site20_R_DT7
[08:11:33] [Front Rack] Init - InitialDone - Site8_F_DT8
[08:11:33] [Rear Rack] Init - InitialDone - Site21_R_DT8
[08:11:33] [Front Rack] Init - InitialDone - Site9_F_DT9
[08:11:33] [Rear Rack] Init - InitialDone - Site22_R_DT9
[08:11:33] [Front Rack] Init - InitialDone - Site10_F_DT10_FT4
[08:11:33] [Rear Rack] Init - InitialDone - Site23_R_DT10_FT4
[08:11:33] [Front Rack] Init - InitialDone - Site11_F_FT1
[08:11:33] [Rear Rack] Init - InitialDone - Site24_R_FT1
[08:11:33] [Front Rack] Init - InitialDone - Site12_F_FT2
[08:11:33] [Rear Rack] Init - InitialDone - Site25_R_FT2
[08:11:33] [Front Rack] Init - InitialDone - Site13_F_FT3
[08:11:33] [Rear Rack] Init - InitialDone - Site26_R_FT3
[08:11:33] [Front Rack] Init - InitialDone - Site1_F_DT1
[08:11:33] [Rear Rack] Init - InitialDone - Site14_R_DT1
[08:11:33] [Front Rack] Init - InitialDone - Site2_F_DT2
[08:11:33] [Rear Rack] Init - InitialDone - Site15_R_DT2
[08:11:33] [Front Rack] Init - InitialDone - Site3_F_DT3
[08:11:33] [Rear Rack] Init - InitialDone - Site16_R_DT3
[08:11:33] [Front Rack] Init - InitialDone - Site4_F_DT4
[08:11:33] [Rear Rack] Init - InitialDone - Site17_R_DT4
[08:11:33] [Front Rack] Init - InitialDone - Site5_F_DT5
[08:11:33] [Rear Rack] Init - InitialDone - Site18_R_DT5
[08:11:33] [Front Rack] Init - InitialDone - Site6_F_DT6
[08:11:33] [Rear Rack] Init - InitialDone - Site19_R_DT6
[08:11:33] [Front Rack] Init - InitialDone - Site7_F_DT7
[08:11:33] [Rear Rack] Init - InitialDone - Site20_R_DT7
[08:11:33] [Front Rack] Init - InitialDone - Site8_F_DT8
[08:11:33] [Rear Rack] Init - InitialDone - Site21_R_DT8
[08:11:33] [Front Rack] Init - InitialDone - Site9_F_DT9
[08:11:33] [Rear Rack] Init - InitialDone - Site22_R_DT9
[08:11:33] [Front Rack] Init - InitialDone - Site10_F_DT10_FT4
[08:11:33] [Rear Rack] Init - InitialDone - Site23_R_DT10_FT4
[08:11:33] [Front Rack] Init - InitialDone - Site11_F_FT1
[08:11:33] [Rear Rack] Init - InitialDone - Site24_R_FT1
[08:11:33] [Front Rack] Init - InitialDone - Site12_F_FT2
[08:11:33] [Rear Rack] Init - InitialDone - Site25_R_FT2
[08:11:33] [Front Rack] Init - InitialDone - Site13_F_FT3
[08:11:33] [Rear Rack] Init - InitialDone - Site26_R_FT3
[08:11:33] [Front Rack] Init - InitialDone - Site1_F_DT1
[08:11:33] [Rear Rack] Init - InitialDone - Site14_R_DT1
[08:11:33] [Front Rack] Init - InitialDone - Site2_F_DT2
[08:11:33] [Rear Rack] Init - InitialDone - Site15_R_DT2
[08:11:33] [Front Rack] Init - InitialDone - Site3_F_DT3
[08:11:33] [Rear Rack] Init - InitialDone - Site16_R_DT3
[08:11:33] [Front Rack] Init - InitialDone - Site4_F_DT4
[08:11:33] [Rear Rack] Init - InitialDone - Site17_R_DT4
[08:11:33] [Front Rack] Init - InitialDone - Site5_F_DT5
[08:11:33] [Rear Rack] Init - InitialDone - Site18_R_DT5
[08:11:33] [Front Rack] Init - InitialDone - Site6_F_DT6
[08:11:33] [Rear Rack] Init - InitialDone - Site19_R_DT6
[08:11:33] [Front Rack] Init - InitialDone - Site7_F_DT7
[08:11:33] [Rear Rack] Init - InitialDone - Site20_R_DT7
[08:11:33] [Front Rack] Init - InitialDone - Site8_F_DT8
[08:11:33] [Rear Rack] Init - InitialDone - Site21_R_DT8
[08:11:33] [Front Rack] Init - InitialDone - Site9_F_DT9
[08:11:33] [Rear Rack] Init - InitialDone - Site22_R_DT9
[08:11:33] [Front Rack] Init - InitialDone - Site10_F_DT10_FT4
[08:11:33] [Rear Rack] Init - InitialDone - Site23_R_DT10_FT4
[08:11:33] [Front Rack] Init - InitialDone - Site11_F_FT1
[08:11:33] [Rear Rack] Init - InitialDone - Site24_R_FT1
[08:11:33] [Front Rack] Init - InitialDone - Site12_F_FT2
[08:11:33] [Rear Rack] Init - InitialDone - Site25_R_FT2
[08:11:33] [Front Rack] Init - InitialDone - Site13_F_FT3
[08:11:33] [Rear Rack] Init - InitialDone - Site26_R_FT3
[08:11:33] [Front Rack] Init - InitialDone - Site1_F_DT1
[08:11:33] [Rear Rack] Init - InitialDone - Site14_R_DT1
[08:11:33] [Front Rack] Init - InitialDone - Site2_F_DT2
[08:11:33] [Rear Rack] Init - InitialDone - Site15_R_DT2
[08:11:33] [Front Rack] Init - InitialDone - Site3_F_DT3
[08:11:33] [Rear Rack] Init - InitialDone - Site16_R_DT3
[08:11:33] [Front Rack] Init - InitialDone - Site4_F_DT4
[08:11:33] [Rear Rack] Init - InitialDone - Site17_R_DT4
[08:11:33] [Front Rack] Init - InitialDone - Site5_F_DT5
[08:11:33] [Rear Rack] Init - InitialDone - Site18_R_DT5
[08:11:33] [Front Rack] Init - InitialDone - Site6_F_DT6
[08:11:33] [Rear Rack] Init - InitialDone - Site19_R_DT6
[08:11:33] [Front Rack] Init - InitialDone - Site7_F_DT7
[08:11:33] [Rear Rack] Init - InitialDone - Site20_R_DT7
[08:11:33] [Front Rack] Init - InitialDone - Site8_F_DT8
[08:11:33] [Rear Rack] Init - InitialDone - Site21_R_DT8
[08:11:33] [Front Rack] Init - InitialDone - Site9_F_DT9
[08:11:33] [Rear Rack] Init - InitialDone - Site22_R_DT9
[08:11:33] [Front Rack] Init - InitialDone - Site10_F_DT10_FT4
[08:11:33] [Rear Rack] Init - InitialDone - Site23_R_DT10_FT4
[08:11:33] [Front Rack] Init - InitialDone - Site11_F_FT1
[08:11:33] [Rear Rack] Init - InitialDone - Site24_R_FT1
[08:11:33] [Front Rack] Init - InitialDone - Site12_F_FT2
[08:11:33] [Rear Rack] Init - InitialDone - Site25_R_FT2
[08:11:33] [Front Rack] Init - InitialDone - Site13_F_FT3
[08:11:33] [Rear Rack] Init - InitialDone - Site26_R_FT3
[08:11:33] [Front Rack] Init - InitialDone - Site1_F_DT1
[08:11:33] [Rear Rack] Init - InitialDone - Site14_R_DT1
[08:11:33] [Front Rack] Init - InitialDone - Site2_F_DT2
[08:11:33] [Rear Rack] Init - InitialDone - Site15_R_DT2
[08:11:33] [Front Rack] Init - InitialDone - Site3_F_DT3
[08:11:33] [Rear Rack] Init - InitialDone - Site16_R_DT3
[08:11:33] [Front Rack] Init - InitialDone - Site4_F_DT4
[08:11:33] [Rear Rack] Init - InitialDone - Site17_R_DT4
[08:11:33] [Front Rack] Init - InitialDone - Site5_F_DT5
[08:11:33] [Rear Rack] Init - InitialDone - Site18_R_DT5
[08:11:33] [Front Rack] Init - InitialDone - Site6_F_DT6
[08:11:33] [Rear Rack] Init - InitialDone - Site19_R_DT6
[08:11:33] [Front Rack] Init - InitialDone - Site7_F_DT7
[08:11:33] [Rear Rack] Init - InitialDone - Site20_R_DT7
[08:11:33] [Front Rack] Init - InitialDone - Site8_F_DT8
[08:11:33] [Rear Rack] Init - InitialDone - Site21_R_DT8
[08:11:33] [Front Rack] Init - InitialDone - Site9_F_DT9
[08:11:33] [Rear Rack] Init - InitialDone - Site22_R_DT9
[08:11:33] [Front Rack] Init - InitialDone - Site10_F_DT10_FT4
[08:11:33] [Rear Rack] Init - InitialDone - Site23_R_DT10_FT4
[08:11:33] [Front Rack] Init - InitialDone - Site11_F_FT1
[08:11:33] [Rear Rack] Init - InitialDone - Site24_R_FT1
[08:11:33] [Front Rack] Init - InitialDone - Site12_F_FT2
[08:11:33] [Rear Rack] Init - InitialDone - Site25_R_FT2
[08:11:33] [Front Rack] Init - InitialDone - Site13_F_FT3
[08:11:33] [Rear Rack] Init - InitialDone - Site26_R_FT3
[08:11:33] [Front Rack] Init - InitialDone - Site1_F_DT1
[08:11:33] [Front Rack] Init - InitialDone - Site2_F_DT2
[08:11:33] [Rear Rack] Init - InitialDone - Site14_R_DT1
[08:11:33] [Front Rack] Init - InitialDone - Site3_F_DT3
[08:11:33] [Rear Rack] Init - InitialDone - Site15_R_DT2
[08:11:33] [Front Rack] Init - InitialDone - Site4_F_DT4
[08:11:33] [Rear Rack] Init - InitialDone - Site16_R_DT3
[08:11:33] [Front Rack] Init - InitialDone - Site5_F_DT5
[08:11:33] [Rear Rack] Init - InitialDone - Site17_R_DT4
[08:11:33] [Front Rack] Init - InitialDone - Site6_F_DT6
[08:11:33] [Rear Rack] Init - InitialDone - Site18_R_DT5
[08:11:33] [Front Rack] Init - InitialDone - Site7_F_DT7
[08:11:33] [Rear Rack] Init - InitialDone - Site19_R_DT6
[08:11:33] [Front Rack] Init - InitialDone - Site8_F_DT8
[08:11:33] [Rear Rack] Init - InitialDone - Site20_R_DT7
[08:11:33] [Front Rack] Init - InitialDone - Site9_F_DT9
[08:11:33] [Rear Rack] Init - InitialDone - Site21_R_DT8
[08:11:33] [Front Rack] Init - InitialDone - Site10_F_DT10_FT4
[08:11:33] [Rear Rack] Init - InitialDone - Site22_R_DT9
[08:11:33] [Front Rack] Init - InitialDone - Site11_F_FT1
[08:11:33] [Rear Rack] Init - InitialDone - Site23_R_DT10_FT4
[08:11:33] [Front Rack] Init - InitialDone - Site12_F_FT2
[08:11:33] [Rear Rack] Init - InitialDone - Site24_R_FT1
[08:11:33] [Front Rack] Init - InitialDone - Site13_F_FT3
[08:11:33] [Rear Rack] Init - InitialDone - Site25_R_FT2
[08:11:33] [Rear Rack] Init - InitialDone - Site26_R_FT3
[08:11:33] [Front Rack] Init - InitialDone - Site1_F_DT1
[08:11:33] [Front Rack] Init - InitialDone - Site2_F_DT2
[08:11:33] [Rear Rack] Init - InitialDone - Site14_R_DT1
[08:11:33] [Front Rack] Init - InitialDone - Site3_F_DT3
[08:11:33] [Rear Rack] Init - InitialDone - Site15_R_DT2
[08:11:33] [Front Rack] Init - InitialDone - Site4_F_DT4
[08:11:33] [Rear Rack] Init - InitialDone - Site16_R_DT3
[08:11:33] [Front Rack] Init - InitialDone - Site5_F_DT5
[08:11:33] [Rear Rack] Init - InitialDone - Site17_R_DT4
[08:11:33] [Front Rack] Init - InitialDone - Site6_F_DT6
[08:11:33] [Rear Rack] Init - InitialDone - Site18_R_DT5
[08:11:33] [Front Rack] Init - InitialDone - Site7_F_DT7
[08:11:33] [Rear Rack] Init - InitialDone - Site19_R_DT6
[08:11:33] [Front Rack] Init - InitialDone - Site8_F_DT8
[08:11:33] [Rear Rack] Init - InitialDone - Site20_R_DT7
[08:11:33] [Front Rack] Init - InitialDone - Site9_F_DT9
[08:11:33] [Rear Rack] Init - InitialDone - Site21_R_DT8
[08:11:33] [Front Rack] Init - InitialDone - Site10_F_DT10_FT4
[08:11:33] [Rear Rack] Init - InitialDone - Site22_R_DT9
[08:11:33] [Front Rack] Init - InitialDone - Site11_F_FT1
[08:11:33] [Rear Rack] Init - InitialDone - Site23_R_DT10_FT4
[08:11:33] [Front Rack] Init - InitialDone - Site12_F_FT2
[08:11:33] [Rear Rack] Init - InitialDone - Site24_R_FT1
[08:11:33] [Front Rack] Init - InitialDone - Site13_F_FT3
[08:11:33] [Rear Rack] Init - InitialDone - Site25_R_FT2
[08:11:33] [Rear Rack] Init - InitialDone - Site26_R_FT3
[08:11:33] [Front Rack] Init - InitialDone - Site1_F_DT1
[08:11:33] [Front Rack] Init - InitialDone - Site2_F_DT2
[08:11:33] [Rear Rack] Init - InitialDone - Site14_R_DT1
[08:11:33] [Front Rack] Init - InitialDone - Site3_F_DT3
[08:11:33] [Rear Rack] Init - InitialDone - Site15_R_DT2
[08:11:33] [Front Rack] Init - InitialDone - Site4_F_DT4
[08:11:33] [Rear Rack] Init - InitialDone - Site16_R_DT3
[08:11:33] [Front Rack] Init - InitialDone - Site5_F_DT5
[08:11:33] [Rear Rack] Init - InitialDone - Site17_R_DT4
[08:11:33] [Front Rack] Init - InitialDone - Site6_F_DT6
[08:11:33] [Rear Rack] Init - InitialDone - Site18_R_DT5
[08:11:33] [Front Rack] Init - InitialDone - Site7_F_DT7
[08:11:33] [Rear Rack] Init - InitialDone - Site19_R_DT6
[08:11:33] [Front Rack] Init - InitialDone - Site8_F_DT8
[08:11:33] [Rear Rack] Init - InitialDone - Site20_R_DT7
[08:11:33] [Front Rack] Init - InitialDone - Site9_F_DT9
[08:11:33] [Rear Rack] Init - InitialDone - Site21_R_DT8
[08:11:33] [Front Rack] Init - InitialDone - Site10_F_DT10_FT4
[08:11:33] [Rear Rack] Init - InitialDone - Site22_R_DT9
[08:11:33] [Front Rack] Init - InitialDone - Site11_F_FT1
[08:11:33] [Rear Rack] Init - InitialDone - Site23_R_DT10_FT4
[08:11:33] [Front Rack] Init - InitialDone - Site12_F_FT2
[08:11:33] [Rear Rack] Init - InitialDone - Site24_R_FT1
[08:11:33] [Front Rack] Init - InitialDone - Site13_F_FT3
[08:11:33] [Rear Rack] Init - InitialDone - Site25_R_FT2
[08:11:33] [Rear Rack] Init - InitialDone - Site26_R_FT3
[08:11:33] [Front Rack] Init - InitialDone - Site1_F_DT1
[08:11:33] [Front Rack] Init - InitialDone - Site2_F_DT2
[08:11:33] [Rear Rack] Init - InitialDone - Site14_R_DT1
[08:11:33] [Front Rack] Init - InitialDone - Site3_F_DT3
[08:11:33] [Rear Rack] Init - InitialDone - Site15_R_DT2
[08:11:33] [Front Rack] Init - InitialDone - Site4_F_DT4
[08:11:33] [Rear Rack] Init - InitialDone - Site16_R_DT3
[08:11:33] [Front Rack] Init - InitialDone - Site5_F_DT5
[08:11:33] [Rear Rack] Init - InitialDone - Site17_R_DT4
[08:11:33] [Front Rack] Init - InitialDone - Site6_F_DT6
[08:11:33] [Rear Rack] Init - InitialDone - Site18_R_DT5
[08:11:33] [Front Rack] Init - InitialDone - Site7_F_DT7
[08:11:33] [Rear Rack] Init - InitialDone - Site19_R_DT6
[08:11:33] [Front Rack] Init - InitialDone - Site8_F_DT8
[08:11:33] [Rear Rack] Init - InitialDone - Site20_R_DT7
[08:11:33] [Front Rack] Init - InitialDone - Site9_F_DT9
[08:11:33] [Rear Rack] Init - InitialDone - Site21_R_DT8
[08:11:33] [Front Rack] Init - InitialDone - Site10_F_DT10_FT4
[08:11:33] [Rear Rack] Init - InitialDone - Site22_R_DT9
[08:11:33] [Front Rack] Init - InitialDone - Site11_F_FT1
[08:11:33] [Rear Rack] Init - InitialDone - Site23_R_DT10_FT4
[08:11:33] [Front Rack] Init - InitialDone - Site12_F_FT2
[08:11:33] [Rear Rack] Init - InitialDone - Site24_R_FT1
[08:11:33] [Front Rack] Init - InitialDone - Site13_F_FT3
[08:11:33] [Rear Rack] Init - InitialDone - Site25_R_FT2
[08:11:33] [Rear Rack] Init - InitialDone - Site26_R_FT3
[08:11:33] [Front Rack] Init - InitialDone - Site1_F_DT1
[08:11:33] [Rear Rack] Init - InitialDone - Site14_R_DT1
[08:11:33] [Front Rack] Init - InitialDone - Site2_F_DT2
[08:11:33] [Rear Rack] Init - InitialDone - Site15_R_DT2
[08:11:33] [Front Rack] Init - InitialDone - Site3_F_DT3
[08:11:33] [Rear Rack] Init - InitialDone - Site16_R_DT3
[08:11:33] [Front Rack] Init - InitialDone - Site4_F_DT4
[08:11:33] [Rear Rack] Init - InitialDone - Site17_R_DT4
[08:11:33] [Front Rack] Init - InitialDone - Site5_F_DT5
[08:11:33] [Rear Rack] Init - InitialDone - Site18_R_DT5
[08:11:33] [Front Rack] Init - InitialDone - Site6_F_DT6
[08:11:33] [Rear Rack] Init - InitialDone - Site19_R_DT6
[08:11:33] [Front Rack] Init - InitialDone - Site7_F_DT7
[08:11:33] [Rear Rack] Init - InitialDone - Site20_R_DT7
[08:11:33] [Front Rack] Init - InitialDone - Site8_F_DT8
[08:11:33] [Rear Rack] Init - InitialDone - Site21_R_DT8
[08:11:33] [Front Rack] Init - InitialDone - Site9_F_DT9
[08:11:33] [Rear Rack] Init - InitialDone - Site22_R_DT9
[08:11:33] [Front Rack] Init - InitialDone - Site10_F_DT10_FT4
[08:11:33] [Rear Rack] Init - InitialDone - Site23_R_DT10_FT4
[08:11:33] [Front Rack] Init - InitialDone - Site11_F_FT1
[08:11:33] [Rear Rack] Init - InitialDone - Site24_R_FT1
[08:11:33] [Front Rack] Init - InitialDone - Site12_F_FT2
[08:11:33] [Rear Rack] Init - InitialDone - Site25_R_FT2
[08:11:33] [Front Rack] Init - InitialDone - Site13_F_FT3
[08:11:33] [Rear Rack] Init - InitialDone - Site26_R_FT3
[08:11:33] [Front Rack] Init - InitialDone - Site1_F_DT1
[08:11:33] [Rear Rack] Init - InitialDone - Site14_R_DT1
[08:11:33] [Front Rack] Init - InitialDone - Site2_F_DT2
[08:11:33] [Rear Rack] Init - InitialDone - Site15_R_DT2
[08:11:33] [Front Rack] Init - InitialDone - Site3_F_DT3
[08:11:33] [Rear Rack] Init - InitialDone - Site16_R_DT3
[08:11:33] [Front Rack] Init - InitialDone - Site4_F_DT4
[08:11:33] [Rear Rack] Init - InitialDone - Site17_R_DT4
[08:11:33] [Front Rack] Init - InitialDone - Site5_F_DT5
[08:11:33] [Rear Rack] Init - InitialDone - Site18_R_DT5
[08:11:33] [Front Rack] Init - InitialDone - Site6_F_DT6
[08:11:33] [Rear Rack] Init - InitialDone - Site19_R_DT6
[08:11:33] [Front Rack] Init - InitialDone - Site7_F_DT7
[08:11:33] [Rear Rack] Init - InitialDone - Site20_R_DT7
[08:11:33] [Front Rack] Init - InitialDone - Site8_F_DT8
[08:11:33] [Rear Rack] Init - InitialDone - Site21_R_DT8
[08:11:33] [Front Rack] Init - InitialDone - Site9_F_DT9
[08:11:33] [Rear Rack] Init - InitialDone - Site22_R_DT9
[08:11:33] [Front Rack] Init - InitialDone - Site10_F_DT10_FT4
[08:11:33] [Rear Rack] Init - InitialDone - Site23_R_DT10_FT4
[08:11:33] [Front Rack] Init - InitialDone - Site11_F_FT1
[08:11:33] [Rear Rack] Init - InitialDone - Site24_R_FT1
[08:11:33] [Front Rack] Init - InitialDone - Site12_F_FT2
[08:11:33] [Rear Rack] Init - InitialDone - Site25_R_FT2
[08:11:33] [Front Rack] Init - InitialDone - Site13_F_FT3
[08:11:33] [Rear Rack] Init - InitialDone - Site26_R_FT3
[08:11:33] [Front Rack] Init - InitialDone - Site1_F_DT1
[08:11:33] [Front Rack] Init - InitialDone - Site2_F_DT2
[08:11:33] [Rear Rack] Init - InitialDone - Site14_R_DT1
[08:11:33] [Front Rack] Init - InitialDone - Site3_F_DT3
[08:11:33] [Rear Rack] Init - InitialDone - Site15_R_DT2
[08:11:33] [Front Rack] Init - InitialDone - Site4_F_DT4
[08:11:33] [Rear Rack] Init - InitialDone - Site16_R_DT3
[08:11:33] [Front Rack] Init - InitialDone - Site5_F_DT5
[08:11:33] [Rear Rack] Init - InitialDone - Site17_R_DT4
[08:11:33] [Front Rack] Init - InitialDone - Site6_F_DT6
[08:11:33] [Rear Rack] Init - InitialDone - Site18_R_DT5
[08:11:33] [Front Rack] Init - InitialDone - Site7_F_DT7
[08:11:33] [Rear Rack] Init - InitialDone - Site19_R_DT6
[08:11:33] [Front Rack] Init - InitialDone - Site8_F_DT8
[08:11:33] [Rear Rack] Init - InitialDone - Site20_R_DT7
[08:11:33] [Front Rack] Init - InitialDone - Site9_F_DT9
[08:11:33] [Rear Rack] Init - InitialDone - Site21_R_DT8
[08:11:33] [Front Rack] Init - InitialDone - Site10_F_DT10_FT4
[08:11:33] [Rear Rack] Init - InitialDone - Site22_R_DT9
[08:11:33] [Front Rack] Init - InitialDone - Site11_F_FT1
[08:11:33] [Rear Rack] Init - InitialDone - Site23_R_DT10_FT4
[08:11:33] [Front Rack] Init - InitialDone - Site12_F_FT2
[08:11:33] [Rear Rack] Init - InitialDone - Site24_R_FT1
[08:11:33] [Front Rack] Init - InitialDone - Site13_F_FT3
[08:11:33] [Rear Rack] Init - InitialDone - Site25_R_FT2
[08:11:33] [Rear Rack] Init - InitialDone - Site26_R_FT3
[08:11:34] [Front Rack] Init - InitialDone - Site1_F_DT1
[08:11:34] [Front Rack] Init - InitialDone - Site2_F_DT2
[08:11:34] [Front Rack] Init - InitialDone - Site3_F_DT3
[08:11:34] [Rear Rack] Init - InitialDone - Site14_R_DT1
[08:11:34] [Front Rack] Init - InitialDone - Site4_F_DT4
[08:11:34] [Rear Rack] Init - InitialDone - Site15_R_DT2
[08:11:34] [Front Rack] Init - InitialDone - Site5_F_DT5
[08:11:34] [Rear Rack] Init - InitialDone - Site16_R_DT3
[08:11:34] [Front Rack] Init - InitialDone - Site6_F_DT6
[08:11:34] [Rear Rack] Init - InitialDone - Site17_R_DT4
[08:11:34] [Front Rack] Init - InitialDone - Site7_F_DT7
[08:11:34] [Rear Rack] Init - InitialDone - Site18_R_DT5
[08:11:34] [Front Rack] Init - InitialDone - Site8_F_DT8
[08:11:34] [Rear Rack] Init - InitialDone - Site19_R_DT6
[08:11:34] [Front Rack] Init - InitialDone - Site9_F_DT9
[08:11:34] [Rear Rack] Init - InitialDone - Site20_R_DT7
[08:11:34] [Front Rack] Init - InitialDone - Site10_F_DT10_FT4
[08:11:34] [Rear Rack] Init - InitialDone - Site21_R_DT8
[08:11:34] [Front Rack] Init - InitialDone - Site11_F_FT1
[08:11:34] [Rear Rack] Init - InitialDone - Site22_R_DT9
[08:11:34] [Front Rack] Init - InitialDone - Site12_F_FT2
[08:11:34] [Rear Rack] Init - InitialDone - Site23_R_DT10_FT4
[08:11:34] [Front Rack] Init - InitialDone - Site13_F_FT3
[08:11:34] [Rear Rack] Init - InitialDone - Site24_R_FT1
[08:11:34] [Rear Rack] Init - InitialDone - Site25_R_FT2
[08:11:34] [Rear Rack] Init - InitialDone - Site26_R_FT3
[08:11:34] [Front Rack] Init - InitialDone - Site1_F_DT1
[08:11:34] [Front Rack] Init - InitialDone - Site2_F_DT2
[08:11:34] [Front Rack] Init - InitialDone - Site3_F_DT3
[08:11:34] [Front Rack] Init - InitialDone - Site4_F_DT4
[08:11:34] [Rear Rack] Init - InitialDone - Site14_R_DT1
[08:11:34] [Front Rack] Init - InitialDone - Site5_F_DT5
[08:11:34] [Rear Rack] Init - InitialDone - Site15_R_DT2
[08:11:34] [Front Rack] Init - InitialDone - Site6_F_DT6
[08:11:34] [Rear Rack] Init - InitialDone - Site16_R_DT3
[08:11:34] [Front Rack] Init - InitialDone - Site7_F_DT7
[08:11:34] [Rear Rack] Init - InitialDone - Site17_R_DT4
[08:11:34] [Front Rack] Init - InitialDone - Site8_F_DT8
[08:11:34] [Rear Rack] Init - InitialDone - Site18_R_DT5
[08:11:34] [Front Rack] Init - InitialDone - Site9_F_DT9
[08:11:34] [Rear Rack] Init - InitialDone - Site19_R_DT6
[08:11:34] [Front Rack] Init - InitialDone - Site10_F_DT10_FT4
[08:11:34] [Rear Rack] Init - InitialDone - Site20_R_DT7
[08:11:34] [Front Rack] Init - InitialDone - Site11_F_FT1
[08:11:34] [Rear Rack] Init - InitialDone - Site21_R_DT8
[08:11:34] [Front Rack] Init - InitialDone - Site12_F_FT2
[08:11:34] [Rear Rack] Init - InitialDone - Site22_R_DT9
[08:11:34] [Front Rack] Init - InitialDone - Site13_F_FT3
[08:11:34] [Rear Rack] Init - InitialDone - Site23_R_DT10_FT4
[08:11:34] [Rear Rack] Init - InitialDone - Site24_R_FT1
[08:11:34] [Rear Rack] Init - InitialDone - Site25_R_FT2
[08:11:34] [Rear Rack] Init - InitialDone - Site26_R_FT3
[08:11:34] [Front Rack] Init - InitialDone - Site1_F_DT1
[08:11:34] [Rear Rack] Init - InitialDone - Site14_R_DT1
[08:11:34] [Front Rack] Init - InitialDone - Site2_F_DT2
[08:11:34] [Rear Rack] Init - InitialDone - Site15_R_DT2
[08:11:34] [Front Rack] Init - InitialDone - Site3_F_DT3
[08:11:34] [Rear Rack] Init - InitialDone - Site16_R_DT3
[08:11:34] [Front Rack] Init - InitialDone - Site4_F_DT4
[08:11:34] [Rear Rack] Init - InitialDone - Site17_R_DT4
[08:11:34] [Front Rack] Init - InitialDone - Site5_F_DT5
[08:11:34] [Rear Rack] Init - InitialDone - Site18_R_DT5
[08:11:34] [Front Rack] Init - InitialDone - Site6_F_DT6
[08:11:34] [Rear Rack] Init - InitialDone - Site19_R_DT6
[08:11:34] [Front Rack] Init - InitialDone - Site7_F_DT7
[08:11:34] [Rear Rack] Init - InitialDone - Site20_R_DT7
[08:11:34] [Front Rack] Init - InitialDone - Site8_F_DT8
[08:11:34] [Rear Rack] Init - InitialDone - Site21_R_DT8
[08:11:34] [Front Rack] Init - InitialDone - Site9_F_DT9
[08:11:34] [Rear Rack] Init - InitialDone - Site22_R_DT9
[08:11:34] [Front Rack] Init - InitialDone - Site10_F_DT10_FT4
[08:11:34] [Rear Rack] Init - InitialDone - Site23_R_DT10_FT4
[08:11:34] [Front Rack] Init - InitialDone - Site11_F_FT1
[08:11:34] [Rear Rack] Init - InitialDone - Site24_R_FT1
[08:11:34] [Front Rack] Init - InitialDone - Site12_F_FT2
[08:11:34] [Rear Rack] Init - InitialDone - Site25_R_FT2
[08:11:34] [Front Rack] Init - InitialDone - Site13_F_FT3
[08:11:34] [Rear Rack] Init - InitialDone - Site26_R_FT3
[08:11:34] [Front Rack] Init - InitialDone - Site1_F_DT1
[08:11:34] [Rear Rack] Init - InitialDone - Site14_R_DT1
[08:11:34] [Front Rack] Init - InitialDone - Site2_F_DT2
[08:11:34] [Rear Rack] Init - InitialDone - Site15_R_DT2
[08:11:34] [Front Rack] Init - InitialDone - Site3_F_DT3
[08:11:34] [Rear Rack] Init - InitialDone - Site16_R_DT3
[08:11:34] [Front Rack] Init - InitialDone - Site4_F_DT4
[08:11:34] [Rear Rack] Init - InitialDone - Site17_R_DT4
[08:11:34] [Front Rack] Init - InitialDone - Site5_F_DT5
[08:11:34] [Rear Rack] Init - InitialDone - Site18_R_DT5
[08:11:34] [Front Rack] Init - InitialDone - Site6_F_DT6
[08:11:34] [Rear Rack] Init - InitialDone - Site19_R_DT6
[08:11:34] [Front Rack] Init - InitialDone - Site7_F_DT7
[08:11:34] [Rear Rack] Init - InitialDone - Site20_R_DT7
[08:11:34] [Front Rack] Init - InitialDone - Site8_F_DT8
[08:11:34] [Rear Rack] Init - InitialDone - Site21_R_DT8
[08:11:34] [Front Rack] Init - InitialDone - Site9_F_DT9
[08:11:34] [Rear Rack] Init - InitialDone - Site22_R_DT9
[08:11:34] [Front Rack] Init - InitialDone - Site10_F_DT10_FT4
[08:11:34] [Rear Rack] Init - InitialDone - Site23_R_DT10_FT4
[08:11:34] [Front Rack] Init - InitialDone - Site11_F_FT1
[08:11:34] [Rear Rack] Init - InitialDone - Site24_R_FT1
[08:11:34] [Front Rack] Init - InitialDone - Site12_F_FT2
[08:11:34] [Rear Rack] Init - InitialDone - Site25_R_FT2
[08:11:34] [Front Rack] Init - InitialDone - Site13_F_FT3
[08:11:34] [Rear Rack] Init - InitialDone - Site26_R_FT3
[08:11:34] [Front Rack] Init - InitialDone - Site1_F_DT1
[08:11:34] [Rear Rack] Init - InitialDone - Site14_R_DT1
[08:11:34] [Front Rack] Init - InitialDone - Site2_F_DT2
[08:11:34] [Rear Rack] Init - InitialDone - Site15_R_DT2
[08:11:34] [Front Rack] Init - InitialDone - Site3_F_DT3
[08:11:34] [Rear Rack] Init - InitialDone - Site16_R_DT3
[08:11:34] [Front Rack] Init - InitialDone - Site4_F_DT4
[08:11:34] [Rear Rack] Init - InitialDone - Site17_R_DT4
[08:11:34] [Front Rack] Init - InitialDone - Site5_F_DT5
[08:11:34] [Rear Rack] Init - InitialDone - Site18_R_DT5
[08:11:34] [Front Rack] Init - InitialDone - Site6_F_DT6
[08:11:34] [Rear Rack] Init - InitialDone - Site19_R_DT6
[08:11:34] [Front Rack] Init - InitialDone - Site7_F_DT7
[08:11:34] [Rear Rack] Init - InitialDone - Site20_R_DT7
[08:11:34] [Front Rack] Init - InitialDone - Site8_F_DT8
[08:11:34] [Rear Rack] Init - InitialDone - Site21_R_DT8
[08:11:34] [Front Rack] Init - InitialDone - Site9_F_DT9
[08:11:34] [Rear Rack] Init - InitialDone - Site22_R_DT9
[08:11:34] [Front Rack] Init - InitialDone - Site10_F_DT10_FT4
[08:11:34] [Rear Rack] Init - InitialDone - Site23_R_DT10_FT4
[08:11:34] [Front Rack] Init - InitialDone - Site11_F_FT1
[08:11:34] [Rear Rack] Init - InitialDone - Site24_R_FT1
[08:11:34] [Front Rack] Init - InitialDone - Site12_F_FT2
[08:11:34] [Rear Rack] Init - InitialDone - Site25_R_FT2
[08:11:34] [Front Rack] Init - InitialDone - Site13_F_FT3
[08:11:34] [Rear Rack] Init - InitialDone - Site26_R_FT3
[08:11:34] [Front Rack] Init - InitialDone - Site1_F_DT1
[08:11:34] [Rear Rack] Init - InitialDone - Site14_R_DT1
[08:11:34] [Front Rack] Init - InitialDone - Site2_F_DT2
[08:11:34] [Rear Rack] Init - InitialDone - Site15_R_DT2
[08:11:34] [Front Rack] Init - InitialDone - Site3_F_DT3
[08:11:34] [Rear Rack] Init - InitialDone - Site16_R_DT3
[08:11:34] [Front Rack] Init - InitialDone - Site4_F_DT4
[08:11:34] [Rear Rack] Init - InitialDone - Site17_R_DT4
[08:11:34] [Front Rack] Init - InitialDone - Site5_F_DT5
[08:11:34] [Rear Rack] Init - InitialDone - Site18_R_DT5
[08:11:34] [Front Rack] Init - InitialDone - Site6_F_DT6
[08:11:34] [Rear Rack] Init - InitialDone - Site19_R_DT6
[08:11:34] [Front Rack] Init - InitialDone - Site7_F_DT7
[08:11:34] [Rear Rack] Init - InitialDone - Site20_R_DT7
[08:11:34] [Front Rack] Init - InitialDone - Site8_F_DT8
[08:11:34] [Rear Rack] Init - InitialDone - Site21_R_DT8
[08:11:34] [Front Rack] Init - InitialDone - Site9_F_DT9
[08:11:34] [Rear Rack] Init - InitialDone - Site22_R_DT9
[08:11:34] [Front Rack] Init - InitialDone - Site10_F_DT10_FT4
[08:11:34] [Rear Rack] Init - InitialDone - Site23_R_DT10_FT4
[08:11:34] [Front Rack] Init - InitialDone - Site11_F_FT1
[08:11:34] [Rear Rack] Init - InitialDone - Site24_R_FT1
[08:11:34] [Front Rack] Init - InitialDone - Site12_F_FT2
[08:11:34] [Rear Rack] Init - InitialDone - Site25_R_FT2
[08:11:34] [Front Rack] Init - InitialDone - Site13_F_FT3
[08:11:34] [Rear Rack] Init - InitialDone - Site26_R_FT3
[08:11:34] [Front Rack] Init - InitialDone - Site1_F_DT1
[08:11:34] [Rear Rack] Init - InitialDone - Site14_R_DT1
[08:11:34] [Front Rack] Init - InitialDone - Site2_F_DT2
[08:11:34] [Rear Rack] Init - InitialDone - Site15_R_DT2
[08:11:34] [Front Rack] Init - InitialDone - Site3_F_DT3
[08:11:34] [Rear Rack] Init - InitialDone - Site16_R_DT3
[08:11:34] [Front Rack] Init - InitialDone - Site4_F_DT4
[08:11:34] [Rear Rack] Init - InitialDone - Site17_R_DT4
[08:11:34] [Front Rack] Init - InitialDone - Site5_F_DT5
[08:11:34] [Rear Rack] Init - InitialDone - Site18_R_DT5
[08:11:34] [Front Rack] Init - InitialDone - Site6_F_DT6
[08:11:34] [Rear Rack] Init - InitialDone - Site19_R_DT6
[08:11:34] [Front Rack] Init - InitialDone - Site7_F_DT7
[08:11:34] [Rear Rack] Init - InitialDone - Site20_R_DT7
[08:11:34] [Front Rack] Init - InitialDone - Site8_F_DT8
[08:11:34] [Rear Rack] Init - InitialDone - Site21_R_DT8
[08:11:34] [Front Rack] Init - InitialDone - Site9_F_DT9
[08:11:34] [Rear Rack] Init - InitialDone - Site22_R_DT9
[08:11:34] [Front Rack] Init - InitialDone - Site10_F_DT10_FT4
[08:11:34] [Rear Rack] Init - InitialDone - Site23_R_DT10_FT4
[08:11:34] [Front Rack] Init - InitialDone - Site11_F_FT1
[08:11:34] [Rear Rack] Init - InitialDone - Site24_R_FT1
[08:11:34] [Front Rack] Init - InitialDone - Site12_F_FT2
[08:11:34] [Rear Rack] Init - InitialDone - Site25_R_FT2
[08:11:34] [Front Rack] Init - InitialDone - Site13_F_FT3
[08:11:34] [Rear Rack] Init - InitialDone - Site26_R_FT3
[08:11:34] [Front Rack] Init - InitialDone - Site1_F_DT1
[08:11:34] [Rear Rack] Init - InitialDone - Site14_R_DT1
[08:11:34] [Front Rack] Init - InitialDone - Site2_F_DT2
[08:11:34] [Rear Rack] Init - InitialDone - Site15_R_DT2
[08:11:34] [Front Rack] Init - InitialDone - Site3_F_DT3
[08:11:34] [Rear Rack] Init - InitialDone - Site16_R_DT3
[08:11:34] [Front Rack] Init - InitialDone - Site4_F_DT4
[08:11:34] [Rear Rack] Init - InitialDone - Site17_R_DT4
[08:11:34] [Front Rack] Init - InitialDone - Site5_F_DT5
[08:11:34] [Rear Rack] Init - InitialDone - Site18_R_DT5
[08:11:34] [Front Rack] Init - InitialDone - Site6_F_DT6
[08:11:34] [Rear Rack] Init - InitialDone - Site19_R_DT6
[08:11:34] [Front Rack] Init - InitialDone - Site7_F_DT7
[08:11:34] [Rear Rack] Init - InitialDone - Site20_R_DT7
[08:11:34] [Front Rack] Init - InitialDone - Site8_F_DT8
[08:11:34] [Rear Rack] Init - InitialDone - Site21_R_DT8
[08:11:34] [Front Rack] Init - InitialDone - Site9_F_DT9
[08:11:34] [Rear Rack] Init - InitialDone - Site22_R_DT9
[08:11:34] [Front Rack] Init - InitialDone - Site10_F_DT10_FT4
[08:11:34] [Rear Rack] Init - InitialDone - Site23_R_DT10_FT4
[08:11:34] [Front Rack] Init - InitialDone - Site11_F_FT1
[08:11:34] [Rear Rack] Init - InitialDone - Site24_R_FT1
[08:11:34] [Front Rack] Init - InitialDone - Site12_F_FT2
[08:11:34] [Rear Rack] Init - InitialDone - Site25_R_FT2
[08:11:34] [Front Rack] Init - InitialDone - Site13_F_FT3
[08:11:34] [Rear Rack] Init - InitialDone - Site26_R_FT3
[08:11:34] [Front Rack] Init - InitialDone - Site1_F_DT1
[08:11:34] [Rear Rack] Init - InitialDone - Site14_R_DT1
[08:11:34] [Front Rack] Init - InitialDone - Site2_F_DT2
[08:11:34] [Rear Rack] Init - InitialDone - Site15_R_DT2
[08:11:34] [Front Rack] Init - InitialDone - Site3_F_DT3
[08:11:34] [Rear Rack] Init - InitialDone - Site16_R_DT3
[08:11:34] [Front Rack] Init - InitialDone - Site4_F_DT4
[08:11:34] [Rear Rack] Init - InitialDone - Site17_R_DT4
[08:11:34] [Front Rack] Init - InitialDone - Site5_F_DT5
[08:11:34] [Rear Rack] Init - InitialDone - Site18_R_DT5
[08:11:34] [Front Rack] Init - InitialDone - Site6_F_DT6
[08:11:34] [Rear Rack] Init - InitialDone - Site19_R_DT6
[08:11:34] [Front Rack] Init - InitialDone - Site7_F_DT7
[08:11:34] [Rear Rack] Init - InitialDone - Site20_R_DT7
[08:11:34] [Front Rack] Init - InitialDone - Site8_F_DT8
[08:11:34] [Rear Rack] Init - InitialDone - Site21_R_DT8
[08:11:34] [Front Rack] Init - InitialDone - Site9_F_DT9
[08:11:34] [Rear Rack] Init - InitialDone - Site22_R_DT9
[08:11:34] [Front Rack] Init - InitialDone - Site10_F_DT10_FT4
[08:11:34] [Rear Rack] Init - InitialDone - Site23_R_DT10_FT4
[08:11:34] [Front Rack] Init - InitialDone - Site11_F_FT1
[08:11:34] [Rear Rack] Init - InitialDone - Site24_R_FT1
[08:11:34] [Front Rack] Init - InitialDone - Site12_F_FT2
[08:11:34] [Rear Rack] Init - InitialDone - Site25_R_FT2
[08:11:34] [Front Rack] Init - InitialDone - Site13_F_FT3
[08:11:34] [Rear Rack] Init - InitialDone - Site26_R_FT3
[08:11:34] [Front Rack] Init - InitialDone - Site1_F_DT1
[08:11:34] [Rear Rack] Init - InitialDone - Site14_R_DT1
[08:11:34] [Front Rack] Init - InitialDone - Site2_F_DT2
[08:11:34] [Rear Rack] Init - InitialDone - Site15_R_DT2
[08:11:34] [Front Rack] Init - InitialDone - Site3_F_DT3
[08:11:34] [Rear Rack] Init - InitialDone - Site16_R_DT3
[08:11:34] [Front Rack] Init - InitialDone - Site4_F_DT4
[08:11:34] [Rear Rack] Init - InitialDone - Site17_R_DT4
[08:11:34] [Front Rack] Init - InitialDone - Site5_F_DT5
[08:11:34] [Rear Rack] Init - InitialDone - Site18_R_DT5
[08:11:34] [Front Rack] Init - InitialDone - Site6_F_DT6
[08:11:34] [Rear Rack] Init - InitialDone - Site19_R_DT6
[08:11:34] [Front Rack] Init - InitialDone - Site7_F_DT7
[08:11:34] [Rear Rack] Init - InitialDone - Site20_R_DT7
[08:11:34] [Front Rack] Init - InitialDone - Site8_F_DT8
[08:11:34] [Rear Rack] Init - InitialDone - Site21_R_DT8
[08:11:34] [Front Rack] Init - InitialDone - Site9_F_DT9
[08:11:34] [Rear Rack] Init - InitialDone - Site22_R_DT9
[08:11:34] [Front Rack] Init - InitialDone - Site10_F_DT10_FT4
[08:11:34] [Rear Rack] Init - InitialDone - Site23_R_DT10_FT4
[08:11:34] [Front Rack] Init - InitialDone - Site11_F_FT1
[08:11:34] [Rear Rack] Init - InitialDone - Site24_R_FT1
[08:11:34] [Front Rack] Init - InitialDone - Site12_F_FT2
[08:11:34] [Rear Rack] Init - InitialDone - Site25_R_FT2
[08:11:34] [Front Rack] Init - InitialDone - Site13_F_FT3
[08:11:34] [Rear Rack] Init - InitialDone - Site26_R_FT3
[08:11:34] [Front Rack] Init - InitialDone - Site1_F_DT1
[08:11:34] [Rear Rack] Init - InitialDone - Site14_R_DT1
[08:11:34] [Front Rack] Init - InitialDone - Site2_F_DT2
[08:11:34] [Rear Rack] Init - InitialDone - Site15_R_DT2
[08:11:34] [Front Rack] Init - InitialDone - Site3_F_DT3
[08:11:34] [Rear Rack] Init - InitialDone - Site16_R_DT3
[08:11:34] [Front Rack] Init - InitialDone - Site4_F_DT4
[08:11:34] [Rear Rack] Init - InitialDone - Site17_R_DT4
[08:11:34] [Front Rack] Init - InitialDone - Site5_F_DT5
[08:11:34] [Rear Rack] Init - InitialDone - Site18_R_DT5
[08:11:34] [Front Rack] Init - InitialDone - Site6_F_DT6
[08:11:34] [Rear Rack] Init - InitialDone - Site19_R_DT6
[08:11:34] [Front Rack] Init - InitialDone - Site7_F_DT7
[08:11:34] [Rear Rack] Init - InitialDone - Site20_R_DT7
[08:11:34] [Front Rack] Init - InitialDone - Site8_F_DT8
[08:11:34] [Rear Rack] Init - InitialDone - Site21_R_DT8
[08:11:34] [Front Rack] Init - InitialDone - Site9_F_DT9
[08:11:34] [Rear Rack] Init - InitialDone - Site22_R_DT9
[08:11:34] [Front Rack] Init - InitialDone - Site10_F_DT10_FT4
[08:11:34] [Rear Rack] Init - InitialDone - Site23_R_DT10_FT4
[08:11:34] [Front Rack] Init - InitialDone - Site11_F_FT1
[08:11:34] [Rear Rack] Init - InitialDone - Site24_R_FT1
[08:11:34] [Front Rack] Init - InitialDone - Site12_F_FT2
[08:11:34] [Rear Rack] Init - InitialDone - Site25_R_FT2
[08:11:34] [Front Rack] Init - InitialDone - Site13_F_FT3
[08:11:34] [Rear Rack] Init - InitialDone - Site26_R_FT3
[08:11:34] [Front Rack] Init - InitialDone - Site1_F_DT1
[08:11:34] [Rear Rack] Init - InitialDone - Site14_R_DT1
[08:11:34] [Front Rack] Init - InitialDone - Site2_F_DT2
[08:11:34] [Rear Rack] Init - InitialDone - Site15_R_DT2
[08:11:34] [Front Rack] Init - InitialDone - Site3_F_DT3
[08:11:34] [Rear Rack] Init - InitialDone - Site16_R_DT3
[08:11:34] [Front Rack] Init - InitialDone - Site4_F_DT4
[08:11:34] [Rear Rack] Init - InitialDone - Site17_R_DT4
[08:11:34] [Front Rack] Init - InitialDone - Site5_F_DT5
[08:11:34] [Rear Rack] Init - InitialDone - Site18_R_DT5
[08:11:34] [Front Rack] Init - InitialDone - Site6_F_DT6
[08:11:34] [Rear Rack] Init - InitialDone - Site19_R_DT6
[08:11:34] [Front Rack] Init - InitialDone - Site7_F_DT7
[08:11:34] [Rear Rack] Init - InitialDone - Site20_R_DT7
[08:11:34] [Front Rack] Init - InitialDone - Site8_F_DT8
[08:11:34] [Rear Rack] Init - InitialDone - Site21_R_DT8
[08:11:34] [Front Rack] Init - InitialDone - Site9_F_DT9
[08:11:34] [Rear Rack] Init - InitialDone - Site22_R_DT9
[08:11:34] [Front Rack] Init - InitialDone - Site10_F_DT10_FT4
[08:11:34] [Rear Rack] Init - InitialDone - Site23_R_DT10_FT4
[08:11:34] [Front Rack] Init - InitialDone - Site11_F_FT1
[08:11:34] [Rear Rack] Init - InitialDone - Site24_R_FT1
[08:11:34] [Front Rack] Init - InitialDone - Site12_F_FT2
[08:11:34] [Rear Rack] Init - InitialDone - Site25_R_FT2
[08:11:34] [Front Rack] Init - InitialDone - Site13_F_FT3
[08:11:34] [Rear Rack] Init - InitialDone - Site26_R_FT3
[08:11:34] [Front Rack] Init - InitialDone - Site1_F_DT1
[08:11:34] [Front Rack] Init - InitialDone - Site2_F_DT2
[08:11:34] [Front Rack] Init - InitialDone - Site3_F_DT3
[08:11:34] [Rear Rack] Init - InitialDone - Site14_R_DT1
[08:11:34] [Front Rack] Init - InitialDone - Site4_F_DT4
[08:11:34] [Rear Rack] Init - InitialDone - Site15_R_DT2
[08:11:34] [Front Rack] Init - InitialDone - Site5_F_DT5
[08:11:34] [Rear Rack] Init - InitialDone - Site16_R_DT3
[08:11:34] [Front Rack] Init - InitialDone - Site6_F_DT6
[08:11:34] [Rear Rack] Init - InitialDone - Site17_R_DT4
[08:11:34] [Front Rack] Init - InitialDone - Site7_F_DT7
[08:11:34] [Rear Rack] Init - InitialDone - Site18_R_DT5
[08:11:34] [Front Rack] Init - InitialDone - Site8_F_DT8
[08:11:34] [Rear Rack] Init - InitialDone - Site19_R_DT6
[08:11:34] [Front Rack] Init - InitialDone - Site9_F_DT9
[08:11:34] [Rear Rack] Init - InitialDone - Site20_R_DT7
[08:11:34] [Front Rack] Init - InitialDone - Site10_F_DT10_FT4
[08:11:34] [Rear Rack] Init - InitialDone - Site21_R_DT8
[08:11:34] [Front Rack] Init - InitialDone - Site11_F_FT1
[08:11:34] [Rear Rack] Init - InitialDone - Site22_R_DT9
[08:11:34] [Front Rack] Init - InitialDone - Site12_F_FT2
[08:11:34] [Rear Rack] Init - InitialDone - Site23_R_DT10_FT4
[08:11:34] [Front Rack] Init - InitialDone - Site13_F_FT3
[08:11:34] [Rear Rack] Init - InitialDone - Site24_R_FT1
[08:11:34] [Rear Rack] Init - InitialDone - Site25_R_FT2
[08:11:34] [Rear Rack] Init - InitialDone - Site26_R_FT3
[08:11:34] [Front Rack] Init - InitialDone - Site1_F_DT1
[08:11:34] [Front Rack] Init - InitialDone - Site2_F_DT2
[08:11:34] [Rear Rack] Init - InitialDone - Site14_R_DT1
[08:11:34] [Front Rack] Init - InitialDone - Site3_F_DT3
[08:11:34] [Rear Rack] Init - InitialDone - Site15_R_DT2
[08:11:34] [Front Rack] Init - InitialDone - Site4_F_DT4
[08:11:34] [Rear Rack] Init - InitialDone - Site16_R_DT3
[08:11:34] [Front Rack] Init - InitialDone - Site5_F_DT5
[08:11:34] [Rear Rack] Init - InitialDone - Site17_R_DT4
[08:11:34] [Front Rack] Init - InitialDone - Site6_F_DT6
[08:11:34] [Rear Rack] Init - InitialDone - Site18_R_DT5
[08:11:34] [Front Rack] Init - InitialDone - Site7_F_DT7
[08:11:34] [Rear Rack] Init - InitialDone - Site19_R_DT6
[08:11:34] [Front Rack] Init - InitialDone - Site8_F_DT8
[08:11:34] [Rear Rack] Init - InitialDone - Site20_R_DT7
[08:11:34] [Front Rack] Init - InitialDone - Site9_F_DT9
[08:11:34] [Rear Rack] Init - InitialDone - Site21_R_DT8
[08:11:34] [Front Rack] Init - InitialDone - Site10_F_DT10_FT4
[08:11:34] [Rear Rack] Init - InitialDone - Site22_R_DT9
[08:11:34] [Front Rack] Init - InitialDone - Site11_F_FT1
[08:11:34] [Rear Rack] Init - InitialDone - Site23_R_DT10_FT4
[08:11:34] [Front Rack] Init - InitialDone - Site12_F_FT2
[08:11:34] [Rear Rack] Init - InitialDone - Site24_R_FT1
[08:11:34] [Front Rack] Init - InitialDone - Site13_F_FT3
[08:11:34] [Rear Rack] Init - InitialDone - Site25_R_FT2
[08:11:34] [Rear Rack] Init - InitialDone - Site26_R_FT3
[08:11:34] [Front Rack] Init - InitialDone - Site1_F_DT1
[08:11:34] [Front Rack] Init - InitialDone - Site2_F_DT2
[08:11:34] [Rear Rack] Init - InitialDone - Site14_R_DT1
[08:11:34] [Front Rack] Init - InitialDone - Site3_F_DT3
[08:11:34] [Rear Rack] Init - InitialDone - Site15_R_DT2
[08:11:34] [Front Rack] Init - InitialDone - Site4_F_DT4
[08:11:34] [Rear Rack] Init - InitialDone - Site16_R_DT3
[08:11:34] [Front Rack] Init - InitialDone - Site5_F_DT5
[08:11:34] [Rear Rack] Init - InitialDone - Site17_R_DT4
[08:11:34] [Front Rack] Init - InitialDone - Site6_F_DT6
[08:11:34] [Rear Rack] Init - InitialDone - Site18_R_DT5
[08:11:34] [Front Rack] Init - InitialDone - Site7_F_DT7
[08:11:34] [Rear Rack] Init - InitialDone - Site19_R_DT6
[08:11:34] [Front Rack] Init - InitialDone - Site8_F_DT8
[08:11:34] [Rear Rack] Init - InitialDone - Site20_R_DT7
[08:11:34] [Front Rack] Init - InitialDone - Site9_F_DT9
[08:11:34] [Rear Rack] Init - InitialDone - Site21_R_DT8
[08:11:34] [Front Rack] Init - InitialDone - Site10_F_DT10_FT4
[08:11:34] [Rear Rack] Init - InitialDone - Site22_R_DT9
[08:11:34] [Front Rack] Init - InitialDone - Site11_F_FT1
[08:11:34] [Rear Rack] Init - InitialDone - Site23_R_DT10_FT4
[08:11:34] [Front Rack] Init - InitialDone - Site12_F_FT2
[08:11:34] [Rear Rack] Init - InitialDone - Site24_R_FT1
[08:11:34] [Front Rack] Init - InitialDone - Site13_F_FT3
[08:11:34] [Rear Rack] Init - InitialDone - Site25_R_FT2
[08:11:34] [Rear Rack] Init - InitialDone - Site26_R_FT3
[08:11:34] [Front Rack] Init - InitialDone - Site1_F_DT1
[08:11:34] [Front Rack] Init - InitialDone - Site2_F_DT2
[08:11:34] [Rear Rack] Init - InitialDone - Site14_R_DT1
[08:11:34] [Front Rack] Init - InitialDone - Site3_F_DT3
[08:11:34] [Rear Rack] Init - InitialDone - Site15_R_DT2
[08:11:34] [Front Rack] Init - InitialDone - Site4_F_DT4
[08:11:34] [Rear Rack] Init - InitialDone - Site16_R_DT3
[08:11:34] [Front Rack] Init - InitialDone - Site5_F_DT5
[08:11:34] [Rear Rack] Init - InitialDone - Site17_R_DT4
[08:11:34] [Front Rack] Init - InitialDone - Site6_F_DT6
[08:11:34] [Rear Rack] Init - InitialDone - Site18_R_DT5
[08:11:34] [Front Rack] Init - InitialDone - Site7_F_DT7
[08:11:34] [Rear Rack] Init - InitialDone - Site19_R_DT6
[08:11:34] [Front Rack] Init - InitialDone - Site8_F_DT8
[08:11:34] [Rear Rack] Init - InitialDone - Site20_R_DT7
[08:11:34] [Front Rack] Init - InitialDone - Site9_F_DT9
[08:11:34] [Rear Rack] Init - InitialDone - Site21_R_DT8
[08:11:34] [Front Rack] Init - InitialDone - Site10_F_DT10_FT4
[08:11:34] [Rear Rack] Init - InitialDone - Site22_R_DT9
[08:11:34] [Front Rack] Init - InitialDone - Site11_F_FT1
[08:11:34] [Rear Rack] Init - InitialDone - Site23_R_DT10_FT4
[08:11:34] [Front Rack] Init - InitialDone - Site12_F_FT2
[08:11:34] [Rear Rack] Init - InitialDone - Site24_R_FT1
[08:11:34] [Front Rack] Init - InitialDone - Site13_F_FT3
[08:11:34] [Rear Rack] Init - InitialDone - Site25_R_FT2
[08:11:34] [Rear Rack] Init - InitialDone - Site26_R_FT3
[08:11:34] [Front Rack] Init - InitialDone - Site1_F_DT1
[08:11:34] [Front Rack] Init - InitialDone - Site2_F_DT2
[08:11:34] [Rear Rack] Init - InitialDone - Site14_R_DT1
[08:11:34] [Front Rack] Init - InitialDone - Site3_F_DT3
[08:11:34] [Rear Rack] Init - InitialDone - Site15_R_DT2
[08:11:34] [Front Rack] Init - InitialDone - Site4_F_DT4
[08:11:34] [Rear Rack] Init - InitialDone - Site16_R_DT3
[08:11:34] [Front Rack] Init - InitialDone - Site5_F_DT5
[08:11:34] [Rear Rack] Init - InitialDone - Site17_R_DT4
[08:11:34] [Front Rack] Init - InitialDone - Site6_F_DT6
[08:11:34] [Rear Rack] Init - InitialDone - Site18_R_DT5
[08:11:34] [Front Rack] Init - InitialDone - Site7_F_DT7
[08:11:34] [Rear Rack] Init - InitialDone - Site19_R_DT6
[08:11:34] [Front Rack] Init - InitialDone - Site8_F_DT8
[08:11:34] [Rear Rack] Init - InitialDone - Site20_R_DT7
[08:11:34] [Front Rack] Init - InitialDone - Site9_F_DT9
[08:11:34] [Rear Rack] Init - InitialDone - Site21_R_DT8
[08:11:34] [Front Rack] Init - InitialDone - Site10_F_DT10_FT4
[08:11:34] [Rear Rack] Init - InitialDone - Site22_R_DT9
[08:11:34] [Front Rack] Init - InitialDone - Site11_F_FT1
[08:11:34] [Rear Rack] Init - InitialDone - Site23_R_DT10_FT4
[08:11:34] [Front Rack] Init - InitialDone - Site12_F_FT2
[08:11:34] [Rear Rack] Init - InitialDone - Site24_R_FT1
[08:11:34] [Front Rack] Init - InitialDone - Site13_F_FT3
[08:11:34] [Rear Rack] Init - InitialDone - Site25_R_FT2
[08:11:34] [Rear Rack] Init - InitialDone - Site26_R_FT3
[08:11:34] [Front Rack] Init - InitialDone - Site1_F_DT1
[08:11:34] [Front Rack] Init - InitialDone - Site2_F_DT2
[08:11:34] [Rear Rack] Init - InitialDone - Site14_R_DT1
[08:11:34] [Front Rack] Init - InitialDone - Site3_F_DT3
[08:11:34] [Rear Rack] Init - InitialDone - Site15_R_DT2
[08:11:34] [Front Rack] Init - InitialDone - Site4_F_DT4
[08:11:34] [Rear Rack] Init - InitialDone - Site16_R_DT3
[08:11:34] [Front Rack] Init - InitialDone - Site5_F_DT5
[08:11:34] [Rear Rack] Init - InitialDone - Site17_R_DT4
[08:11:34] [Front Rack] Init - InitialDone - Site6_F_DT6
[08:11:34] [Rear Rack] Init - InitialDone - Site18_R_DT5
[08:11:34] [Front Rack] Init - InitialDone - Site7_F_DT7
[08:11:34] [Rear Rack] Init - InitialDone - Site19_R_DT6
[08:11:34] [Front Rack] Init - InitialDone - Site8_F_DT8
[08:11:34] [Rear Rack] Init - InitialDone - Site20_R_DT7
[08:11:34] [Front Rack] Init - InitialDone - Site9_F_DT9
[08:11:34] [Rear Rack] Init - InitialDone - Site21_R_DT8
[08:11:34] [Front Rack] Init - InitialDone - Site10_F_DT10_FT4
[08:11:34] [Rear Rack] Init - InitialDone - Site22_R_DT9
[08:11:34] [Front Rack] Init - InitialDone - Site11_F_FT1
[08:11:34] [Rear Rack] Init - InitialDone - Site23_R_DT10_FT4
[08:11:34] [Front Rack] Init - InitialDone - Site12_F_FT2
[08:11:34] [Rear Rack] Init - InitialDone - Site24_R_FT1
[08:11:34] [Front Rack] Init - InitialDone - Site13_F_FT3
[08:11:34] [Rear Rack] Init - InitialDone - Site25_R_FT2
[08:11:34] [Rear Rack] Init - InitialDone - Site26_R_FT3
[08:11:34] [Front Rack] Init - InitialDone - Site1_F_DT1
[08:11:34] [Front Rack] Init - InitialDone - Site2_F_DT2
[08:11:34] [Rear Rack] Init - InitialDone - Site14_R_DT1
[08:11:34] [Front Rack] Init - InitialDone - Site3_F_DT3
[08:11:34] [Rear Rack] Init - InitialDone - Site15_R_DT2
[08:11:34] [Front Rack] Init - InitialDone - Site4_F_DT4
[08:11:34] [Rear Rack] Init - InitialDone - Site16_R_DT3
[08:11:34] [Front Rack] Init - InitialDone - Site5_F_DT5
[08:11:34] [Rear Rack] Init - InitialDone - Site17_R_DT4
[08:11:34] [Front Rack] Init - InitialDone - Site6_F_DT6
[08:11:34] [Rear Rack] Init - InitialDone - Site18_R_DT5
[08:11:34] [Front Rack] Init - InitialDone - Site7_F_DT7
[08:11:34] [Rear Rack] Init - InitialDone - Site19_R_DT6
[08:11:34] [Front Rack] Init - InitialDone - Site8_F_DT8
[08:11:34] [Rear Rack] Init - InitialDone - Site20_R_DT7
[08:11:34] [Front Rack] Init - InitialDone - Site9_F_DT9
[08:11:34] [Rear Rack] Init - InitialDone - Site21_R_DT8
[08:11:34] [Front Rack] Init - InitialDone - Site10_F_DT10_FT4
[08:11:34] [Rear Rack] Init - InitialDone - Site22_R_DT9
[08:11:34] [Front Rack] Init - InitialDone - Site11_F_FT1
[08:11:34] [Rear Rack] Init - InitialDone - Site23_R_DT10_FT4
[08:11:34] [Front Rack] Init - InitialDone - Site12_F_FT2
[08:11:34] [Rear Rack] Init - InitialDone - Site24_R_FT1
[08:11:34] [Front Rack] Init - InitialDone - Site13_F_FT3
[08:11:34] [Rear Rack] Init - InitialDone - Site25_R_FT2
[08:11:34] [Rear Rack] Init - InitialDone - Site26_R_FT3
[08:11:34] [Front Rack] Init - InitialDone - Site1_F_DT1
[08:11:34] [Rear Rack] Init - InitialDone - Site14_R_DT1
[08:11:34] [Front Rack] Init - InitialDone - Site2_F_DT2
[08:11:34] [Rear Rack] Init - InitialDone - Site15_R_DT2
[08:11:34] [Front Rack] Init - InitialDone - Site3_F_DT3
[08:11:34] [Rear Rack] Init - InitialDone - Site16_R_DT3
[08:11:34] [Front Rack] Init - InitialDone - Site4_F_DT4
[08:11:34] [Rear Rack] Init - InitialDone - Site17_R_DT4
[08:11:34] [Front Rack] Init - InitialDone - Site5_F_DT5
[08:11:34] [Rear Rack] Init - InitialDone - Site18_R_DT5
[08:11:34] [Front Rack] Init - InitialDone - Site6_F_DT6
[08:11:34] [Rear Rack] Init - InitialDone - Site19_R_DT6
[08:11:34] [Front Rack] Init - InitialDone - Site7_F_DT7
[08:11:34] [Rear Rack] Init - InitialDone - Site20_R_DT7
[08:11:34] [Front Rack] Init - InitialDone - Site8_F_DT8
[08:11:34] [Rear Rack] Init - InitialDone - Site21_R_DT8
[08:11:34] [Front Rack] Init - InitialDone - Site9_F_DT9
[08:11:34] [Rear Rack] Init - InitialDone - Site22_R_DT9
[08:11:34] [Front Rack] Init - InitialDone - Site10_F_DT10_FT4
[08:11:34] [Rear Rack] Init - InitialDone - Site23_R_DT10_FT4
[08:11:34] [Front Rack] Init - InitialDone - Site11_F_FT1
[08:11:34] [Rear Rack] Init - InitialDone - Site24_R_FT1
[08:11:34] [Front Rack] Init - InitialDone - Site12_F_FT2
[08:11:34] [Rear Rack] Init - InitialDone - Site25_R_FT2
[08:11:34] [Front Rack] Init - InitialDone - Site13_F_FT3
[08:11:34] [Rear Rack] Init - InitialDone - Site26_R_FT3
[08:11:34] [Front Rack] Init - InitialDone - Site1_F_DT1
[08:11:34] [Rear Rack] Init - InitialDone - Site14_R_DT1
[08:11:34] [Front Rack] Init - InitialDone - Site2_F_DT2
[08:11:34] [Rear Rack] Init - InitialDone - Site15_R_DT2
[08:11:34] [Front Rack] Init - InitialDone - Site3_F_DT3
[08:11:34] [Rear Rack] Init - InitialDone - Site16_R_DT3
[08:11:34] [Front Rack] Init - InitialDone - Site4_F_DT4
[08:11:34] [Rear Rack] Init - InitialDone - Site17_R_DT4
[08:11:34] [Front Rack] Init - InitialDone - Site5_F_DT5
[08:11:34] [Rear Rack] Init - InitialDone - Site18_R_DT5
[08:11:34] [Front Rack] Init - InitialDone - Site6_F_DT6
[08:11:34] [Rear Rack] Init - InitialDone - Site19_R_DT6
[08:11:34] [Front Rack] Init - InitialDone - Site7_F_DT7
[08:11:34] [Rear Rack] Init - InitialDone - Site20_R_DT7
[08:11:34] [Front Rack] Init - InitialDone - Site8_F_DT8
[08:11:34] [Rear Rack] Init - InitialDone - Site21_R_DT8
[08:11:34] [Front Rack] Init - InitialDone - Site9_F_DT9
[08:11:34] [Rear Rack] Init - InitialDone - Site22_R_DT9
[08:11:34] [Front Rack] Init - InitialDone - Site10_F_DT10_FT4
[08:11:34] [Rear Rack] Init - InitialDone - Site23_R_DT10_FT4
[08:11:34] [Front Rack] Init - InitialDone - Site11_F_FT1
[08:11:34] [Rear Rack] Init - InitialDone - Site24_R_FT1
[08:11:34] [Front Rack] Init - InitialDone - Site12_F_FT2
[08:11:34] [Rear Rack] Init - InitialDone - Site25_R_FT2
[08:11:34] [Front Rack] Init - InitialDone - Site13_F_FT3
[08:11:34] [Rear Rack] Init - InitialDone - Site26_R_FT3
[08:11:34] [Front Rack] Init - InitialDone - Site1_F_DT1
[08:11:34] [Front Rack] Init - InitialDone - Site2_F_DT2
[08:11:34] [Rear Rack] Init - InitialDone - Site14_R_DT1
[08:11:34] [Front Rack] Init - InitialDone - Site3_F_DT3
[08:11:34] [Rear Rack] Init - InitialDone - Site15_R_DT2
[08:11:34] [Front Rack] Init - InitialDone - Site4_F_DT4
[08:11:34] [Rear Rack] Init - InitialDone - Site16_R_DT3
[08:11:34] [Front Rack] Init - InitialDone - Site5_F_DT5
[08:11:34] [Rear Rack] Init - InitialDone - Site17_R_DT4
[08:11:34] [Front Rack] Init - InitialDone - Site6_F_DT6
[08:11:34] [Rear Rack] Init - InitialDone - Site18_R_DT5
[08:11:34] [Front Rack] Init - InitialDone - Site7_F_DT7
[08:11:34] [Rear Rack] Init - InitialDone - Site19_R_DT6
[08:11:34] [Front Rack] Init - InitialDone - Site8_F_DT8
[08:11:34] [Rear Rack] Init - InitialDone - Site20_R_DT7
[08:11:34] [Front Rack] Init - InitialDone - Site9_F_DT9
[08:11:34] [Rear Rack] Init - InitialDone - Site21_R_DT8
[08:11:34] [Front Rack] Init - InitialDone - Site10_F_DT10_FT4
[08:11:34] [Rear Rack] Init - InitialDone - Site22_R_DT9
[08:11:34] [Front Rack] Init - InitialDone - Site11_F_FT1
[08:11:34] [Rear Rack] Init - InitialDone - Site23_R_DT10_FT4
[08:11:34] [Front Rack] Init - InitialDone - Site12_F_FT2
[08:11:34] [Rear Rack] Init - InitialDone - Site24_R_FT1
[08:11:34] [Front Rack] Init - InitialDone - Site13_F_FT3
[08:11:34] [Rear Rack] Init - InitialDone - Site25_R_FT2
[08:11:34] [Rear Rack] Init - InitialDone - Site26_R_FT3
[08:11:34] [Front Rack] Init - InitialDone - Site1_F_DT1
[08:11:34] [Front Rack] Init - InitialDone - Site2_F_DT2
[08:11:35] [Rear Rack] Init - InitialDone - Site14_R_DT1
[08:11:35] [Front Rack] Init - InitialDone - Site3_F_DT3
[08:11:35] [Rear Rack] Init - InitialDone - Site15_R_DT2
[08:11:35] [Front Rack] Init - InitialDone - Site4_F_DT4
[08:11:35] [Rear Rack] Init - InitialDone - Site16_R_DT3
[08:11:35] [Front Rack] Init - InitialDone - Site5_F_DT5
[08:11:35] [Rear Rack] Init - InitialDone - Site17_R_DT4
[08:11:35] [Front Rack] Init - InitialDone - Site6_F_DT6
[08:11:35] [Rear Rack] Init - InitialDone - Site18_R_DT5
[08:11:35] [Front Rack] Init - InitialDone - Site7_F_DT7
[08:11:35] [Rear Rack] Init - InitialDone - Site19_R_DT6
[08:11:35] [Front Rack] Init - InitialDone - Site8_F_DT8
[08:11:35] [Rear Rack] Init - InitialDone - Site20_R_DT7
[08:11:35] [Front Rack] Init - InitialDone - Site9_F_DT9
[08:11:35] [Rear Rack] Init - InitialDone - Site21_R_DT8
[08:11:35] [Front Rack] Init - InitialDone - Site10_F_DT10_FT4
[08:11:35] [Rear Rack] Init - InitialDone - Site22_R_DT9
[08:11:35] [Front Rack] Init - InitialDone - Site11_F_FT1
[08:11:35] [Rear Rack] Init - InitialDone - Site23_R_DT10_FT4
[08:11:35] [Front Rack] Init - InitialDone - Site12_F_FT2
[08:11:35] [Rear Rack] Init - InitialDone - Site24_R_FT1
[08:11:35] [Front Rack] Init - InitialDone - Site13_F_FT3
[08:11:35] [Rear Rack] Init - InitialDone - Site25_R_FT2
[08:11:35] [Rear Rack] Init - InitialDone - Site26_R_FT3
[08:11:35] [Front Rack] Init - InitialDone - Site1_F_DT1
[08:11:35] [Rear Rack] Init - InitialDone - Site14_R_DT1
[08:11:35] [Front Rack] Init - InitialDone - Site2_F_DT2
[08:11:35] [Rear Rack] Init - InitialDone - Site15_R_DT2
[08:11:35] [Front Rack] Init - InitialDone - Site3_F_DT3
[08:11:35] [Rear Rack] Init - InitialDone - Site16_R_DT3
[08:11:35] [Front Rack] Init - InitialDone - Site4_F_DT4
[08:11:35] [Rear Rack] Init - InitialDone - Site17_R_DT4
[08:11:35] [Front Rack] Init - InitialDone - Site5_F_DT5
[08:11:35] [Rear Rack] Init - InitialDone - Site18_R_DT5
[08:11:35] [Front Rack] Init - InitialDone - Site6_F_DT6
[08:11:35] [Rear Rack] Init - InitialDone - Site19_R_DT6
[08:11:35] [Front Rack] Init - InitialDone - Site7_F_DT7
[08:11:35] [Rear Rack] Init - InitialDone - Site20_R_DT7
[08:11:35] [Front Rack] Init - InitialDone - Site8_F_DT8
[08:11:35] [Rear Rack] Init - InitialDone - Site21_R_DT8
[08:11:35] [Front Rack] Init - InitialDone - Site9_F_DT9
[08:11:35] [Rear Rack] Init - InitialDone - Site22_R_DT9
[08:11:35] [Front Rack] Init - InitialDone - Site10_F_DT10_FT4
[08:11:35] [Rear Rack] Init - InitialDone - Site23_R_DT10_FT4
[08:11:35] [Front Rack] Init - InitialDone - Site11_F_FT1
[08:11:35] [Rear Rack] Init - InitialDone - Site24_R_FT1
[08:11:35] [Front Rack] Init - InitialDone - Site12_F_FT2
[08:11:35] [Rear Rack] Init - InitialDone - Site25_R_FT2
[08:11:35] [Front Rack] Init - InitialDone - Site13_F_FT3
[08:11:35] [Rear Rack] Init - InitialDone - Site26_R_FT3
[08:11:35] [Front Rack] Init - InitialDone - Site1_F_DT1
[08:11:35] [Rear Rack] Init - InitialDone - Site14_R_DT1
[08:11:35] [Front Rack] Init - InitialDone - Site2_F_DT2
[08:11:35] [Rear Rack] Init - InitialDone - Site15_R_DT2
[08:11:35] [Front Rack] Init - InitialDone - Site3_F_DT3
[08:11:35] [Rear Rack] Init - InitialDone - Site16_R_DT3
[08:11:35] [Front Rack] Init - InitialDone - Site4_F_DT4
[08:11:35] [Rear Rack] Init - InitialDone - Site17_R_DT4
[08:11:35] [Front Rack] Init - InitialDone - Site5_F_DT5
[08:11:35] [Rear Rack] Init - InitialDone - Site18_R_DT5
[08:11:35] [Front Rack] Init - InitialDone - Site6_F_DT6
[08:11:35] [Rear Rack] Init - InitialDone - Site19_R_DT6
[08:11:35] [Front Rack] Init - InitialDone - Site7_F_DT7
[08:11:35] [Rear Rack] Init - InitialDone - Site20_R_DT7
[08:11:35] [Front Rack] Init - InitialDone - Site8_F_DT8
[08:11:35] [Rear Rack] Init - InitialDone - Site21_R_DT8
[08:11:35] [Front Rack] Init - InitialDone - Site9_F_DT9
[08:11:35] [Rear Rack] Init - InitialDone - Site22_R_DT9
[08:11:35] [Front Rack] Init - InitialDone - Site10_F_DT10_FT4
[08:11:35] [Rear Rack] Init - InitialDone - Site23_R_DT10_FT4
[08:11:35] [Front Rack] Init - InitialDone - Site11_F_FT1
[08:11:35] [Rear Rack] Init - InitialDone - Site24_R_FT1
[08:11:35] [Front Rack] Init - InitialDone - Site12_F_FT2
[08:11:35] [Rear Rack] Init - InitialDone - Site25_R_FT2
[08:11:35] [Front Rack] Init - InitialDone - Site13_F_FT3
[08:11:35] [Rear Rack] Init - InitialDone - Site26_R_FT3
[08:11:35] [Front Rack] Init - InitialDone - Site1_F_DT1
[08:11:35] [Rear Rack] Init - InitialDone - Site14_R_DT1
[08:11:35] [Front Rack] Init - InitialDone - Site2_F_DT2
[08:11:35] [Rear Rack] Init - InitialDone - Site15_R_DT2
[08:11:35] [Front Rack] Init - InitialDone - Site3_F_DT3
[08:11:35] [Rear Rack] Init - InitialDone - Site16_R_DT3
[08:11:35] [Front Rack] Init - InitialDone - Site4_F_DT4
[08:11:35] [Rear Rack] Init - InitialDone - Site17_R_DT4
[08:11:35] [Front Rack] Init - InitialDone - Site5_F_DT5
[08:11:35] [Rear Rack] Init - InitialDone - Site18_R_DT5
[08:11:35] [Front Rack] Init - InitialDone - Site6_F_DT6
[08:11:35] [Rear Rack] Init - InitialDone - Site19_R_DT6
[08:11:35] [Front Rack] Init - InitialDone - Site7_F_DT7
[08:11:35] [Rear Rack] Init - InitialDone - Site20_R_DT7
[08:11:35] [Front Rack] Init - InitialDone - Site8_F_DT8
[08:11:35] [Rear Rack] Init - InitialDone - Site21_R_DT8
[08:11:35] [Front Rack] Init - InitialDone - Site9_F_DT9
[08:11:35] [Rear Rack] Init - InitialDone - Site22_R_DT9
[08:11:35] [Front Rack] Init - InitialDone - Site10_F_DT10_FT4
[08:11:35] [Rear Rack] Init - InitialDone - Site23_R_DT10_FT4
[08:11:35] [Front Rack] Init - InitialDone - Site11_F_FT1
[08:11:35] [Rear Rack] Init - InitialDone - Site24_R_FT1
[08:11:35] [Front Rack] Init - InitialDone - Site12_F_FT2
[08:11:35] [Rear Rack] Init - InitialDone - Site25_R_FT2
[08:11:35] [Front Rack] Init - InitialDone - Site13_F_FT3
[08:11:35] [Rear Rack] Init - InitialDone - Site26_R_FT3
[08:11:35] [Front Rack] Init - InitialDone - Site1_F_DT1
[08:11:35] [Rear Rack] Init - InitialDone - Site14_R_DT1
[08:11:35] [Front Rack] Init - InitialDone - Site2_F_DT2
[08:11:35] [Rear Rack] Init - InitialDone - Site15_R_DT2
[08:11:35] [Front Rack] Init - InitialDone - Site3_F_DT3
[08:11:35] [Rear Rack] Init - InitialDone - Site16_R_DT3
[08:11:35] [Front Rack] Init - InitialDone - Site4_F_DT4
[08:11:35] [Rear Rack] Init - InitialDone - Site17_R_DT4
[08:11:35] [Front Rack] Init - InitialDone - Site5_F_DT5
[08:11:35] [Rear Rack] Init - InitialDone - Site18_R_DT5
[08:11:35] [Front Rack] Init - InitialDone - Site6_F_DT6
[08:11:35] [Rear Rack] Init - InitialDone - Site19_R_DT6
[08:11:35] [Front Rack] Init - InitialDone - Site7_F_DT7
[08:11:35] [Rear Rack] Init - InitialDone - Site20_R_DT7
[08:11:35] [Front Rack] Init - InitialDone - Site8_F_DT8
[08:11:35] [Rear Rack] Init - InitialDone - Site21_R_DT8
[08:11:35] [Front Rack] Init - InitialDone - Site9_F_DT9
[08:11:35] [Rear Rack] Init - InitialDone - Site22_R_DT9
[08:11:35] [Front Rack] Init - InitialDone - Site10_F_DT10_FT4
[08:11:35] [Rear Rack] Init - InitialDone - Site23_R_DT10_FT4
[08:11:35] [Front Rack] Init - InitialDone - Site11_F_FT1
[08:11:35] [Rear Rack] Init - InitialDone - Site24_R_FT1
[08:11:35] [Front Rack] Init - InitialDone - Site12_F_FT2
[08:11:35] [Rear Rack] Init - InitialDone - Site25_R_FT2
[08:11:35] [Front Rack] Init - InitialDone - Site13_F_FT3
[08:11:35] [Rear Rack] Init - InitialDone - Site26_R_FT3
[08:11:35] [Front Rack] Init - InitialDone - Site1_F_DT1
[08:11:35] [Rear Rack] Init - InitialDone - Site14_R_DT1
[08:11:35] [Front Rack] Init - InitialDone - Site2_F_DT2
[08:11:35] [Rear Rack] Init - InitialDone - Site15_R_DT2
[08:11:35] [Front Rack] Init - InitialDone - Site3_F_DT3
[08:11:35] [Rear Rack] Init - InitialDone - Site16_R_DT3
[08:11:35] [Front Rack] Init - InitialDone - Site4_F_DT4
[08:11:35] [Rear Rack] Init - InitialDone - Site17_R_DT4
[08:11:35] [Front Rack] Init - InitialDone - Site5_F_DT5
[08:11:35] [Rear Rack] Init - InitialDone - Site18_R_DT5
[08:11:35] [Front Rack] Init - InitialDone - Site6_F_DT6
[08:11:35] [Rear Rack] Init - InitialDone - Site19_R_DT6
[08:11:35] [Front Rack] Init - InitialDone - Site7_F_DT7
[08:11:35] [Rear Rack] Init - InitialDone - Site20_R_DT7
[08:11:35] [Front Rack] Init - InitialDone - Site8_F_DT8
[08:11:35] [Rear Rack] Init - InitialDone - Site21_R_DT8
[08:11:35] [Front Rack] Init - InitialDone - Site9_F_DT9
[08:11:35] [Rear Rack] Init - InitialDone - Site22_R_DT9
[08:11:35] [Front Rack] Init - InitialDone - Site10_F_DT10_FT4
[08:11:35] [Rear Rack] Init - InitialDone - Site23_R_DT10_FT4
[08:11:35] [Front Rack] Init - InitialDone - Site11_F_FT1
[08:11:35] [Rear Rack] Init - InitialDone - Site24_R_FT1
[08:11:35] [Front Rack] Init - InitialDone - Site12_F_FT2
[08:11:35] [Rear Rack] Init - InitialDone - Site25_R_FT2
[08:11:35] [Front Rack] Init - InitialDone - Site13_F_FT3
[08:11:35] [Rear Rack] Init - InitialDone - Site26_R_FT3
[08:11:35] [Front Rack] Init - InitialDone - Site1_F_DT1
[08:11:35] [Rear Rack] Init - InitialDone - Site14_R_DT1
[08:11:35] [Front Rack] Init - InitialDone - Site2_F_DT2
[08:11:35] [Rear Rack] Init - InitialDone - Site15_R_DT2
[08:11:35] [Front Rack] Init - InitialDone - Site3_F_DT3
[08:11:35] [Rear Rack] Init - InitialDone - Site16_R_DT3
[08:11:35] [Front Rack] Init - InitialDone - Site4_F_DT4
[08:11:35] [Rear Rack] Init - InitialDone - Site17_R_DT4
[08:11:35] [Front Rack] Init - InitialDone - Site5_F_DT5
[08:11:35] [Rear Rack] Init - InitialDone - Site18_R_DT5
[08:11:35] [Front Rack] Init - InitialDone - Site6_F_DT6
[08:11:35] [Rear Rack] Init - InitialDone - Site19_R_DT6
[08:11:35] [Front Rack] Init - InitialDone - Site7_F_DT7
[08:11:35] [Rear Rack] Init - InitialDone - Site20_R_DT7
[08:11:35] [Front Rack] Init - InitialDone - Site8_F_DT8
[08:11:35] [Rear Rack] Init - InitialDone - Site21_R_DT8
[08:11:35] [Front Rack] Init - InitialDone - Site9_F_DT9
[08:11:35] [Rear Rack] Init - InitialDone - Site22_R_DT9
[08:11:35] [Front Rack] Init - InitialDone - Site10_F_DT10_FT4
[08:11:35] [Rear Rack] Init - InitialDone - Site23_R_DT10_FT4
[08:11:35] [Front Rack] Init - InitialDone - Site11_F_FT1
[08:11:35] [Rear Rack] Init - InitialDone - Site24_R_FT1
[08:11:35] [Front Rack] Init - InitialDone - Site12_F_FT2
[08:11:35] [Rear Rack] Init - InitialDone - Site25_R_FT2
[08:11:35] [Front Rack] Init - InitialDone - Site13_F_FT3
[08:11:35] [Rear Rack] Init - InitialDone - Site26_R_FT3
[08:11:35] [Front Rack] Init - InitialDone - Site1_F_DT1
[08:11:35] [Rear Rack] Init - InitialDone - Site14_R_DT1
[08:11:35] [Front Rack] Init - InitialDone - Site2_F_DT2
[08:11:35] [Rear Rack] Init - InitialDone - Site15_R_DT2
[08:11:35] [Front Rack] Init - InitialDone - Site3_F_DT3
[08:11:35] [Rear Rack] Init - InitialDone - Site16_R_DT3
[08:11:35] [Front Rack] Init - InitialDone - Site4_F_DT4
[08:11:35] [Rear Rack] Init - InitialDone - Site17_R_DT4
[08:11:35] [Front Rack] Init - InitialDone - Site5_F_DT5
[08:11:35] [Rear Rack] Init - InitialDone - Site18_R_DT5
[08:11:35] [Front Rack] Init - InitialDone - Site6_F_DT6
[08:11:35] [Rear Rack] Init - InitialDone - Site19_R_DT6
[08:11:35] [Front Rack] Init - InitialDone - Site7_F_DT7
[08:11:35] [Rear Rack] Init - InitialDone - Site20_R_DT7
[08:11:35] [Front Rack] Init - InitialDone - Site8_F_DT8
[08:11:35] [Rear Rack] Init - InitialDone - Site21_R_DT8
[08:11:35] [Front Rack] Init - InitialDone - Site9_F_DT9
[08:11:35] [Rear Rack] Init - InitialDone - Site22_R_DT9
[08:11:35] [Front Rack] Init - InitialDone - Site10_F_DT10_FT4
[08:11:35] [Rear Rack] Init - InitialDone - Site23_R_DT10_FT4
[08:11:35] [Front Rack] Init - InitialDone - Site11_F_FT1
[08:11:35] [Rear Rack] Init - InitialDone - Site24_R_FT1
[08:11:35] [Front Rack] Init - InitialDone - Site12_F_FT2
[08:11:35] [Rear Rack] Init - InitialDone - Site25_R_FT2
[08:11:35] [Front Rack] Init - InitialDone - Site13_F_FT3
[08:11:35] [Rear Rack] Init - InitialDone - Site26_R_FT3
[08:11:35] [Front Rack] Init - InitialDone - Site1_F_DT1
[08:11:35] [Rear Rack] Init - InitialDone - Site14_R_DT1
[08:11:35] [Front Rack] Init - InitialDone - Site2_F_DT2
[08:11:35] [Rear Rack] Init - InitialDone - Site15_R_DT2
[08:11:35] [Front Rack] Init - InitialDone - Site3_F_DT3
[08:11:35] [Rear Rack] Init - InitialDone - Site16_R_DT3
[08:11:35] [Front Rack] Init - InitialDone - Site4_F_DT4
[08:11:35] [Rear Rack] Init - InitialDone - Site17_R_DT4
[08:11:35] [Front Rack] Init - InitialDone - Site5_F_DT5
[08:11:35] [Rear Rack] Init - InitialDone - Site18_R_DT5
[08:11:35] [Front Rack] Init - InitialDone - Site6_F_DT6
[08:11:35] [Rear Rack] Init - InitialDone - Site19_R_DT6
[08:11:35] [Front Rack] Init - InitialDone - Site7_F_DT7
[08:11:35] [Rear Rack] Init - InitialDone - Site20_R_DT7
[08:11:35] [Front Rack] Init - InitialDone - Site8_F_DT8
[08:11:35] [Rear Rack] Init - InitialDone - Site21_R_DT8
[08:11:35] [Front Rack] Init - InitialDone - Site9_F_DT9
[08:11:35] [Rear Rack] Init - InitialDone - Site22_R_DT9
[08:11:35] [Front Rack] Init - InitialDone - Site10_F_DT10_FT4
[08:11:35] [Rear Rack] Init - InitialDone - Site23_R_DT10_FT4
[08:11:35] [Front Rack] Init - InitialDone - Site11_F_FT1
[08:11:35] [Rear Rack] Init - InitialDone - Site24_R_FT1
[08:11:35] [Front Rack] Init - InitialDone - Site12_F_FT2
[08:11:35] [Rear Rack] Init - InitialDone - Site25_R_FT2
[08:11:35] [Front Rack] Init - InitialDone - Site13_F_FT3
[08:11:35] [Rear Rack] Init - InitialDone - Site26_R_FT3
[08:11:35] [Front Rack] Init - InitialDone - Site1_F_DT1
[08:11:35] [Front Rack] Init - InitialDone - Site2_F_DT2
[08:11:35] [Rear Rack] Init - InitialDone - Site14_R_DT1
[08:11:35] [Front Rack] Init - InitialDone - Site3_F_DT3
[08:11:35] [Rear Rack] Init - InitialDone - Site15_R_DT2
[08:11:35] [Front Rack] Init - InitialDone - Site4_F_DT4
[08:11:35] [Rear Rack] Init - InitialDone - Site16_R_DT3
[08:11:35] [Front Rack] Init - InitialDone - Site5_F_DT5
[08:11:35] [Rear Rack] Init - InitialDone - Site17_R_DT4
[08:11:35] [Front Rack] Init - InitialDone - Site6_F_DT6
[08:11:35] [Rear Rack] Init - InitialDone - Site18_R_DT5
[08:11:35] [Front Rack] Init - InitialDone - Site7_F_DT7
[08:11:35] [Rear Rack] Init - InitialDone - Site19_R_DT6
[08:11:35] [Front Rack] Init - InitialDone - Site8_F_DT8
[08:11:35] [Rear Rack] Init - InitialDone - Site20_R_DT7
[08:11:35] [Front Rack] Init - InitialDone - Site9_F_DT9
[08:11:35] [Rear Rack] Init - InitialDone - Site21_R_DT8
[08:11:35] [Front Rack] Init - InitialDone - Site10_F_DT10_FT4
[08:11:35] [Rear Rack] Init - InitialDone - Site22_R_DT9
[08:11:35] [Front Rack] Init - InitialDone - Site11_F_FT1
[08:11:35] [Rear Rack] Init - InitialDone - Site23_R_DT10_FT4
[08:11:35] [Front Rack] Init - InitialDone - Site12_F_FT2
[08:11:35] [Rear Rack] Init - InitialDone - Site24_R_FT1
[08:11:35] [Front Rack] Init - InitialDone - Site13_F_FT3
[08:11:35] [Rear Rack] Init - InitialDone - Site25_R_FT2
[08:11:35] [Rear Rack] Init - InitialDone - Site26_R_FT3
[08:11:35] [Front Rack] Init - InitialDone - Site1_F_DT1
[08:11:35] [Front Rack] Init - InitialDone - Site2_F_DT2
[08:11:35] [Rear Rack] Init - InitialDone - Site14_R_DT1
[08:11:35] [Front Rack] Init - InitialDone - Site3_F_DT3
[08:11:35] [Rear Rack] Init - InitialDone - Site15_R_DT2
[08:11:35] [Front Rack] Init - InitialDone - Site4_F_DT4
[08:11:35] [Rear Rack] Init - InitialDone - Site16_R_DT3
[08:11:35] [Front Rack] Init - InitialDone - Site5_F_DT5
[08:11:35] [Rear Rack] Init - InitialDone - Site17_R_DT4
[08:11:35] [Front Rack] Init - InitialDone - Site6_F_DT6
[08:11:35] [Rear Rack] Init - InitialDone - Site18_R_DT5
[08:11:35] [Front Rack] Init - InitialDone - Site7_F_DT7
[08:11:35] [Rear Rack] Init - InitialDone - Site19_R_DT6
[08:11:35] [Front Rack] Init - InitialDone - Site8_F_DT8
[08:11:35] [Rear Rack] Init - InitialDone - Site20_R_DT7
[08:11:35] [Front Rack] Init - InitialDone - Site9_F_DT9
[08:11:35] [Rear Rack] Init - InitialDone - Site21_R_DT8
[08:11:35] [Front Rack] Init - InitialDone - Site10_F_DT10_FT4
[08:11:35] [Rear Rack] Init - InitialDone - Site22_R_DT9
[08:11:35] [Front Rack] Init - InitialDone - Site11_F_FT1
[08:11:35] [Rear Rack] Init - InitialDone - Site23_R_DT10_FT4
[08:11:35] [Front Rack] Init - InitialDone - Site12_F_FT2
[08:11:35] [Rear Rack] Init - InitialDone - Site24_R_FT1
[08:11:35] [Front Rack] Init - InitialDone - Site13_F_FT3
[08:11:35] [Rear Rack] Init - InitialDone - Site25_R_FT2
[08:11:35] [Rear Rack] Init - InitialDone - Site26_R_FT3
[08:11:35] [Front Rack] Init - InitialDone - Site1_F_DT1
[08:11:35] [Front Rack] Init - InitialDone - Site2_F_DT2
[08:11:35] [Rear Rack] Init - InitialDone - Site14_R_DT1
[08:11:35] [Front Rack] Init - InitialDone - Site3_F_DT3
[08:11:35] [Rear Rack] Init - InitialDone - Site15_R_DT2
[08:11:35] [Front Rack] Init - InitialDone - Site4_F_DT4
[08:11:35] [Rear Rack] Init - InitialDone - Site16_R_DT3
[08:11:35] [Front Rack] Init - InitialDone - Site5_F_DT5
[08:11:35] [Rear Rack] Init - InitialDone - Site17_R_DT4
[08:11:35] [Front Rack] Init - InitialDone - Site6_F_DT6
[08:11:35] [Rear Rack] Init - InitialDone - Site18_R_DT5
[08:11:35] [Front Rack] Init - InitialDone - Site7_F_DT7
[08:11:35] [Rear Rack] Init - InitialDone - Site19_R_DT6
[08:11:35] [Front Rack] Init - InitialDone - Site8_F_DT8
[08:11:35] [Rear Rack] Init - InitialDone - Site20_R_DT7
[08:11:35] [Front Rack] Init - InitialDone - Site9_F_DT9
[08:11:35] [Rear Rack] Init - InitialDone - Site21_R_DT8
[08:11:35] [Front Rack] Init - InitialDone - Site10_F_DT10_FT4
[08:11:35] [Rear Rack] Init - InitialDone - Site22_R_DT9
[08:11:35] [Front Rack] Init - InitialDone - Site11_F_FT1
[08:11:35] [Rear Rack] Init - InitialDone - Site23_R_DT10_FT4
[08:11:35] [Front Rack] Init - InitialDone - Site12_F_FT2
[08:11:35] [Rear Rack] Init - InitialDone - Site24_R_FT1
[08:11:35] [Front Rack] Init - InitialDone - Site13_F_FT3
[08:11:35] [Rear Rack] Init - InitialDone - Site25_R_FT2
[08:11:35] [Rear Rack] Init - InitialDone - Site26_R_FT3
[08:11:35] [Front Rack] Init - InitialDone - Site1_F_DT1
[08:11:35] [Rear Rack] Init - InitialDone - Site14_R_DT1
[08:11:35] [Front Rack] Init - InitialDone - Site2_F_DT2
[08:11:35] [Rear Rack] Init - InitialDone - Site15_R_DT2
[08:11:35] [Front Rack] Init - InitialDone - Site3_F_DT3
[08:11:35] [Rear Rack] Init - InitialDone - Site16_R_DT3
[08:11:35] [Front Rack] Init - InitialDone - Site4_F_DT4
[08:11:35] [Rear Rack] Init - InitialDone - Site17_R_DT4
[08:11:35] [Front Rack] Init - InitialDone - Site5_F_DT5
[08:11:35] [Rear Rack] Init - InitialDone - Site18_R_DT5
[08:11:35] [Front Rack] Init - InitialDone - Site6_F_DT6
[08:11:35] [Rear Rack] Init - InitialDone - Site19_R_DT6
[08:11:35] [Front Rack] Init - InitialDone - Site7_F_DT7
[08:11:35] [Rear Rack] Init - InitialDone - Site20_R_DT7
[08:11:35] [Front Rack] Init - InitialDone - Site8_F_DT8
[08:11:35] [Rear Rack] Init - InitialDone - Site21_R_DT8
[08:11:35] [Front Rack] Init - InitialDone - Site9_F_DT9
[08:11:35] [Rear Rack] Init - InitialDone - Site22_R_DT9
[08:11:35] [Front Rack] Init - InitialDone - Site10_F_DT10_FT4
[08:11:35] [Rear Rack] Init - InitialDone - Site23_R_DT10_FT4
[08:11:35] [Front Rack] Init - InitialDone - Site11_F_FT1
[08:11:35] [Rear Rack] Init - InitialDone - Site24_R_FT1
[08:11:35] [Front Rack] Init - InitialDone - Site12_F_FT2
[08:11:35] [Rear Rack] Init - InitialDone - Site25_R_FT2
[08:11:35] [Front Rack] Init - InitialDone - Site13_F_FT3
[08:11:35] [Rear Rack] Init - InitialDone - Site26_R_FT3
[08:11:35] [Front Rack] Init - InitialDone - Site1_F_DT1
[08:11:35] [Rear Rack] Init - InitialDone - Site14_R_DT1
[08:11:35] [Front Rack] Init - InitialDone - Site2_F_DT2
[08:11:35] [Rear Rack] Init - InitialDone - Site15_R_DT2
[08:11:35] [Front Rack] Init - InitialDone - Site3_F_DT3
[08:11:35] [Rear Rack] Init - InitialDone - Site16_R_DT3
[08:11:35] [Front Rack] Init - InitialDone - Site4_F_DT4
[08:11:35] [Rear Rack] Init - InitialDone - Site17_R_DT4
[08:11:35] [Front Rack] Init - InitialDone - Site5_F_DT5
[08:11:35] [Rear Rack] Init - InitialDone - Site18_R_DT5
[08:11:35] [Front Rack] Init - InitialDone - Site6_F_DT6
[08:11:35] [Rear Rack] Init - InitialDone - Site19_R_DT6
[08:11:35] [Front Rack] Init - InitialDone - Site7_F_DT7
[08:11:35] [Rear Rack] Init - InitialDone - Site20_R_DT7
[08:11:35] [Front Rack] Init - InitialDone - Site8_F_DT8
[08:11:35] [Rear Rack] Init - InitialDone - Site21_R_DT8
[08:11:35] [Front Rack] Init - InitialDone - Site9_F_DT9
[08:11:35] [Rear Rack] Init - InitialDone - Site22_R_DT9
[08:11:35] [Front Rack] Init - InitialDone - Site10_F_DT10_FT4
[08:11:35] [Rear Rack] Init - InitialDone - Site23_R_DT10_FT4
[08:11:35] [Front Rack] Init - InitialDone - Site11_F_FT1
[08:11:35] [Rear Rack] Init - InitialDone - Site24_R_FT1
[08:11:35] [Front Rack] Init - InitialDone - Site12_F_FT2
[08:11:35] [Rear Rack] Init - InitialDone - Site25_R_FT2
[08:11:35] [Front Rack] Init - InitialDone - Site13_F_FT3
[08:11:35] [Rear Rack] Init - InitialDone - Site26_R_FT3
[08:11:35] [Front Rack] Init - InitialDone - Site1_F_DT1
[08:11:35] [Rear Rack] Init - InitialDone - Site14_R_DT1
[08:11:35] [Front Rack] Init - InitialDone - Site2_F_DT2
[08:11:35] [Rear Rack] Init - InitialDone - Site15_R_DT2
[08:11:35] [Front Rack] Init - InitialDone - Site3_F_DT3
[08:11:35] [Rear Rack] Init - InitialDone - Site16_R_DT3
[08:11:35] [Front Rack] Init - InitialDone - Site4_F_DT4
[08:11:35] [Rear Rack] Init - InitialDone - Site17_R_DT4
[08:11:35] [Front Rack] Init - InitialDone - Site5_F_DT5
[08:11:35] [Rear Rack] Init - InitialDone - Site18_R_DT5
[08:11:35] [Front Rack] Init - InitialDone - Site6_F_DT6
[08:11:35] [Rear Rack] Init - InitialDone - Site19_R_DT6
[08:11:35] [Front Rack] Init - InitialDone - Site7_F_DT7
[08:11:35] [Rear Rack] Init - InitialDone - Site20_R_DT7
[08:11:35] [Front Rack] Init - InitialDone - Site8_F_DT8
[08:11:35] [Rear Rack] Init - InitialDone - Site21_R_DT8
[08:11:35] [Front Rack] Init - InitialDone - Site9_F_DT9
[08:11:35] [Rear Rack] Init - InitialDone - Site22_R_DT9
[08:11:35] [Front Rack] Init - InitialDone - Site10_F_DT10_FT4
[08:11:35] [Rear Rack] Init - InitialDone - Site23_R_DT10_FT4
[08:11:35] [Front Rack] Init - InitialDone - Site11_F_FT1
[08:11:35] [Rear Rack] Init - InitialDone - Site24_R_FT1
[08:11:35] [Front Rack] Init - InitialDone - Site12_F_FT2
[08:11:35] [Rear Rack] Init - InitialDone - Site25_R_FT2
[08:11:35] [Front Rack] Init - InitialDone - Site13_F_FT3
[08:11:35] [Rear Rack] Init - InitialDone - Site26_R_FT3
[08:11:35] [Front Rack] Init - InitialDone - Site1_F_DT1
[08:11:35] [Rear Rack] Init - InitialDone - Site14_R_DT1
[08:11:35] [Front Rack] Init - InitialDone - Site2_F_DT2
[08:11:35] [Rear Rack] Init - InitialDone - Site15_R_DT2
[08:11:35] [Front Rack] Init - InitialDone - Site3_F_DT3
[08:11:35] [Rear Rack] Init - InitialDone - Site16_R_DT3
[08:11:35] [Front Rack] Init - InitialDone - Site4_F_DT4
[08:11:35] [Rear Rack] Init - InitialDone - Site17_R_DT4
[08:11:35] [Front Rack] Init - InitialDone - Site5_F_DT5
[08:11:35] [Rear Rack] Init - InitialDone - Site18_R_DT5
[08:11:35] [Front Rack] Init - InitialDone - Site6_F_DT6
[08:11:35] [Rear Rack] Init - InitialDone - Site19_R_DT6
[08:11:35] [Front Rack] Init - InitialDone - Site7_F_DT7
[08:11:35] [Rear Rack] Init - InitialDone - Site20_R_DT7
[08:11:35] [Front Rack] Init - InitialDone - Site8_F_DT8
[08:11:35] [Rear Rack] Init - InitialDone - Site21_R_DT8
[08:11:35] [Front Rack] Init - InitialDone - Site9_F_DT9
[08:11:35] [Rear Rack] Init - InitialDone - Site22_R_DT9
[08:11:35] [Front Rack] Init - InitialDone - Site10_F_DT10_FT4
[08:11:35] [Rear Rack] Init - InitialDone - Site23_R_DT10_FT4
[08:11:35] [Front Rack] Init - InitialDone - Site11_F_FT1
[08:11:35] [Rear Rack] Init - InitialDone - Site24_R_FT1
[08:11:35] [Front Rack] Init - InitialDone - Site12_F_FT2
[08:11:35] [Rear Rack] Init - InitialDone - Site25_R_FT2
[08:11:35] [Front Rack] Init - InitialDone - Site13_F_FT3
[08:11:35] [Rear Rack] Init - InitialDone - Site26_R_FT3
[08:11:35] [Front Rack] Init - InitialDone - Site1_F_DT1
[08:11:35] [Front Rack] Init - InitialDone - Site2_F_DT2
[08:11:35] [Rear Rack] Init - InitialDone - Site14_R_DT1
[08:11:35] [Front Rack] Init - InitialDone - Site3_F_DT3
[08:11:35] [Rear Rack] Init - InitialDone - Site15_R_DT2
[08:11:35] [Front Rack] Init - InitialDone - Site4_F_DT4
[08:11:35] [Rear Rack] Init - InitialDone - Site16_R_DT3
[08:11:35] [Front Rack] Init - InitialDone - Site5_F_DT5
[08:11:35] [Rear Rack] Init - InitialDone - Site17_R_DT4
[08:11:35] [Front Rack] Init - InitialDone - Site6_F_DT6
[08:11:35] [Rear Rack] Init - InitialDone - Site18_R_DT5
[08:11:35] [Front Rack] Init - InitialDone - Site7_F_DT7
[08:11:35] [Rear Rack] Init - InitialDone - Site19_R_DT6
[08:11:35] [Front Rack] Init - InitialDone - Site8_F_DT8
[08:11:35] [Rear Rack] Init - InitialDone - Site20_R_DT7
[08:11:35] [Front Rack] Init - InitialDone - Site9_F_DT9
[08:11:35] [Rear Rack] Init - InitialDone - Site21_R_DT8
[08:11:35] [Front Rack] Init - InitialDone - Site10_F_DT10_FT4
[08:11:35] [Rear Rack] Init - InitialDone - Site22_R_DT9
[08:11:35] [Front Rack] Init - InitialDone - Site11_F_FT1
[08:11:35] [Rear Rack] Init - InitialDone - Site23_R_DT10_FT4
[08:11:35] [Front Rack] Init - InitialDone - Site12_F_FT2
[08:11:35] [Rear Rack] Init - InitialDone - Site24_R_FT1
[08:11:35] [Front Rack] Init - InitialDone - Site13_F_FT3
[08:11:35] [Rear Rack] Init - InitialDone - Site25_R_FT2
[08:11:35] [Rear Rack] Init - InitialDone - Site26_R_FT3
[08:11:35] [Front Rack] Init - InitialDone - Site1_F_DT1
[08:11:35] [Front Rack] Init - InitialDone - Site2_F_DT2
[08:11:35] [Front Rack] Init - InitialDone - Site3_F_DT3
[08:11:35] [Front Rack] Init - InitialDone - Site4_F_DT4
[08:11:35] [Rear Rack] Init - InitialDone - Site14_R_DT1
[08:11:35] [Front Rack] Init - InitialDone - Site5_F_DT5
[08:11:35] [Rear Rack] Init - InitialDone - Site15_R_DT2
[08:11:35] [Front Rack] Init - InitialDone - Site6_F_DT6
[08:11:35] [Rear Rack] Init - InitialDone - Site16_R_DT3
[08:11:35] [Front Rack] Init - InitialDone - Site7_F_DT7
[08:11:35] [Rear Rack] Init - InitialDone - Site17_R_DT4
[08:11:35] [Front Rack] Init - InitialDone - Site8_F_DT8
[08:11:35] [Rear Rack] Init - InitialDone - Site18_R_DT5
[08:11:35] [Front Rack] Init - InitialDone - Site9_F_DT9
[08:11:35] [Rear Rack] Init - InitialDone - Site19_R_DT6
[08:11:35] [Front Rack] Init - InitialDone - Site10_F_DT10_FT4
[08:11:35] [Rear Rack] Init - InitialDone - Site20_R_DT7
[08:11:35] [Front Rack] Init - InitialDone - Site11_F_FT1
[08:11:35] [Rear Rack] Init - InitialDone - Site21_R_DT8
[08:11:35] [Front Rack] Init - InitialDone - Site12_F_FT2
[08:11:35] [Rear Rack] Init - InitialDone - Site22_R_DT9
[08:11:35] [Front Rack] Init - InitialDone - Site13_F_FT3
[08:11:35] [Rear Rack] Init - InitialDone - Site23_R_DT10_FT4
[08:11:35] [Rear Rack] Init - InitialDone - Site24_R_FT1
[08:11:35] [Rear Rack] Init - InitialDone - Site25_R_FT2
[08:11:35] [Rear Rack] Init - InitialDone - Site26_R_FT3
[08:11:35] [Front Rack] Init - InitialDone - Site1_F_DT1
[08:11:35] [Front Rack] Init - InitialDone - Site2_F_DT2
[08:11:35] [Front Rack] Init - InitialDone - Site3_F_DT3
[08:11:35] [Rear Rack] Init - InitialDone - Site14_R_DT1
[08:11:35] [Front Rack] Init - InitialDone - Site4_F_DT4
[08:11:35] [Rear Rack] Init - InitialDone - Site15_R_DT2
[08:11:35] [Front Rack] Init - InitialDone - Site5_F_DT5
[08:11:35] [Rear Rack] Init - InitialDone - Site16_R_DT3
[08:11:35] [Front Rack] Init - InitialDone - Site6_F_DT6
[08:11:35] [Rear Rack] Init - InitialDone - Site17_R_DT4
[08:11:35] [Front Rack] Init - InitialDone - Site7_F_DT7
[08:11:35] [Rear Rack] Init - InitialDone - Site18_R_DT5
[08:11:35] [Front Rack] Init - InitialDone - Site8_F_DT8
[08:11:35] [Rear Rack] Init - InitialDone - Site19_R_DT6
[08:11:35] [Front Rack] Init - InitialDone - Site9_F_DT9
[08:11:35] [Rear Rack] Init - InitialDone - Site20_R_DT7
[08:11:35] [Front Rack] Init - InitialDone - Site10_F_DT10_FT4
[08:11:35] [Rear Rack] Init - InitialDone - Site21_R_DT8
[08:11:35] [Front Rack] Init - InitialDone - Site11_F_FT1
[08:11:35] [Rear Rack] Init - InitialDone - Site22_R_DT9
[08:11:35] [Front Rack] Init - InitialDone - Site12_F_FT2
[08:11:35] [Rear Rack] Init - InitialDone - Site23_R_DT10_FT4
[08:11:35] [Front Rack] Init - InitialDone - Site13_F_FT3
[08:11:35] [Rear Rack] Init - InitialDone - Site24_R_FT1
[08:11:35] [Rear Rack] Init - InitialDone - Site25_R_FT2
[08:11:35] [Rear Rack] Init - InitialDone - Site26_R_FT3
[08:11:35] [Front Rack] Init - InitialDone - Site1_F_DT1
[08:11:35] [Front Rack] Init - InitialDone - Site2_F_DT2
[08:11:35] [Front Rack] Init - InitialDone - Site3_F_DT3
[08:11:35] [Rear Rack] Init - InitialDone - Site14_R_DT1
[08:11:35] [Front Rack] Init - InitialDone - Site4_F_DT4
[08:11:35] [Rear Rack] Init - InitialDone - Site15_R_DT2
[08:11:35] [Front Rack] Init - InitialDone - Site5_F_DT5
[08:11:35] [Rear Rack] Init - InitialDone - Site16_R_DT3
[08:11:35] [Front Rack] Init - InitialDone - Site6_F_DT6
[08:11:35] [Rear Rack] Init - InitialDone - Site17_R_DT4
[08:11:35] [Front Rack] Init - InitialDone - Site7_F_DT7
[08:11:35] [Rear Rack] Init - InitialDone - Site18_R_DT5
[08:11:35] [Front Rack] Init - InitialDone - Site8_F_DT8
[08:11:35] [Rear Rack] Init - InitialDone - Site19_R_DT6
[08:11:35] [Front Rack] Init - InitialDone - Site9_F_DT9
[08:11:35] [Rear Rack] Init - InitialDone - Site20_R_DT7
[08:11:35] [Front Rack] Init - InitialDone - Site10_F_DT10_FT4
[08:11:35] [Rear Rack] Init - InitialDone - Site21_R_DT8
[08:11:35] [Front Rack] Init - InitialDone - Site11_F_FT1
[08:11:35] [Rear Rack] Init - InitialDone - Site22_R_DT9
[08:11:35] [Front Rack] Init - InitialDone - Site12_F_FT2
[08:11:35] [Rear Rack] Init - InitialDone - Site23_R_DT10_FT4
[08:11:35] [Front Rack] Init - InitialDone - Site13_F_FT3
[08:11:35] [Rear Rack] Init - InitialDone - Site24_R_FT1
[08:11:35] [Rear Rack] Init - InitialDone - Site25_R_FT2
[08:11:35] [Rear Rack] Init - InitialDone - Site26_R_FT3
[08:11:35] [Front Rack] Init - InitialDone - Site1_F_DT1
[08:11:35] [Front Rack] Init - InitialDone - Site2_F_DT2
[08:11:35] [Rear Rack] Init - InitialDone - Site14_R_DT1
[08:11:35] [Front Rack] Init - InitialDone - Site3_F_DT3
[08:11:35] [Rear Rack] Init - InitialDone - Site15_R_DT2
[08:11:35] [Front Rack] Init - InitialDone - Site4_F_DT4
[08:11:35] [Rear Rack] Init - InitialDone - Site16_R_DT3
[08:11:35] [Front Rack] Init - InitialDone - Site5_F_DT5
[08:11:35] [Rear Rack] Init - InitialDone - Site17_R_DT4
[08:11:35] [Front Rack] Init - InitialDone - Site6_F_DT6
[08:11:35] [Rear Rack] Init - InitialDone - Site18_R_DT5
[08:11:35] [Front Rack] Init - InitialDone - Site7_F_DT7
[08:11:35] [Rear Rack] Init - InitialDone - Site19_R_DT6
[08:11:35] [Front Rack] Init - InitialDone - Site8_F_DT8
[08:11:35] [Rear Rack] Init - InitialDone - Site20_R_DT7
[08:11:35] [Front Rack] Init - InitialDone - Site9_F_DT9
[08:11:35] [Rear Rack] Init - InitialDone - Site21_R_DT8
[08:11:35] [Front Rack] Init - InitialDone - Site10_F_DT10_FT4
[08:11:35] [Rear Rack] Init - InitialDone - Site22_R_DT9
[08:11:35] [Front Rack] Init - InitialDone - Site11_F_FT1
[08:11:35] [Rear Rack] Init - InitialDone - Site23_R_DT10_FT4
[08:11:35] [Front Rack] Init - InitialDone - Site12_F_FT2
[08:11:35] [Rear Rack] Init - InitialDone - Site24_R_FT1
[08:11:35] [Front Rack] Init - InitialDone - Site13_F_FT3
[08:11:35] [Rear Rack] Init - InitialDone - Site25_R_FT2
[08:11:35] [Rear Rack] Init - InitialDone - Site26_R_FT3
[08:11:35] [Front Rack] Init - InitialDone - Site1_F_DT1
[08:11:35] [Rear Rack] Init - InitialDone - Site14_R_DT1
[08:11:35] [Front Rack] Init - InitialDone - Site2_F_DT2
[08:11:35] [Rear Rack] Init - InitialDone - Site15_R_DT2
[08:11:35] [Front Rack] Init - InitialDone - Site3_F_DT3
[08:11:35] [Rear Rack] Init - InitialDone - Site16_R_DT3
[08:11:35] [Front Rack] Init - InitialDone - Site4_F_DT4
[08:11:35] [Rear Rack] Init - InitialDone - Site17_R_DT4
[08:11:35] [Front Rack] Init - InitialDone - Site5_F_DT5
[08:11:35] [Rear Rack] Init - InitialDone - Site18_R_DT5
[08:11:35] [Front Rack] Init - InitialDone - Site6_F_DT6
[08:11:35] [Rear Rack] Init - InitialDone - Site19_R_DT6
[08:11:35] [Front Rack] Init - InitialDone - Site7_F_DT7
[08:11:35] [Rear Rack] Init - InitialDone - Site20_R_DT7
[08:11:35] [Front Rack] Init - InitialDone - Site8_F_DT8
[08:11:35] [Rear Rack] Init - InitialDone - Site21_R_DT8
[08:11:35] [Front Rack] Init - InitialDone - Site9_F_DT9
[08:11:35] [Rear Rack] Init - InitialDone - Site22_R_DT9
[08:11:35] [Front Rack] Init - InitialDone - Site10_F_DT10_FT4
[08:11:35] [Rear Rack] Init - InitialDone - Site23_R_DT10_FT4
[08:11:35] [Front Rack] Init - InitialDone - Site11_F_FT1
[08:11:35] [Rear Rack] Init - InitialDone - Site24_R_FT1
[08:11:35] [Front Rack] Init - InitialDone - Site12_F_FT2
[08:11:35] [Rear Rack] Init - InitialDone - Site25_R_FT2
[08:11:35] [Front Rack] Init - InitialDone - Site13_F_FT3
[08:11:35] [Rear Rack] Init - InitialDone - Site26_R_FT3
[08:11:35] [Front Rack] Init - InitialDone - Site1_F_DT1
[08:11:35] [Rear Rack] Init - InitialDone - Site14_R_DT1
[08:11:35] [Front Rack] Init - InitialDone - Site2_F_DT2
[08:11:35] [Rear Rack] Init - InitialDone - Site15_R_DT2
[08:11:36] [Front Rack] Init - InitialDone - Site3_F_DT3
[08:11:36] [Rear Rack] Init - InitialDone - Site16_R_DT3
[08:11:36] [Front Rack] Init - InitialDone - Site4_F_DT4
[08:11:36] [Rear Rack] Init - InitialDone - Site17_R_DT4
[08:11:36] [Front Rack] Init - InitialDone - Site5_F_DT5
[08:11:36] [Rear Rack] Init - InitialDone - Site18_R_DT5
[08:11:36] [Front Rack] Init - InitialDone - Site6_F_DT6
[08:11:36] [Rear Rack] Init - InitialDone - Site19_R_DT6
[08:11:36] [Front Rack] Init - InitialDone - Site7_F_DT7
[08:11:36] [Rear Rack] Init - InitialDone - Site20_R_DT7
[08:11:36] [Front Rack] Init - InitialDone - Site8_F_DT8
[08:11:36] [Rear Rack] Init - InitialDone - Site21_R_DT8
[08:11:36] [Front Rack] Init - InitialDone - Site9_F_DT9
[08:11:36] [Rear Rack] Init - InitialDone - Site22_R_DT9
[08:11:36] [Front Rack] Init - InitialDone - Site10_F_DT10_FT4
[08:11:36] [Rear Rack] Init - InitialDone - Site23_R_DT10_FT4
[08:11:36] [Front Rack] Init - InitialDone - Site11_F_FT1
[08:11:36] [Rear Rack] Init - InitialDone - Site24_R_FT1
[08:11:36] [Front Rack] Init - InitialDone - Site12_F_FT2
[08:11:36] [Rear Rack] Init - InitialDone - Site25_R_FT2
[08:11:36] [Front Rack] Init - InitialDone - Site13_F_FT3
[08:11:36] [Rear Rack] Init - InitialDone - Site26_R_FT3
[08:11:36] [Front Rack] Init - InitialDone - Site1_F_DT1
[08:11:36] [Front Rack] Init - InitialDone - Site2_F_DT2
[08:11:36] [Rear Rack] Init - InitialDone - Site14_R_DT1
[08:11:36] [Front Rack] Init - InitialDone - Site3_F_DT3
[08:11:36] [Rear Rack] Init - InitialDone - Site15_R_DT2
[08:11:36] [Front Rack] Init - InitialDone - Site4_F_DT4
[08:11:36] [Rear Rack] Init - InitialDone - Site16_R_DT3
[08:11:36] [Front Rack] Init - InitialDone - Site5_F_DT5
[08:11:36] [Rear Rack] Init - InitialDone - Site17_R_DT4
[08:11:36] [Front Rack] Init - InitialDone - Site6_F_DT6
[08:11:36] [Rear Rack] Init - InitialDone - Site18_R_DT5
[08:11:36] [Front Rack] Init - InitialDone - Site7_F_DT7
[08:11:36] [Rear Rack] Init - InitialDone - Site19_R_DT6
[08:11:36] [Front Rack] Init - InitialDone - Site8_F_DT8
[08:11:36] [Rear Rack] Init - InitialDone - Site20_R_DT7
[08:11:36] [Front Rack] Init - InitialDone - Site9_F_DT9
[08:11:36] [Rear Rack] Init - InitialDone - Site21_R_DT8
[08:11:36] [Front Rack] Init - InitialDone - Site10_F_DT10_FT4
[08:11:36] [Rear Rack] Init - InitialDone - Site22_R_DT9
[08:11:36] [Front Rack] Init - InitialDone - Site11_F_FT1
[08:11:36] [Rear Rack] Init - InitialDone - Site23_R_DT10_FT4
[08:11:36] [Front Rack] Init - InitialDone - Site12_F_FT2
[08:11:36] [Rear Rack] Init - InitialDone - Site24_R_FT1
[08:11:36] [Front Rack] Init - InitialDone - Site13_F_FT3
[08:11:36] [Rear Rack] Init - InitialDone - Site25_R_FT2
[08:11:36] [Rear Rack] Init - InitialDone - Site26_R_FT3
[08:11:36] [Front Rack] Init - InitialDone - Site1_F_DT1
[08:11:36] [Rear Rack] Init - InitialDone - Site14_R_DT1
[08:11:36] [Front Rack] Init - InitialDone - Site2_F_DT2
[08:11:36] [Rear Rack] Init - InitialDone - Site15_R_DT2
[08:11:36] [Front Rack] Init - InitialDone - Site3_F_DT3
[08:11:36] [Rear Rack] Init - InitialDone - Site16_R_DT3
[08:11:36] [Front Rack] Init - InitialDone - Site4_F_DT4
[08:11:36] [Rear Rack] Init - InitialDone - Site17_R_DT4
[08:11:36] [Front Rack] Init - InitialDone - Site5_F_DT5
[08:11:36] [Rear Rack] Init - InitialDone - Site18_R_DT5
[08:11:36] [Front Rack] Init - InitialDone - Site6_F_DT6
[08:11:36] [Rear Rack] Init - InitialDone - Site19_R_DT6
[08:11:36] [Front Rack] Init - InitialDone - Site7_F_DT7
[08:11:36] [Rear Rack] Init - InitialDone - Site20_R_DT7
[08:11:36] [Front Rack] Init - InitialDone - Site8_F_DT8
[08:11:36] [Rear Rack] Init - InitialDone - Site21_R_DT8
[08:11:36] [Front Rack] Init - InitialDone - Site9_F_DT9
[08:11:36] [Rear Rack] Init - InitialDone - Site22_R_DT9
[08:11:36] [Front Rack] Init - InitialDone - Site10_F_DT10_FT4
[08:11:36] [Rear Rack] Init - InitialDone - Site23_R_DT10_FT4
[08:11:36] [Front Rack] Init - InitialDone - Site11_F_FT1
[08:11:36] [Rear Rack] Init - InitialDone - Site24_R_FT1
[08:11:36] [Front Rack] Init - InitialDone - Site12_F_FT2
[08:11:36] [Rear Rack] Init - InitialDone - Site25_R_FT2
[08:11:36] [Front Rack] Init - InitialDone - Site13_F_FT3
[08:11:36] [Rear Rack] Init - InitialDone - Site26_R_FT3
[08:11:36] [Front Rack] Init - InitialDone - Site1_F_DT1
[08:11:36] [Rear Rack] Init - InitialDone - Site14_R_DT1
[08:11:36] [Front Rack] Init - InitialDone - Site2_F_DT2
[08:11:36] [Rear Rack] Init - InitialDone - Site15_R_DT2
[08:11:36] [Front Rack] Init - InitialDone - Site3_F_DT3
[08:11:36] [Rear Rack] Init - InitialDone - Site16_R_DT3
[08:11:36] [Front Rack] Init - InitialDone - Site4_F_DT4
[08:11:36] [Rear Rack] Init - InitialDone - Site17_R_DT4
[08:11:36] [Front Rack] Init - InitialDone - Site5_F_DT5
[08:11:36] [Rear Rack] Init - InitialDone - Site18_R_DT5
[08:11:36] [Front Rack] Init - InitialDone - Site6_F_DT6
[08:11:36] [Rear Rack] Init - InitialDone - Site19_R_DT6
[08:11:36] [Front Rack] Init - InitialDone - Site7_F_DT7
[08:11:36] [Rear Rack] Init - InitialDone - Site20_R_DT7
[08:11:36] [Front Rack] Init - InitialDone - Site8_F_DT8
[08:11:36] [Rear Rack] Init - InitialDone - Site21_R_DT8
[08:11:36] [Front Rack] Init - InitialDone - Site9_F_DT9
[08:11:36] [Rear Rack] Init - InitialDone - Site22_R_DT9
[08:11:36] [Front Rack] Init - InitialDone - Site10_F_DT10_FT4
[08:11:36] [Rear Rack] Init - InitialDone - Site23_R_DT10_FT4
[08:11:36] [Front Rack] Init - InitialDone - Site11_F_FT1
[08:11:36] [Rear Rack] Init - InitialDone - Site24_R_FT1
[08:11:36] [Front Rack] Init - InitialDone - Site12_F_FT2
[08:11:36] [Rear Rack] Init - InitialDone - Site25_R_FT2
[08:11:36] [Front Rack] Init - InitialDone - Site13_F_FT3
[08:11:36] [Rear Rack] Init - InitialDone - Site26_R_FT3
[08:11:36] [Front Rack] Init - InitialDone - Site1_F_DT1
[08:11:36] [Rear Rack] Init - InitialDone - Site14_R_DT1
[08:11:36] [Front Rack] Init - InitialDone - Site2_F_DT2
[08:11:36] [Rear Rack] Init - InitialDone - Site15_R_DT2
[08:11:36] [Front Rack] Init - InitialDone - Site3_F_DT3
[08:11:36] [Rear Rack] Init - InitialDone - Site16_R_DT3
[08:11:36] [Front Rack] Init - InitialDone - Site4_F_DT4
[08:11:36] [Rear Rack] Init - InitialDone - Site17_R_DT4
[08:11:36] [Front Rack] Init - InitialDone - Site5_F_DT5
[08:11:36] [Rear Rack] Init - InitialDone - Site18_R_DT5
[08:11:36] [Front Rack] Init - InitialDone - Site6_F_DT6
[08:11:36] [Rear Rack] Init - InitialDone - Site19_R_DT6
[08:11:36] [Front Rack] Init - InitialDone - Site7_F_DT7
[08:11:36] [Rear Rack] Init - InitialDone - Site20_R_DT7
[08:11:36] [Front Rack] Init - InitialDone - Site8_F_DT8
[08:11:36] [Rear Rack] Init - InitialDone - Site21_R_DT8
[08:11:36] [Front Rack] Init - InitialDone - Site9_F_DT9
[08:11:36] [Rear Rack] Init - InitialDone - Site22_R_DT9
[08:11:36] [Front Rack] Init - InitialDone - Site10_F_DT10_FT4
[08:11:36] [Rear Rack] Init - InitialDone - Site23_R_DT10_FT4
[08:11:36] [Front Rack] Init - InitialDone - Site11_F_FT1
[08:11:36] [Rear Rack] Init - InitialDone - Site24_R_FT1
[08:11:36] [Front Rack] Init - InitialDone - Site12_F_FT2
[08:11:36] [Rear Rack] Init - InitialDone - Site25_R_FT2
[08:11:36] [Front Rack] Init - InitialDone - Site13_F_FT3
[08:11:36] [Rear Rack] Init - InitialDone - Site26_R_FT3
[08:11:36] [Front Rack] Init - InitialDone - Site1_F_DT1
[08:11:36] [Rear Rack] Init - InitialDone - Site14_R_DT1
[08:11:36] [Front Rack] Init - InitialDone - Site2_F_DT2
[08:11:36] [Rear Rack] Init - InitialDone - Site15_R_DT2
[08:11:36] [Front Rack] Init - InitialDone - Site3_F_DT3
[08:11:36] [Rear Rack] Init - InitialDone - Site16_R_DT3
[08:11:36] [Front Rack] Init - InitialDone - Site4_F_DT4
[08:11:36] [Rear Rack] Init - InitialDone - Site17_R_DT4
[08:11:36] [Front Rack] Init - InitialDone - Site5_F_DT5
[08:11:36] [Rear Rack] Init - InitialDone - Site18_R_DT5
[08:11:36] [Front Rack] Init - InitialDone - Site6_F_DT6
[08:11:36] [Rear Rack] Init - InitialDone - Site19_R_DT6
[08:11:36] [Front Rack] Init - InitialDone - Site7_F_DT7
[08:11:36] [Rear Rack] Init - InitialDone - Site20_R_DT7
[08:11:36] [Front Rack] Init - InitialDone - Site8_F_DT8
[08:11:36] [Rear Rack] Init - InitialDone - Site21_R_DT8
[08:11:36] [Front Rack] Init - InitialDone - Site9_F_DT9
[08:11:36] [Rear Rack] Init - InitialDone - Site22_R_DT9
[08:11:36] [Front Rack] Init - InitialDone - Site10_F_DT10_FT4
[08:11:36] [Rear Rack] Init - InitialDone - Site23_R_DT10_FT4
[08:11:36] [Front Rack] Init - InitialDone - Site11_F_FT1
[08:11:36] [Rear Rack] Init - InitialDone - Site24_R_FT1
[08:11:36] [Front Rack] Init - InitialDone - Site12_F_FT2
[08:11:36] [Rear Rack] Init - InitialDone - Site25_R_FT2
[08:11:36] [Front Rack] Init - InitialDone - Site13_F_FT3
[08:11:36] [Rear Rack] Init - InitialDone - Site26_R_FT3
[08:11:36] [Front Rack] Init - InitialDone - Site1_F_DT1
[08:11:36] [Rear Rack] Init - InitialDone - Site14_R_DT1
[08:11:36] [Front Rack] Init - InitialDone - Site2_F_DT2
[08:11:36] [Rear Rack] Init - InitialDone - Site15_R_DT2
[08:11:36] [Front Rack] Init - InitialDone - Site3_F_DT3
[08:11:36] [Rear Rack] Init - InitialDone - Site16_R_DT3
[08:11:36] [Front Rack] Init - InitialDone - Site4_F_DT4
[08:11:36] [Rear Rack] Init - InitialDone - Site17_R_DT4
[08:11:36] [Front Rack] Init - InitialDone - Site5_F_DT5
[08:11:36] [Rear Rack] Init - InitialDone - Site18_R_DT5
[08:11:36] [Front Rack] Init - InitialDone - Site6_F_DT6
[08:11:36] [Rear Rack] Init - InitialDone - Site19_R_DT6
[08:11:36] [Front Rack] Init - InitialDone - Site7_F_DT7
[08:11:36] [Rear Rack] Init - InitialDone - Site20_R_DT7
[08:11:36] [Front Rack] Init - InitialDone - Site8_F_DT8
[08:11:36] [Rear Rack] Init - InitialDone - Site21_R_DT8
[08:11:36] [Front Rack] Init - InitialDone - Site9_F_DT9
[08:11:36] [Rear Rack] Init - InitialDone - Site22_R_DT9
[08:11:36] [Front Rack] Init - InitialDone - Site10_F_DT10_FT4
[08:11:36] [Rear Rack] Init - InitialDone - Site23_R_DT10_FT4
[08:11:36] [Front Rack] Init - InitialDone - Site11_F_FT1
[08:11:36] [Rear Rack] Init - InitialDone - Site24_R_FT1
[08:11:36] [Front Rack] Init - InitialDone - Site12_F_FT2
[08:11:36] [Rear Rack] Init - InitialDone - Site25_R_FT2
[08:11:36] [Front Rack] Init - InitialDone - Site13_F_FT3
[08:11:36] [Rear Rack] Init - InitialDone - Site26_R_FT3
[08:11:36] [Front Rack] Init - InitialDone - Site1_F_DT1
[08:11:36] [Rear Rack] Init - InitialDone - Site14_R_DT1
[08:11:36] [Front Rack] Init - InitialDone - Site2_F_DT2
[08:11:36] [Rear Rack] Init - InitialDone - Site15_R_DT2
[08:11:36] [Front Rack] Init - InitialDone - Site3_F_DT3
[08:11:36] [Rear Rack] Init - InitialDone - Site16_R_DT3
[08:11:36] [Front Rack] Init - InitialDone - Site4_F_DT4
[08:11:36] [Rear Rack] Init - InitialDone - Site17_R_DT4
[08:11:36] [Front Rack] Init - InitialDone - Site5_F_DT5
[08:11:36] [Rear Rack] Init - InitialDone - Site18_R_DT5
[08:11:36] [Front Rack] Init - InitialDone - Site6_F_DT6
[08:11:36] [Rear Rack] Init - InitialDone - Site19_R_DT6
[08:11:36] [Front Rack] Init - InitialDone - Site7_F_DT7
[08:11:36] [Rear Rack] Init - InitialDone - Site20_R_DT7
[08:11:36] [Front Rack] Init - InitialDone - Site8_F_DT8
[08:11:36] [Rear Rack] Init - InitialDone - Site21_R_DT8
[08:11:36] [Front Rack] Init - InitialDone - Site9_F_DT9
[08:11:36] [Rear Rack] Init - InitialDone - Site22_R_DT9
[08:11:36] [Front Rack] Init - InitialDone - Site10_F_DT10_FT4
[08:11:36] [Rear Rack] Init - InitialDone - Site23_R_DT10_FT4
[08:11:36] [Front Rack] Init - InitialDone - Site11_F_FT1
[08:11:36] [Rear Rack] Init - InitialDone - Site24_R_FT1
[08:11:36] [Front Rack] Init - InitialDone - Site12_F_FT2
[08:11:36] [Rear Rack] Init - InitialDone - Site25_R_FT2
[08:11:36] [Front Rack] Init - InitialDone - Site13_F_FT3
[08:11:36] [Rear Rack] Init - InitialDone - Site26_R_FT3
[08:11:36] [Front Rack] Init - InitialDone - Site1_F_DT1
[08:11:36] [Rear Rack] Init - InitialDone - Site14_R_DT1
[08:11:36] [Front Rack] Init - InitialDone - Site2_F_DT2
[08:11:36] [Rear Rack] Init - InitialDone - Site15_R_DT2
[08:11:36] [Front Rack] Init - InitialDone - Site3_F_DT3
[08:11:36] [Rear Rack] Init - InitialDone - Site16_R_DT3
[08:11:36] [Front Rack] Init - InitialDone - Site4_F_DT4
[08:11:36] [Rear Rack] Init - InitialDone - Site17_R_DT4
[08:11:36] [Front Rack] Init - InitialDone - Site5_F_DT5
[08:11:36] [Rear Rack] Init - InitialDone - Site18_R_DT5
[08:11:36] [Front Rack] Init - InitialDone - Site6_F_DT6
[08:11:36] [Rear Rack] Init - InitialDone - Site19_R_DT6
[08:11:36] [Front Rack] Init - InitialDone - Site7_F_DT7
[08:11:36] [Rear Rack] Init - InitialDone - Site20_R_DT7
[08:11:36] [Front Rack] Init - InitialDone - Site8_F_DT8
[08:11:36] [Rear Rack] Init - InitialDone - Site21_R_DT8
[08:11:36] [Front Rack] Init - InitialDone - Site9_F_DT9
[08:11:36] [Rear Rack] Init - InitialDone - Site22_R_DT9
[08:11:36] [Front Rack] Init - InitialDone - Site10_F_DT10_FT4
[08:11:36] [Rear Rack] Init - InitialDone - Site23_R_DT10_FT4
[08:11:36] [Front Rack] Init - InitialDone - Site11_F_FT1
[08:11:36] [Rear Rack] Init - InitialDone - Site24_R_FT1
[08:11:36] [Front Rack] Init - InitialDone - Site12_F_FT2
[08:11:36] [Rear Rack] Init - InitialDone - Site25_R_FT2
[08:11:36] [Front Rack] Init - InitialDone - Site13_F_FT3
[08:11:36] [Rear Rack] Init - InitialDone - Site26_R_FT3
[08:11:36] [Front Rack] Init - InitialDone - Site1_F_DT1
[08:11:36] [Rear Rack] Init - InitialDone - Site14_R_DT1
[08:11:36] [Front Rack] Init - InitialDone - Site2_F_DT2
[08:11:36] [Rear Rack] Init - InitialDone - Site15_R_DT2
[08:11:36] [Front Rack] Init - InitialDone - Site3_F_DT3
[08:11:36] [Rear Rack] Init - InitialDone - Site16_R_DT3
[08:11:36] [Front Rack] Init - InitialDone - Site4_F_DT4
[08:11:36] [Rear Rack] Init - InitialDone - Site17_R_DT4
[08:11:36] [Front Rack] Init - InitialDone - Site5_F_DT5
[08:11:36] [Rear Rack] Init - InitialDone - Site18_R_DT5
[08:11:36] [Front Rack] Init - InitialDone - Site6_F_DT6
[08:11:36] [Rear Rack] Init - InitialDone - Site19_R_DT6
[08:11:36] [Front Rack] Init - InitialDone - Site7_F_DT7
[08:11:36] [Rear Rack] Init - InitialDone - Site20_R_DT7
[08:11:36] [Front Rack] Init - InitialDone - Site8_F_DT8
[08:11:36] [Rear Rack] Init - InitialDone - Site21_R_DT8
[08:11:36] [Front Rack] Init - InitialDone - Site9_F_DT9
[08:11:36] [Rear Rack] Init - InitialDone - Site22_R_DT9
[08:11:36] [Front Rack] Init - InitialDone - Site10_F_DT10_FT4
[08:11:36] [Rear Rack] Init - InitialDone - Site23_R_DT10_FT4
[08:11:36] [Front Rack] Init - InitialDone - Site11_F_FT1
[08:11:36] [Rear Rack] Init - InitialDone - Site24_R_FT1
[08:11:36] [Front Rack] Init - InitialDone - Site12_F_FT2
[08:11:36] [Rear Rack] Init - InitialDone - Site25_R_FT2
[08:11:36] [Front Rack] Init - InitialDone - Site13_F_FT3
[08:11:36] [Rear Rack] Init - InitialDone - Site26_R_FT3
[08:11:36] [Front Rack] Init - InitialDone - Site1_F_DT1
[08:11:36] [Rear Rack] Init - InitialDone - Site14_R_DT1
[08:11:36] [Front Rack] Init - InitialDone - Site2_F_DT2
[08:11:36] [Rear Rack] Init - InitialDone - Site15_R_DT2
[08:11:36] [Front Rack] Init - InitialDone - Site3_F_DT3
[08:11:36] [Rear Rack] Init - InitialDone - Site16_R_DT3
[08:11:36] [Front Rack] Init - InitialDone - Site4_F_DT4
[08:11:36] [Rear Rack] Init - InitialDone - Site17_R_DT4
[08:11:36] [Front Rack] Init - InitialDone - Site5_F_DT5
[08:11:36] [Rear Rack] Init - InitialDone - Site18_R_DT5
[08:11:36] [Front Rack] Init - InitialDone - Site6_F_DT6
[08:11:36] [Rear Rack] Init - InitialDone - Site19_R_DT6
[08:11:36] [Front Rack] Init - InitialDone - Site7_F_DT7
[08:11:36] [Rear Rack] Init - InitialDone - Site20_R_DT7
[08:11:36] [Front Rack] Init - InitialDone - Site8_F_DT8
[08:11:36] [Rear Rack] Init - InitialDone - Site21_R_DT8
[08:11:36] [Front Rack] Init - InitialDone - Site9_F_DT9
[08:11:36] [Rear Rack] Init - InitialDone - Site22_R_DT9
[08:11:36] [Front Rack] Init - InitialDone - Site10_F_DT10_FT4
[08:11:36] [Rear Rack] Init - InitialDone - Site23_R_DT10_FT4
[08:11:36] [Front Rack] Init - InitialDone - Site11_F_FT1
[08:11:36] [Rear Rack] Init - InitialDone - Site24_R_FT1
[08:11:36] [Front Rack] Init - InitialDone - Site12_F_FT2
[08:11:36] [Rear Rack] Init - InitialDone - Site25_R_FT2
[08:11:36] [Front Rack] Init - InitialDone - Site13_F_FT3
[08:11:36] [Rear Rack] Init - InitialDone - Site26_R_FT3
[08:11:36] [Front Rack] Init - InitialDone - Site1_F_DT1
[08:11:36] [Rear Rack] Init - InitialDone - Site14_R_DT1
[08:11:36] [Front Rack] Init - InitialDone - Site2_F_DT2
[08:11:36] [Rear Rack] Init - InitialDone - Site15_R_DT2
[08:11:36] [Front Rack] Init - InitialDone - Site3_F_DT3
[08:11:36] [Rear Rack] Init - InitialDone - Site16_R_DT3
[08:11:36] [Front Rack] Init - InitialDone - Site4_F_DT4
[08:11:36] [Rear Rack] Init - InitialDone - Site17_R_DT4
[08:11:36] [Front Rack] Init - InitialDone - Site5_F_DT5
[08:11:36] [Rear Rack] Init - InitialDone - Site18_R_DT5
[08:11:36] [Front Rack] Init - InitialDone - Site6_F_DT6
[08:11:36] [Rear Rack] Init - InitialDone - Site19_R_DT6
[08:11:36] [Front Rack] Init - InitialDone - Site7_F_DT7
[08:11:36] [Rear Rack] Init - InitialDone - Site20_R_DT7
[08:11:36] [Front Rack] Init - InitialDone - Site8_F_DT8
[08:11:36] [Rear Rack] Init - InitialDone - Site21_R_DT8
[08:11:36] [Front Rack] Init - InitialDone - Site9_F_DT9
[08:11:36] [Rear Rack] Init - InitialDone - Site22_R_DT9
[08:11:36] [Front Rack] Init - InitialDone - Site10_F_DT10_FT4
[08:11:36] [Rear Rack] Init - InitialDone - Site23_R_DT10_FT4
[08:11:36] [Front Rack] Init - InitialDone - Site11_F_FT1
[08:11:36] [Rear Rack] Init - InitialDone - Site24_R_FT1
[08:11:36] [Front Rack] Init - InitialDone - Site12_F_FT2
[08:11:36] [Rear Rack] Init - InitialDone - Site25_R_FT2
[08:11:36] [Front Rack] Init - InitialDone - Site13_F_FT3
[08:11:36] [Rear Rack] Init - InitialDone - Site26_R_FT3
[08:11:36] [Front Rack] Init - InitialDone - Site1_F_DT1
[08:11:36] [Rear Rack] Init - InitialDone - Site14_R_DT1
[08:11:36] [Front Rack] Init - InitialDone - Site2_F_DT2
[08:11:36] [Rear Rack] Init - InitialDone - Site15_R_DT2
[08:11:36] [Front Rack] Init - InitialDone - Site3_F_DT3
[08:11:36] [Rear Rack] Init - InitialDone - Site16_R_DT3
[08:11:36] [Front Rack] Init - InitialDone - Site4_F_DT4
[08:11:36] [Rear Rack] Init - InitialDone - Site17_R_DT4
[08:11:36] [Front Rack] Init - InitialDone - Site5_F_DT5
[08:11:36] [Rear Rack] Init - InitialDone - Site18_R_DT5
[08:11:36] [Front Rack] Init - InitialDone - Site6_F_DT6
[08:11:36] [Rear Rack] Init - InitialDone - Site19_R_DT6
[08:11:36] [Front Rack] Init - InitialDone - Site7_F_DT7
[08:11:36] [Rear Rack] Init - InitialDone - Site20_R_DT7
[08:11:36] [Front Rack] Init - InitialDone - Site8_F_DT8
[08:11:36] [Rear Rack] Init - InitialDone - Site21_R_DT8
[08:11:36] [Front Rack] Init - InitialDone - Site9_F_DT9
[08:11:36] [Rear Rack] Init - InitialDone - Site22_R_DT9
[08:11:36] [Front Rack] Init - InitialDone - Site10_F_DT10_FT4
[08:11:36] [Rear Rack] Init - InitialDone - Site23_R_DT10_FT4
[08:11:36] [Front Rack] Init - InitialDone - Site11_F_FT1
[08:11:36] [Rear Rack] Init - InitialDone - Site24_R_FT1
[08:11:36] [Front Rack] Init - InitialDone - Site12_F_FT2
[08:11:36] [Rear Rack] Init - InitialDone - Site25_R_FT2
[08:11:36] [Front Rack] Init - InitialDone - Site13_F_FT3
[08:11:36] [Rear Rack] Init - InitialDone - Site26_R_FT3
[08:11:36] [Front Rack] Init - InitialDone - Site1_F_DT1
[08:11:36] [Front Rack] Init - InitialDone - Site2_F_DT2
[08:11:36] [Rear Rack] Init - InitialDone - Site14_R_DT1
[08:11:36] [Front Rack] Init - InitialDone - Site3_F_DT3
[08:11:36] [Rear Rack] Init - InitialDone - Site15_R_DT2
[08:11:36] [Front Rack] Init - InitialDone - Site4_F_DT4
[08:11:36] [Rear Rack] Init - InitialDone - Site16_R_DT3
[08:11:36] [Front Rack] Init - InitialDone - Site5_F_DT5
[08:11:36] [Rear Rack] Init - InitialDone - Site17_R_DT4
[08:11:36] [Front Rack] Init - InitialDone - Site6_F_DT6
[08:11:36] [Rear Rack] Init - InitialDone - Site18_R_DT5
[08:11:36] [Front Rack] Init - InitialDone - Site7_F_DT7
[08:11:36] [Rear Rack] Init - InitialDone - Site19_R_DT6
[08:11:36] [Front Rack] Init - InitialDone - Site8_F_DT8
[08:11:36] [Rear Rack] Init - InitialDone - Site20_R_DT7
[08:11:36] [Front Rack] Init - InitialDone - Site9_F_DT9
[08:11:36] [Rear Rack] Init - InitialDone - Site21_R_DT8
[08:11:36] [Front Rack] Init - InitialDone - Site10_F_DT10_FT4
[08:11:36] [Rear Rack] Init - InitialDone - Site22_R_DT9
[08:11:36] [Front Rack] Init - InitialDone - Site11_F_FT1
[08:11:36] [Rear Rack] Init - InitialDone - Site23_R_DT10_FT4
[08:11:36] [Front Rack] Init - InitialDone - Site12_F_FT2
[08:11:36] [Rear Rack] Init - InitialDone - Site24_R_FT1
[08:11:36] [Front Rack] Init - InitialDone - Site13_F_FT3
[08:11:36] [Rear Rack] Init - InitialDone - Site25_R_FT2
[08:11:36] [Rear Rack] Init - InitialDone - Site26_R_FT3
[08:11:36] [Front Rack] Init - InitialDone - Site1_F_DT1
[08:11:36] [Rear Rack] Init - InitialDone - Site14_R_DT1
[08:11:36] [Front Rack] Init - InitialDone - Site2_F_DT2
[08:11:36] [Rear Rack] Init - InitialDone - Site15_R_DT2
[08:11:36] [Front Rack] Init - InitialDone - Site3_F_DT3
[08:11:36] [Rear Rack] Init - InitialDone - Site16_R_DT3
[08:11:36] [Front Rack] Init - InitialDone - Site4_F_DT4
[08:11:36] [Rear Rack] Init - InitialDone - Site17_R_DT4
[08:11:36] [Front Rack] Init - InitialDone - Site5_F_DT5
[08:11:36] [Rear Rack] Init - InitialDone - Site18_R_DT5
[08:11:36] [Front Rack] Init - InitialDone - Site6_F_DT6
[08:11:36] [Rear Rack] Init - InitialDone - Site19_R_DT6
[08:11:36] [Front Rack] Init - InitialDone - Site7_F_DT7
[08:11:36] [Rear Rack] Init - InitialDone - Site20_R_DT7
[08:11:36] [Front Rack] Init - InitialDone - Site8_F_DT8
[08:11:36] [Rear Rack] Init - InitialDone - Site21_R_DT8
[08:11:36] [Front Rack] Init - InitialDone - Site9_F_DT9
[08:11:36] [Rear Rack] Init - InitialDone - Site22_R_DT9
[08:11:36] [Front Rack] Init - InitialDone - Site10_F_DT10_FT4
[08:11:36] [Rear Rack] Init - InitialDone - Site23_R_DT10_FT4
[08:11:36] [Front Rack] Init - InitialDone - Site11_F_FT1
[08:11:36] [Rear Rack] Init - InitialDone - Site24_R_FT1
[08:11:36] [Front Rack] Init - InitialDone - Site12_F_FT2
[08:11:36] [Rear Rack] Init - InitialDone - Site25_R_FT2
[08:11:36] [Front Rack] Init - InitialDone - Site13_F_FT3
[08:11:36] [Rear Rack] Init - InitialDone - Site26_R_FT3
[08:11:36] [Front Rack] Init - InitialDone - Site1_F_DT1
[08:11:36] [Rear Rack] Init - InitialDone - Site14_R_DT1
[08:11:36] [Front Rack] Init - InitialDone - Site2_F_DT2
[08:11:36] [Rear Rack] Init - InitialDone - Site15_R_DT2
[08:11:36] [Front Rack] Init - InitialDone - Site3_F_DT3
[08:11:36] [Rear Rack] Init - InitialDone - Site16_R_DT3
[08:11:36] [Front Rack] Init - InitialDone - Site4_F_DT4
[08:11:36] [Rear Rack] Init - InitialDone - Site17_R_DT4
[08:11:36] [Front Rack] Init - InitialDone - Site5_F_DT5
[08:11:36] [Rear Rack] Init - InitialDone - Site18_R_DT5
[08:11:36] [Front Rack] Init - InitialDone - Site6_F_DT6
[08:11:36] [Rear Rack] Init - InitialDone - Site19_R_DT6
[08:11:36] [Front Rack] Init - InitialDone - Site7_F_DT7
[08:11:36] [Rear Rack] Init - InitialDone - Site20_R_DT7
[08:11:36] [Front Rack] Init - InitialDone - Site8_F_DT8
[08:11:36] [Rear Rack] Init - InitialDone - Site21_R_DT8
[08:11:36] [Front Rack] Init - InitialDone - Site9_F_DT9
[08:11:36] [Rear Rack] Init - InitialDone - Site22_R_DT9
[08:11:36] [Front Rack] Init - InitialDone - Site10_F_DT10_FT4
[08:11:36] [Rear Rack] Init - InitialDone - Site23_R_DT10_FT4
[08:11:36] [Front Rack] Init - InitialDone - Site11_F_FT1
[08:11:36] [Rear Rack] Init - InitialDone - Site24_R_FT1
[08:11:36] [Front Rack] Init - InitialDone - Site12_F_FT2
[08:11:36] [Rear Rack] Init - InitialDone - Site25_R_FT2
[08:11:36] [Front Rack] Init - InitialDone - Site13_F_FT3
[08:11:36] [Rear Rack] Init - InitialDone - Site26_R_FT3
[08:11:36] [Front Rack] Init - InitialDone - Site1_F_DT1
[08:11:36] [Rear Rack] Init - InitialDone - Site14_R_DT1
[08:11:36] [Front Rack] Init - InitialDone - Site2_F_DT2
[08:11:36] [Rear Rack] Init - InitialDone - Site15_R_DT2
[08:11:36] [Front Rack] Init - InitialDone - Site3_F_DT3
[08:11:36] [Rear Rack] Init - InitialDone - Site16_R_DT3
[08:11:36] [Front Rack] Init - InitialDone - Site4_F_DT4
[08:11:36] [Rear Rack] Init - InitialDone - Site17_R_DT4
[08:11:36] [Front Rack] Init - InitialDone - Site5_F_DT5
[08:11:36] [Rear Rack] Init - InitialDone - Site18_R_DT5
[08:11:36] [Front Rack] Init - InitialDone - Site6_F_DT6
[08:11:36] [Rear Rack] Init - InitialDone - Site19_R_DT6
[08:11:36] [Front Rack] Init - InitialDone - Site7_F_DT7
[08:11:36] [Rear Rack] Init - InitialDone - Site20_R_DT7
[08:11:36] [Front Rack] Init - InitialDone - Site8_F_DT8
[08:11:36] [Rear Rack] Init - InitialDone - Site21_R_DT8
[08:11:36] [Front Rack] Init - InitialDone - Site9_F_DT9
[08:11:36] [Rear Rack] Init - InitialDone - Site22_R_DT9
[08:11:36] [Front Rack] Init - InitialDone - Site10_F_DT10_FT4
[08:11:36] [Rear Rack] Init - InitialDone - Site23_R_DT10_FT4
[08:11:36] [Front Rack] Init - InitialDone - Site11_F_FT1
[08:11:36] [Rear Rack] Init - InitialDone - Site24_R_FT1
[08:11:36] [Front Rack] Init - InitialDone - Site12_F_FT2
[08:11:36] [Rear Rack] Init - InitialDone - Site25_R_FT2
[08:11:36] [Front Rack] Init - InitialDone - Site13_F_FT3
[08:11:36] [Rear Rack] Init - InitialDone - Site26_R_FT3
[08:11:36] [Front Rack] Init - InitialDone - Site1_F_DT1
[08:11:36] [Rear Rack] Init - InitialDone - Site14_R_DT1
[08:11:36] [Front Rack] Init - InitialDone - Site2_F_DT2
[08:11:36] [Rear Rack] Init - InitialDone - Site15_R_DT2
[08:11:36] [Front Rack] Init - InitialDone - Site3_F_DT3
[08:11:36] [Rear Rack] Init - InitialDone - Site16_R_DT3
[08:11:36] [Front Rack] Init - InitialDone - Site4_F_DT4
[08:11:36] [Rear Rack] Init - InitialDone - Site17_R_DT4
[08:11:36] [Front Rack] Init - InitialDone - Site5_F_DT5
[08:11:36] [Rear Rack] Init - InitialDone - Site18_R_DT5
[08:11:36] [Front Rack] Init - InitialDone - Site6_F_DT6
[08:11:36] [Rear Rack] Init - InitialDone - Site19_R_DT6
[08:11:36] [Front Rack] Init - InitialDone - Site7_F_DT7
[08:11:36] [Rear Rack] Init - InitialDone - Site20_R_DT7
[08:11:36] [Front Rack] Init - InitialDone - Site8_F_DT8
[08:11:36] [Rear Rack] Init - InitialDone - Site21_R_DT8
[08:11:36] [Front Rack] Init - InitialDone - Site9_F_DT9
[08:11:36] [Rear Rack] Init - InitialDone - Site22_R_DT9
[08:11:36] [Front Rack] Init - InitialDone - Site10_F_DT10_FT4
[08:11:36] [Rear Rack] Init - InitialDone - Site23_R_DT10_FT4
[08:11:36] [Front Rack] Init - InitialDone - Site11_F_FT1
[08:11:36] [Rear Rack] Init - InitialDone - Site24_R_FT1
[08:11:36] [Front Rack] Init - InitialDone - Site12_F_FT2
[08:11:36] [Rear Rack] Init - InitialDone - Site25_R_FT2
[08:11:36] [Front Rack] Init - InitialDone - Site13_F_FT3
[08:11:36] [Rear Rack] Init - InitialDone - Site26_R_FT3
[08:11:36] [Front Rack] Init - InitialDone - Site1_F_DT1
[08:11:36] [Rear Rack] Init - InitialDone - Site14_R_DT1
[08:11:36] [Front Rack] Init - InitialDone - Site2_F_DT2
[08:11:36] [Rear Rack] Init - InitialDone - Site15_R_DT2
[08:11:36] [Front Rack] Init - InitialDone - Site3_F_DT3
[08:11:36] [Rear Rack] Init - InitialDone - Site16_R_DT3
[08:11:36] [Front Rack] Init - InitialDone - Site4_F_DT4
[08:11:36] [Rear Rack] Init - InitialDone - Site17_R_DT4
[08:11:36] [Front Rack] Init - InitialDone - Site5_F_DT5
[08:11:36] [Rear Rack] Init - InitialDone - Site18_R_DT5
[08:11:36] [Front Rack] Init - InitialDone - Site6_F_DT6
[08:11:36] [Rear Rack] Init - InitialDone - Site19_R_DT6
[08:11:36] [Front Rack] Init - InitialDone - Site7_F_DT7
[08:11:36] [Rear Rack] Init - InitialDone - Site20_R_DT7
[08:11:36] [Front Rack] Init - InitialDone - Site8_F_DT8
[08:11:36] [Rear Rack] Init - InitialDone - Site21_R_DT8
[08:11:36] [Front Rack] Init - InitialDone - Site9_F_DT9
[08:11:36] [Rear Rack] Init - InitialDone - Site22_R_DT9
[08:11:36] [Front Rack] Init - InitialDone - Site10_F_DT10_FT4
[08:11:36] [Rear Rack] Init - InitialDone - Site23_R_DT10_FT4
[08:11:36] [Front Rack] Init - InitialDone - Site11_F_FT1
[08:11:36] [Rear Rack] Init - InitialDone - Site24_R_FT1
[08:11:36] [Front Rack] Init - InitialDone - Site12_F_FT2
[08:11:36] [Rear Rack] Init - InitialDone - Site25_R_FT2
[08:11:36] [Front Rack] Init - InitialDone - Site13_F_FT3
[08:11:36] [Rear Rack] Init - InitialDone - Site26_R_FT3
[08:11:36] [Front Rack] Init - InitialDone - Site1_F_DT1
[08:11:36] [Rear Rack] Init - InitialDone - Site14_R_DT1
[08:11:36] [Front Rack] Init - InitialDone - Site2_F_DT2
[08:11:36] [Rear Rack] Init - InitialDone - Site15_R_DT2
[08:11:36] [Front Rack] Init - InitialDone - Site3_F_DT3
[08:11:36] [Rear Rack] Init - InitialDone - Site16_R_DT3
[08:11:36] [Front Rack] Init - InitialDone - Site4_F_DT4
[08:11:36] [Rear Rack] Init - InitialDone - Site17_R_DT4
[08:11:36] [Front Rack] Init - InitialDone - Site5_F_DT5
[08:11:36] [Rear Rack] Init - InitialDone - Site18_R_DT5
[08:11:36] [Front Rack] Init - InitialDone - Site6_F_DT6
[08:11:36] [Rear Rack] Init - InitialDone - Site19_R_DT6
[08:11:36] [Front Rack] Init - InitialDone - Site7_F_DT7
[08:11:36] [Rear Rack] Init - InitialDone - Site20_R_DT7
[08:11:36] [Front Rack] Init - InitialDone - Site8_F_DT8
[08:11:36] [Rear Rack] Init - InitialDone - Site21_R_DT8
[08:11:36] [Front Rack] Init - InitialDone - Site9_F_DT9
[08:11:36] [Rear Rack] Init - InitialDone - Site22_R_DT9
[08:11:36] [Front Rack] Init - InitialDone - Site10_F_DT10_FT4
[08:11:36] [Rear Rack] Init - InitialDone - Site23_R_DT10_FT4
[08:11:36] [Front Rack] Init - InitialDone - Site11_F_FT1
[08:11:36] [Rear Rack] Init - InitialDone - Site24_R_FT1
[08:11:36] [Front Rack] Init - InitialDone - Site12_F_FT2
[08:11:36] [Rear Rack] Init - InitialDone - Site25_R_FT2
[08:11:36] [Front Rack] Init - InitialDone - Site13_F_FT3
[08:11:36] [Rear Rack] Init - InitialDone - Site26_R_FT3
[08:11:36] [Front Rack] Init - InitialDone - Site1_F_DT1
[08:11:36] [Rear Rack] Init - InitialDone - Site14_R_DT1
[08:11:36] [Front Rack] Init - InitialDone - Site2_F_DT2
[08:11:36] [Rear Rack] Init - InitialDone - Site15_R_DT2
[08:11:36] [Front Rack] Init - InitialDone - Site3_F_DT3
[08:11:36] [Rear Rack] Init - InitialDone - Site16_R_DT3
[08:11:36] [Front Rack] Init - InitialDone - Site4_F_DT4
[08:11:36] [Rear Rack] Init - InitialDone - Site17_R_DT4
[08:11:36] [Front Rack] Init - InitialDone - Site5_F_DT5
[08:11:36] [Rear Rack] Init - InitialDone - Site18_R_DT5
[08:11:36] [Front Rack] Init - InitialDone - Site6_F_DT6
[08:11:36] [Rear Rack] Init - InitialDone - Site19_R_DT6
[08:11:36] [Front Rack] Init - InitialDone - Site7_F_DT7
[08:11:36] [Rear Rack] Init - InitialDone - Site20_R_DT7
[08:11:36] [Front Rack] Init - InitialDone - Site8_F_DT8
[08:11:36] [Rear Rack] Init - InitialDone - Site21_R_DT8
[08:11:36] [Front Rack] Init - InitialDone - Site9_F_DT9
[08:11:36] [Rear Rack] Init - InitialDone - Site22_R_DT9
[08:11:36] [Front Rack] Init - InitialDone - Site10_F_DT10_FT4
[08:11:36] [Rear Rack] Init - InitialDone - Site23_R_DT10_FT4
[08:11:36] [Front Rack] Init - InitialDone - Site11_F_FT1
[08:11:36] [Rear Rack] Init - InitialDone - Site24_R_FT1
[08:11:36] [Front Rack] Init - InitialDone - Site12_F_FT2
[08:11:36] [Rear Rack] Init - InitialDone - Site25_R_FT2
[08:11:36] [Front Rack] Init - InitialDone - Site13_F_FT3
[08:11:36] [Rear Rack] Init - InitialDone - Site26_R_FT3
[08:11:36] [Front Rack] Init - InitialDone - Site1_F_DT1
[08:11:36] [Rear Rack] Init - InitialDone - Site14_R_DT1
[08:11:36] [Front Rack] Init - InitialDone - Site2_F_DT2
[08:11:36] [Rear Rack] Init - InitialDone - Site15_R_DT2
[08:11:36] [Front Rack] Init - InitialDone - Site3_F_DT3
[08:11:36] [Rear Rack] Init - InitialDone - Site16_R_DT3
[08:11:36] [Front Rack] Init - InitialDone - Site4_F_DT4
[08:11:36] [Rear Rack] Init - InitialDone - Site17_R_DT4
[08:11:36] [Front Rack] Init - InitialDone - Site5_F_DT5
[08:11:36] [Rear Rack] Init - InitialDone - Site18_R_DT5
[08:11:36] [Front Rack] Init - InitialDone - Site6_F_DT6
[08:11:36] [Rear Rack] Init - InitialDone - Site19_R_DT6
[08:11:36] [Front Rack] Init - InitialDone - Site7_F_DT7
[08:11:36] [Rear Rack] Init - InitialDone - Site20_R_DT7
[08:11:36] [Front Rack] Init - InitialDone - Site8_F_DT8
[08:11:36] [Rear Rack] Init - InitialDone - Site21_R_DT8
[08:11:36] [Front Rack] Init - InitialDone - Site9_F_DT9
[08:11:36] [Rear Rack] Init - InitialDone - Site22_R_DT9
[08:11:36] [Front Rack] Init - InitialDone - Site10_F_DT10_FT4
[08:11:36] [Rear Rack] Init - InitialDone - Site23_R_DT10_FT4
[08:11:36] [Front Rack] Init - InitialDone - Site11_F_FT1
[08:11:36] [Rear Rack] Init - InitialDone - Site24_R_FT1
[08:11:36] [Front Rack] Init - InitialDone - Site12_F_FT2
[08:11:36] [Rear Rack] Init - InitialDone - Site25_R_FT2
[08:11:36] [Front Rack] Init - InitialDone - Site13_F_FT3
[08:11:36] [Rear Rack] Init - InitialDone - Site26_R_FT3
[08:11:36] [Front Rack] Init - InitialDone - Site1_F_DT1
[08:11:36] [Rear Rack] Init - InitialDone - Site14_R_DT1
[08:11:37] [Front Rack] Init - InitialDone - Site2_F_DT2
[08:11:37] [Rear Rack] Init - InitialDone - Site15_R_DT2
[08:11:37] [Front Rack] Init - InitialDone - Site3_F_DT3
[08:11:37] [Rear Rack] Init - InitialDone - Site16_R_DT3
[08:11:37] [Front Rack] Init - InitialDone - Site4_F_DT4
[08:11:37] [Rear Rack] Init - InitialDone - Site17_R_DT4
[08:11:37] [Front Rack] Init - InitialDone - Site5_F_DT5
[08:11:37] [Rear Rack] Init - InitialDone - Site18_R_DT5
[08:11:37] [Front Rack] Init - InitialDone - Site6_F_DT6
[08:11:37] [Rear Rack] Init - InitialDone - Site19_R_DT6
[08:11:37] [Front Rack] Init - InitialDone - Site7_F_DT7
[08:11:37] [Rear Rack] Init - InitialDone - Site20_R_DT7
[08:11:37] [Front Rack] Init - InitialDone - Site8_F_DT8
[08:11:37] [Rear Rack] Init - InitialDone - Site21_R_DT8
[08:11:37] [Front Rack] Init - InitialDone - Site9_F_DT9
[08:11:37] [Rear Rack] Init - InitialDone - Site22_R_DT9
[08:11:37] [Front Rack] Init - InitialDone - Site10_F_DT10_FT4
[08:11:37] [Rear Rack] Init - InitialDone - Site23_R_DT10_FT4
[08:11:37] [Front Rack] Init - InitialDone - Site11_F_FT1
[08:11:37] [Rear Rack] Init - InitialDone - Site24_R_FT1
[08:11:37] [Front Rack] Init - InitialDone - Site12_F_FT2
[08:11:37] [Rear Rack] Init - InitialDone - Site25_R_FT2
[08:11:37] [Front Rack] Init - InitialDone - Site13_F_FT3
[08:11:37] [Rear Rack] Init - InitialDone - Site26_R_FT3
[08:11:37] [Front Rack] Init - InitialDone - Site1_F_DT1
[08:11:37] [Rear Rack] Init - InitialDone - Site14_R_DT1
[08:11:37] [Front Rack] Init - InitialDone - Site2_F_DT2
[08:11:37] [Rear Rack] Init - InitialDone - Site15_R_DT2
[08:11:37] [Front Rack] Init - InitialDone - Site3_F_DT3
[08:11:37] [Rear Rack] Init - InitialDone - Site16_R_DT3
[08:11:37] [Front Rack] Init - InitialDone - Site4_F_DT4
[08:11:37] [Rear Rack] Init - InitialDone - Site17_R_DT4
[08:11:37] [Front Rack] Init - InitialDone - Site5_F_DT5
[08:11:37] [Rear Rack] Init - InitialDone - Site18_R_DT5
[08:11:37] [Front Rack] Init - InitialDone - Site6_F_DT6
[08:11:37] [Rear Rack] Init - InitialDone - Site19_R_DT6
[08:11:37] [Front Rack] Init - InitialDone - Site7_F_DT7
[08:11:37] [Rear Rack] Init - InitialDone - Site20_R_DT7
[08:11:37] [Front Rack] Init - InitialDone - Site8_F_DT8
[08:11:37] [Rear Rack] Init - InitialDone - Site21_R_DT8
[08:11:37] [Front Rack] Init - InitialDone - Site9_F_DT9
[08:11:37] [Rear Rack] Init - InitialDone - Site22_R_DT9
[08:11:37] [Front Rack] Init - InitialDone - Site10_F_DT10_FT4
[08:11:37] [Rear Rack] Init - InitialDone - Site23_R_DT10_FT4
[08:11:37] [Front Rack] Init - InitialDone - Site11_F_FT1
[08:11:37] [Rear Rack] Init - InitialDone - Site24_R_FT1
[08:11:37] [Front Rack] Init - InitialDone - Site12_F_FT2
[08:11:37] [Rear Rack] Init - InitialDone - Site25_R_FT2
[08:11:37] [Front Rack] Init - InitialDone - Site13_F_FT3
[08:11:37] [Rear Rack] Init - InitialDone - Site26_R_FT3
[08:11:37] [Front Rack] Init - InitialDone - Site1_F_DT1
[08:11:37] [Rear Rack] Init - InitialDone - Site14_R_DT1
[08:11:37] [Front Rack] Init - InitialDone - Site2_F_DT2
[08:11:37] [Rear Rack] Init - InitialDone - Site15_R_DT2
[08:11:37] [Front Rack] Init - InitialDone - Site3_F_DT3
[08:11:37] [Rear Rack] Init - InitialDone - Site16_R_DT3
[08:11:37] [Front Rack] Init - InitialDone - Site4_F_DT4
[08:11:37] [Rear Rack] Init - InitialDone - Site17_R_DT4
[08:11:37] [Front Rack] Init - InitialDone - Site5_F_DT5
[08:11:37] [Rear Rack] Init - InitialDone - Site18_R_DT5
[08:11:37] [Front Rack] Init - InitialDone - Site6_F_DT6
[08:11:37] [Rear Rack] Init - InitialDone - Site19_R_DT6
[08:11:37] [Front Rack] Init - InitialDone - Site7_F_DT7
[08:11:37] [Rear Rack] Init - InitialDone - Site20_R_DT7
[08:11:37] [Front Rack] Init - InitialDone - Site8_F_DT8
[08:11:37] [Rear Rack] Init - InitialDone - Site21_R_DT8
[08:11:37] [Front Rack] Init - InitialDone - Site9_F_DT9
[08:11:37] [Rear Rack] Init - InitialDone - Site22_R_DT9
[08:11:37] [Front Rack] Init - InitialDone - Site10_F_DT10_FT4
[08:11:37] [Rear Rack] Init - InitialDone - Site23_R_DT10_FT4
[08:11:37] [Front Rack] Init - InitialDone - Site11_F_FT1
[08:11:37] [Rear Rack] Init - InitialDone - Site24_R_FT1
[08:11:37] [Front Rack] Init - InitialDone - Site12_F_FT2
[08:11:37] [Rear Rack] Init - InitialDone - Site25_R_FT2
[08:11:37] [Front Rack] Init - InitialDone - Site13_F_FT3
[08:11:37] [Rear Rack] Init - InitialDone - Site26_R_FT3
[08:11:37] [Front Rack] Init - InitialDone - Site1_F_DT1
[08:11:37] [Rear Rack] Init - InitialDone - Site14_R_DT1
[08:11:37] [Front Rack] Init - InitialDone - Site2_F_DT2
[08:11:37] [Rear Rack] Init - InitialDone - Site15_R_DT2
[08:11:37] [Front Rack] Init - InitialDone - Site3_F_DT3
[08:11:37] [Rear Rack] Init - InitialDone - Site16_R_DT3
[08:11:37] [Front Rack] Init - InitialDone - Site4_F_DT4
[08:11:37] [Rear Rack] Init - InitialDone - Site17_R_DT4
[08:11:37] [Front Rack] Init - InitialDone - Site5_F_DT5
[08:11:37] [Rear Rack] Init - InitialDone - Site18_R_DT5
[08:11:37] [Front Rack] Init - InitialDone - Site6_F_DT6
[08:11:37] [Rear Rack] Init - InitialDone - Site19_R_DT6
[08:11:37] [Front Rack] Init - InitialDone - Site7_F_DT7
[08:11:37] [Rear Rack] Init - InitialDone - Site20_R_DT7
[08:11:37] [Front Rack] Init - InitialDone - Site8_F_DT8
[08:11:37] [Rear Rack] Init - InitialDone - Site21_R_DT8
[08:11:37] [Front Rack] Init - InitialDone - Site9_F_DT9
[08:11:37] [Rear Rack] Init - InitialDone - Site22_R_DT9
[08:11:37] [Front Rack] Init - InitialDone - Site10_F_DT10_FT4
[08:11:37] [Rear Rack] Init - InitialDone - Site23_R_DT10_FT4
[08:11:37] [Front Rack] Init - InitialDone - Site11_F_FT1
[08:11:37] [Rear Rack] Init - InitialDone - Site24_R_FT1
[08:11:37] [Front Rack] Init - InitialDone - Site12_F_FT2
[08:11:37] [Rear Rack] Init - InitialDone - Site25_R_FT2
[08:11:37] [Front Rack] Init - InitialDone - Site13_F_FT3
[08:11:37] [Rear Rack] Init - InitialDone - Site26_R_FT3
[08:11:37] [Front Rack] Init - InitialDone - Site1_F_DT1
[08:11:37] [Rear Rack] Init - InitialDone - Site14_R_DT1
[08:11:37] [Front Rack] Init - InitialDone - Site2_F_DT2
[08:11:37] [Rear Rack] Init - InitialDone - Site15_R_DT2
[08:11:37] [Front Rack] Init - InitialDone - Site3_F_DT3
[08:11:37] [Rear Rack] Init - InitialDone - Site16_R_DT3
[08:11:37] [Front Rack] Init - InitialDone - Site4_F_DT4
[08:11:37] [Rear Rack] Init - InitialDone - Site17_R_DT4
[08:11:37] [Front Rack] Init - InitialDone - Site5_F_DT5
[08:11:37] [Rear Rack] Init - InitialDone - Site18_R_DT5
[08:11:37] [Front Rack] Init - InitialDone - Site6_F_DT6
[08:11:37] [Rear Rack] Init - InitialDone - Site19_R_DT6
[08:11:37] [Front Rack] Init - InitialDone - Site7_F_DT7
[08:11:37] [Rear Rack] Init - InitialDone - Site20_R_DT7
[08:11:37] [Front Rack] Init - InitialDone - Site8_F_DT8
[08:11:37] [Rear Rack] Init - InitialDone - Site21_R_DT8
[08:11:37] [Front Rack] Init - InitialDone - Site9_F_DT9
[08:11:37] [Rear Rack] Init - InitialDone - Site22_R_DT9
[08:11:37] [Front Rack] Init - InitialDone - Site10_F_DT10_FT4
[08:11:37] [Rear Rack] Init - InitialDone - Site23_R_DT10_FT4
[08:11:37] [Front Rack] Init - InitialDone - Site11_F_FT1
[08:11:37] [Rear Rack] Init - InitialDone - Site24_R_FT1
[08:11:37] [Front Rack] Init - InitialDone - Site12_F_FT2
[08:11:37] [Rear Rack] Init - InitialDone - Site25_R_FT2
[08:11:37] [Front Rack] Init - InitialDone - Site13_F_FT3
[08:11:37] [Rear Rack] Init - InitialDone - Site26_R_FT3
[08:11:37] [Front Rack] Init - InitialDone - Site1_F_DT1
[08:11:37] [Front Rack] Init - InitialDone - Site2_F_DT2
[08:11:37] [Rear Rack] Init - InitialDone - Site14_R_DT1
[08:11:37] [Front Rack] Init - InitialDone - Site3_F_DT3
[08:11:37] [Rear Rack] Init - InitialDone - Site15_R_DT2
[08:11:37] [Front Rack] Init - InitialDone - Site4_F_DT4
[08:11:37] [Rear Rack] Init - InitialDone - Site16_R_DT3
[08:11:37] [Front Rack] Init - InitialDone - Site5_F_DT5
[08:11:37] [Rear Rack] Init - InitialDone - Site17_R_DT4
[08:11:37] [Front Rack] Init - InitialDone - Site6_F_DT6
[08:11:37] [Rear Rack] Init - InitialDone - Site18_R_DT5
[08:11:37] [Front Rack] Init - InitialDone - Site7_F_DT7
[08:11:37] [Rear Rack] Init - InitialDone - Site19_R_DT6
[08:11:37] [Front Rack] Init - InitialDone - Site8_F_DT8
[08:11:37] [Rear Rack] Init - InitialDone - Site20_R_DT7
[08:11:37] [Front Rack] Init - InitialDone - Site9_F_DT9
[08:11:37] [Rear Rack] Init - InitialDone - Site21_R_DT8
[08:11:37] [Front Rack] Init - InitialDone - Site10_F_DT10_FT4
[08:11:37] [Rear Rack] Init - InitialDone - Site22_R_DT9
[08:11:37] [Front Rack] Init - InitialDone - Site11_F_FT1
[08:11:37] [Rear Rack] Init - InitialDone - Site23_R_DT10_FT4
[08:11:37] [Front Rack] Init - InitialDone - Site12_F_FT2
[08:11:37] [Rear Rack] Init - InitialDone - Site24_R_FT1
[08:11:37] [Front Rack] Init - InitialDone - Site13_F_FT3
[08:11:37] [Rear Rack] Init - InitialDone - Site25_R_FT2
[08:11:37] [Rear Rack] Init - InitialDone - Site26_R_FT3
[08:11:37] [Front Rack] Init - InitialDone - Site1_F_DT1
[08:11:37] [Front Rack] Init - InitialDone - Site2_F_DT2
[08:11:37] [Rear Rack] Init - InitialDone - Site14_R_DT1
[08:11:37] [Front Rack] Init - InitialDone - Site3_F_DT3
[08:11:37] [Rear Rack] Init - InitialDone - Site15_R_DT2
[08:11:37] [Front Rack] Init - InitialDone - Site4_F_DT4
[08:11:37] [Rear Rack] Init - InitialDone - Site16_R_DT3
[08:11:37] [Front Rack] Init - InitialDone - Site5_F_DT5
[08:11:37] [Rear Rack] Init - InitialDone - Site17_R_DT4
[08:11:37] [Front Rack] Init - InitialDone - Site6_F_DT6
[08:11:37] [Rear Rack] Init - InitialDone - Site18_R_DT5
[08:11:37] [Front Rack] Init - InitialDone - Site7_F_DT7
[08:11:37] [Rear Rack] Init - InitialDone - Site19_R_DT6
[08:11:37] [Front Rack] Init - InitialDone - Site8_F_DT8
[08:11:37] [Rear Rack] Init - InitialDone - Site20_R_DT7
[08:11:37] [Front Rack] Init - InitialDone - Site9_F_DT9
[08:11:37] [Rear Rack] Init - InitialDone - Site21_R_DT8
[08:11:37] [Front Rack] Init - InitialDone - Site10_F_DT10_FT4
[08:11:37] [Rear Rack] Init - InitialDone - Site22_R_DT9
[08:11:37] [Front Rack] Init - InitialDone - Site11_F_FT1
[08:11:37] [Rear Rack] Init - InitialDone - Site23_R_DT10_FT4
[08:11:37] [Front Rack] Init - InitialDone - Site12_F_FT2
[08:11:37] [Rear Rack] Init - InitialDone - Site24_R_FT1
[08:11:37] [Front Rack] Init - InitialDone - Site13_F_FT3
[08:11:37] [Rear Rack] Init - InitialDone - Site25_R_FT2
[08:11:37] [Rear Rack] Init - InitialDone - Site26_R_FT3
[08:11:37] [Front Rack] Init - InitialDone - Site1_F_DT1
[08:11:37] [Front Rack] Init - InitialDone - Site2_F_DT2
[08:11:37] [Rear Rack] Init - InitialDone - Site14_R_DT1
[08:11:37] [Front Rack] Init - InitialDone - Site3_F_DT3
[08:11:37] [Rear Rack] Init - InitialDone - Site15_R_DT2
[08:11:37] [Front Rack] Init - InitialDone - Site4_F_DT4
[08:11:37] [Rear Rack] Init - InitialDone - Site16_R_DT3
[08:11:37] [Front Rack] Init - InitialDone - Site5_F_DT5
[08:11:37] [Rear Rack] Init - InitialDone - Site17_R_DT4
[08:11:37] [Front Rack] Init - InitialDone - Site6_F_DT6
[08:11:37] [Rear Rack] Init - InitialDone - Site18_R_DT5
[08:11:37] [Front Rack] Init - InitialDone - Site7_F_DT7
[08:11:37] [Rear Rack] Init - InitialDone - Site19_R_DT6
[08:11:37] [Front Rack] Init - InitialDone - Site8_F_DT8
[08:11:37] [Rear Rack] Init - InitialDone - Site20_R_DT7
[08:11:37] [Front Rack] Init - InitialDone - Site9_F_DT9
[08:11:37] [Rear Rack] Init - InitialDone - Site21_R_DT8
[08:11:37] [Front Rack] Init - InitialDone - Site10_F_DT10_FT4
[08:11:37] [Rear Rack] Init - InitialDone - Site22_R_DT9
[08:11:37] [Front Rack] Init - InitialDone - Site11_F_FT1
[08:11:37] [Rear Rack] Init - InitialDone - Site23_R_DT10_FT4
[08:11:37] [Front Rack] Init - InitialDone - Site12_F_FT2
[08:11:37] [Rear Rack] Init - InitialDone - Site24_R_FT1
[08:11:37] [Front Rack] Init - InitialDone - Site13_F_FT3
[08:11:37] [Rear Rack] Init - InitialDone - Site25_R_FT2
[08:11:37] [Rear Rack] Init - InitialDone - Site26_R_FT3
[08:11:37] [Front Rack] Init - InitialDone - Site1_F_DT1
[08:11:37] [Front Rack] Init - InitialDone - Site2_F_DT2
[08:11:37] [Rear Rack] Init - InitialDone - Site14_R_DT1
[08:11:37] [Front Rack] Init - InitialDone - Site3_F_DT3
[08:11:37] [Rear Rack] Init - InitialDone - Site15_R_DT2
[08:11:37] [Front Rack] Init - InitialDone - Site4_F_DT4
[08:11:37] [Rear Rack] Init - InitialDone - Site16_R_DT3
[08:11:37] [Front Rack] Init - InitialDone - Site5_F_DT5
[08:11:37] [Rear Rack] Init - InitialDone - Site17_R_DT4
[08:11:37] [Front Rack] Init - InitialDone - Site6_F_DT6
[08:11:37] [Rear Rack] Init - InitialDone - Site18_R_DT5
[08:11:37] [Front Rack] Init - InitialDone - Site7_F_DT7
[08:11:37] [Rear Rack] Init - InitialDone - Site19_R_DT6
[08:11:37] [Front Rack] Init - InitialDone - Site8_F_DT8
[08:11:37] [Rear Rack] Init - InitialDone - Site20_R_DT7
[08:11:37] [Front Rack] Init - InitialDone - Site9_F_DT9
[08:11:37] [Rear Rack] Init - InitialDone - Site21_R_DT8
[08:11:37] [Front Rack] Init - InitialDone - Site10_F_DT10_FT4
[08:11:37] [Rear Rack] Init - InitialDone - Site22_R_DT9
[08:11:37] [Front Rack] Init - InitialDone - Site11_F_FT1
[08:11:37] [Rear Rack] Init - InitialDone - Site23_R_DT10_FT4
[08:11:37] [Front Rack] Init - InitialDone - Site12_F_FT2
[08:11:37] [Rear Rack] Init - InitialDone - Site24_R_FT1
[08:11:37] [Front Rack] Init - InitialDone - Site13_F_FT3
[08:11:37] [Rear Rack] Init - InitialDone - Site25_R_FT2
[08:11:37] [Rear Rack] Init - InitialDone - Site26_R_FT3
[08:11:37] [Front Rack] Init - InitialDone - Site1_F_DT1
[08:11:37] [Rear Rack] Init - InitialDone - Site14_R_DT1
[08:11:37] [Front Rack] Init - InitialDone - Site2_F_DT2
[08:11:37] [Rear Rack] Init - InitialDone - Site15_R_DT2
[08:11:37] [Front Rack] Init - InitialDone - Site3_F_DT3
[08:11:37] [Rear Rack] Init - InitialDone - Site16_R_DT3
[08:11:37] [Front Rack] Init - InitialDone - Site4_F_DT4
[08:11:37] [Rear Rack] Init - InitialDone - Site17_R_DT4
[08:11:37] [Front Rack] Init - InitialDone - Site5_F_DT5
[08:11:37] [Rear Rack] Init - InitialDone - Site18_R_DT5
[08:11:37] [Front Rack] Init - InitialDone - Site6_F_DT6
[08:11:37] [Rear Rack] Init - InitialDone - Site19_R_DT6
[08:11:37] [Front Rack] Init - InitialDone - Site7_F_DT7
[08:11:37] [Rear Rack] Init - InitialDone - Site20_R_DT7
[08:11:37] [Front Rack] Init - InitialDone - Site8_F_DT8
[08:11:37] [Rear Rack] Init - InitialDone - Site21_R_DT8
[08:11:37] [Front Rack] Init - InitialDone - Site9_F_DT9
[08:11:37] [Rear Rack] Init - InitialDone - Site22_R_DT9
[08:11:37] [Front Rack] Init - InitialDone - Site10_F_DT10_FT4
[08:11:37] [Rear Rack] Init - InitialDone - Site23_R_DT10_FT4
[08:11:37] [Front Rack] Init - InitialDone - Site11_F_FT1
[08:11:37] [Rear Rack] Init - InitialDone - Site24_R_FT1
[08:11:37] [Front Rack] Init - InitialDone - Site12_F_FT2
[08:11:37] [Rear Rack] Init - InitialDone - Site25_R_FT2
[08:11:37] [Front Rack] Init - InitialDone - Site13_F_FT3
[08:11:37] [Rear Rack] Init - InitialDone - Site26_R_FT3
[08:11:37] [Front Rack] Init - InitialDone - Site1_F_DT1
[08:11:37] [Rear Rack] Init - InitialDone - Site14_R_DT1
[08:11:37] [Front Rack] Init - InitialDone - Site2_F_DT2
[08:11:37] [Rear Rack] Init - InitialDone - Site15_R_DT2
[08:11:37] [Front Rack] Init - InitialDone - Site3_F_DT3
[08:11:37] [Rear Rack] Init - InitialDone - Site16_R_DT3
[08:11:37] [Front Rack] Init - InitialDone - Site4_F_DT4
[08:11:37] [Rear Rack] Init - InitialDone - Site17_R_DT4
[08:11:37] [Front Rack] Init - InitialDone - Site5_F_DT5
[08:11:37] [Rear Rack] Init - InitialDone - Site18_R_DT5
[08:11:37] [Front Rack] Init - InitialDone - Site6_F_DT6
[08:11:37] [Rear Rack] Init - InitialDone - Site19_R_DT6
[08:11:37] [Front Rack] Init - InitialDone - Site7_F_DT7
[08:11:37] [Rear Rack] Init - InitialDone - Site20_R_DT7
[08:11:37] [Front Rack] Init - InitialDone - Site8_F_DT8
[08:11:37] [Rear Rack] Init - InitialDone - Site21_R_DT8
[08:11:37] [Front Rack] Init - InitialDone - Site9_F_DT9
[08:11:37] [Rear Rack] Init - InitialDone - Site22_R_DT9
[08:11:37] [Front Rack] Init - InitialDone - Site10_F_DT10_FT4
[08:11:37] [Rear Rack] Init - InitialDone - Site23_R_DT10_FT4
[08:11:37] [Front Rack] Init - InitialDone - Site11_F_FT1
[08:11:37] [Rear Rack] Init - InitialDone - Site24_R_FT1
[08:11:37] [Front Rack] Init - InitialDone - Site12_F_FT2
[08:11:37] [Rear Rack] Init - InitialDone - Site25_R_FT2
[08:11:37] [Front Rack] Init - InitialDone - Site13_F_FT3
[08:11:37] [Rear Rack] Init - InitialDone - Site26_R_FT3
[08:11:37] [Front Rack] Init - InitialDone - Site1_F_DT1
[08:11:37] [Rear Rack] Init - InitialDone - Site14_R_DT1
[08:11:37] [Front Rack] Init - InitialDone - Site2_F_DT2
[08:11:37] [Rear Rack] Init - InitialDone - Site15_R_DT2
[08:11:37] [Front Rack] Init - InitialDone - Site3_F_DT3
[08:11:37] [Rear Rack] Init - InitialDone - Site16_R_DT3
[08:11:37] [Front Rack] Init - InitialDone - Site4_F_DT4
[08:11:37] [Rear Rack] Init - InitialDone - Site17_R_DT4
[08:11:37] [Front Rack] Init - InitialDone - Site5_F_DT5
[08:11:37] [Rear Rack] Init - InitialDone - Site18_R_DT5
[08:11:37] [Front Rack] Init - InitialDone - Site6_F_DT6
[08:11:37] [Rear Rack] Init - InitialDone - Site19_R_DT6
[08:11:37] [Front Rack] Init - InitialDone - Site7_F_DT7
[08:11:37] [Rear Rack] Init - InitialDone - Site20_R_DT7
[08:11:37] [Front Rack] Init - InitialDone - Site8_F_DT8
[08:11:37] [Rear Rack] Init - InitialDone - Site21_R_DT8
[08:11:37] [Front Rack] Init - InitialDone - Site9_F_DT9
[08:11:37] [Rear Rack] Init - InitialDone - Site22_R_DT9
[08:11:37] [Front Rack] Init - InitialDone - Site10_F_DT10_FT4
[08:11:37] [Rear Rack] Init - InitialDone - Site23_R_DT10_FT4
[08:11:37] [Front Rack] Init - InitialDone - Site11_F_FT1
[08:11:37] [Rear Rack] Init - InitialDone - Site24_R_FT1
[08:11:37] [Front Rack] Init - InitialDone - Site12_F_FT2
[08:11:37] [Rear Rack] Init - InitialDone - Site25_R_FT2
[08:11:37] [Front Rack] Init - InitialDone - Site13_F_FT3
[08:11:37] [Rear Rack] Init - InitialDone - Site26_R_FT3
[08:11:37] [Front Rack] Init - InitialDone - Site1_F_DT1
[08:11:37] [Rear Rack] Init - InitialDone - Site14_R_DT1
[08:11:37] [Front Rack] Init - InitialDone - Site2_F_DT2
[08:11:37] [Rear Rack] Init - InitialDone - Site15_R_DT2
[08:11:37] [Front Rack] Init - InitialDone - Site3_F_DT3
[08:11:37] [Rear Rack] Init - InitialDone - Site16_R_DT3
[08:11:37] [Front Rack] Init - InitialDone - Site4_F_DT4
[08:11:37] [Rear Rack] Init - InitialDone - Site17_R_DT4
[08:11:37] [Front Rack] Init - InitialDone - Site5_F_DT5
[08:11:37] [Rear Rack] Init - InitialDone - Site18_R_DT5
[08:11:37] [Front Rack] Init - InitialDone - Site6_F_DT6
[08:11:37] [Rear Rack] Init - InitialDone - Site19_R_DT6
[08:11:37] [Front Rack] Init - InitialDone - Site7_F_DT7
[08:11:37] [Rear Rack] Init - InitialDone - Site20_R_DT7
[08:11:37] [Front Rack] Init - InitialDone - Site8_F_DT8
[08:11:37] [Rear Rack] Init - InitialDone - Site21_R_DT8
[08:11:37] [Front Rack] Init - InitialDone - Site9_F_DT9
[08:11:37] [Rear Rack] Init - InitialDone - Site22_R_DT9
[08:11:37] [Front Rack] Init - InitialDone - Site10_F_DT10_FT4
[08:11:37] [Rear Rack] Init - InitialDone - Site23_R_DT10_FT4
[08:11:37] [Front Rack] Init - InitialDone - Site11_F_FT1
[08:11:37] [Rear Rack] Init - InitialDone - Site24_R_FT1
[08:11:37] [Front Rack] Init - InitialDone - Site12_F_FT2
[08:11:37] [Rear Rack] Init - InitialDone - Site25_R_FT2
[08:11:37] [Front Rack] Init - InitialDone - Site13_F_FT3
[08:11:37] [Rear Rack] Init - InitialDone - Site26_R_FT3
[08:11:37] [Front Rack] Init - InitialDone - Site1_F_DT1
[08:11:37] [Rear Rack] Init - InitialDone - Site14_R_DT1
[08:11:37] [Front Rack] Init - InitialDone - Site2_F_DT2
[08:11:37] [Rear Rack] Init - InitialDone - Site15_R_DT2
[08:11:37] [Front Rack] Init - InitialDone - Site3_F_DT3
[08:11:37] [Rear Rack] Init - InitialDone - Site16_R_DT3
[08:11:37] [Front Rack] Init - InitialDone - Site4_F_DT4
[08:11:37] [Rear Rack] Init - InitialDone - Site17_R_DT4
[08:11:37] [Front Rack] Init - InitialDone - Site5_F_DT5
[08:11:37] [Rear Rack] Init - InitialDone - Site18_R_DT5
[08:11:37] [Front Rack] Init - InitialDone - Site6_F_DT6
[08:11:37] [Rear Rack] Init - InitialDone - Site19_R_DT6
[08:11:37] [Front Rack] Init - InitialDone - Site7_F_DT7
[08:11:37] [Rear Rack] Init - InitialDone - Site20_R_DT7
[08:11:37] [Front Rack] Init - InitialDone - Site8_F_DT8
[08:11:37] [Rear Rack] Init - InitialDone - Site21_R_DT8
[08:11:37] [Front Rack] Init - InitialDone - Site9_F_DT9
[08:11:37] [Rear Rack] Init - InitialDone - Site22_R_DT9
[08:11:37] [Front Rack] Init - InitialDone - Site10_F_DT10_FT4
[08:11:37] [Rear Rack] Init - InitialDone - Site23_R_DT10_FT4
[08:11:37] [Front Rack] Init - InitialDone - Site11_F_FT1
[08:11:37] [Rear Rack] Init - InitialDone - Site24_R_FT1
[08:11:37] [Front Rack] Init - InitialDone - Site12_F_FT2
[08:11:37] [Rear Rack] Init - InitialDone - Site25_R_FT2
[08:11:37] [Front Rack] Init - InitialDone - Site13_F_FT3
[08:11:37] [Rear Rack] Init - InitialDone - Site26_R_FT3
[08:11:37] [Front Rack] Init - InitialDone - Site1_F_DT1
[08:11:37] [Rear Rack] Init - InitialDone - Site14_R_DT1
[08:11:37] [Front Rack] Init - InitialDone - Site2_F_DT2
[08:11:37] [Rear Rack] Init - InitialDone - Site15_R_DT2
[08:11:37] [Front Rack] Init - InitialDone - Site3_F_DT3
[08:11:37] [Rear Rack] Init - InitialDone - Site16_R_DT3
[08:11:37] [Front Rack] Init - InitialDone - Site4_F_DT4
[08:11:37] [Rear Rack] Init - InitialDone - Site17_R_DT4
[08:11:37] [Front Rack] Init - InitialDone - Site5_F_DT5
[08:11:37] [Rear Rack] Init - InitialDone - Site18_R_DT5
[08:11:37] [Front Rack] Init - InitialDone - Site6_F_DT6
[08:11:37] [Rear Rack] Init - InitialDone - Site19_R_DT6
[08:11:37] [Front Rack] Init - InitialDone - Site7_F_DT7
[08:11:37] [Rear Rack] Init - InitialDone - Site20_R_DT7
[08:11:37] [Front Rack] Init - InitialDone - Site8_F_DT8
[08:11:37] [Rear Rack] Init - InitialDone - Site21_R_DT8
[08:11:37] [Front Rack] Init - InitialDone - Site9_F_DT9
[08:11:37] [Rear Rack] Init - InitialDone - Site22_R_DT9
[08:11:37] [Front Rack] Init - InitialDone - Site10_F_DT10_FT4
[08:11:37] [Rear Rack] Init - InitialDone - Site23_R_DT10_FT4
[08:11:37] [Front Rack] Init - InitialDone - Site11_F_FT1
[08:11:37] [Rear Rack] Init - InitialDone - Site24_R_FT1
[08:11:37] [Front Rack] Init - InitialDone - Site12_F_FT2
[08:11:37] [Rear Rack] Init - InitialDone - Site25_R_FT2
[08:11:37] [Front Rack] Init - InitialDone - Site13_F_FT3
[08:11:37] [Rear Rack] Init - InitialDone - Site26_R_FT3
[08:11:37] [Front Rack] Init - InitialDone - Site1_F_DT1
[08:11:37] [Rear Rack] Init - InitialDone - Site14_R_DT1
[08:11:37] [Front Rack] Init - InitialDone - Site2_F_DT2
[08:11:37] [Rear Rack] Init - InitialDone - Site15_R_DT2
[08:11:37] [Front Rack] Init - InitialDone - Site3_F_DT3
[08:11:37] [Rear Rack] Init - InitialDone - Site16_R_DT3
[08:11:37] [Front Rack] Init - InitialDone - Site4_F_DT4
[08:11:37] [Rear Rack] Init - InitialDone - Site17_R_DT4
[08:11:37] [Front Rack] Init - InitialDone - Site5_F_DT5
[08:11:37] [Rear Rack] Init - InitialDone - Site18_R_DT5
[08:11:37] [Front Rack] Init - InitialDone - Site6_F_DT6
[08:11:37] [Rear Rack] Init - InitialDone - Site19_R_DT6
[08:11:37] [Front Rack] Init - InitialDone - Site7_F_DT7
[08:11:37] [Rear Rack] Init - InitialDone - Site20_R_DT7
[08:11:37] [Front Rack] Init - InitialDone - Site8_F_DT8
[08:11:37] [Rear Rack] Init - InitialDone - Site21_R_DT8
[08:11:37] [Front Rack] Init - InitialDone - Site9_F_DT9
[08:11:37] [Rear Rack] Init - InitialDone - Site22_R_DT9
[08:11:37] [Front Rack] Init - InitialDone - Site10_F_DT10_FT4
[08:11:37] [Rear Rack] Init - InitialDone - Site23_R_DT10_FT4
[08:11:37] [Front Rack] Init - InitialDone - Site11_F_FT1
[08:11:37] [Rear Rack] Init - InitialDone - Site24_R_FT1
[08:11:37] [Front Rack] Init - InitialDone - Site12_F_FT2
[08:11:37] [Rear Rack] Init - InitialDone - Site25_R_FT2
[08:11:37] [Front Rack] Init - InitialDone - Site13_F_FT3
[08:11:37] [Rear Rack] Init - InitialDone - Site26_R_FT3
[08:11:37] [Front Rack] Init - InitialDone - Site1_F_DT1
[08:11:37] [Front Rack] Init - InitialDone - Site2_F_DT2
[08:11:37] [Rear Rack] Init - InitialDone - Site14_R_DT1
[08:11:37] [Front Rack] Init - InitialDone - Site3_F_DT3
[08:11:37] [Rear Rack] Init - InitialDone - Site15_R_DT2
[08:11:37] [Front Rack] Init - InitialDone - Site4_F_DT4
[08:11:37] [Rear Rack] Init - InitialDone - Site16_R_DT3
[08:11:37] [Front Rack] Init - InitialDone - Site5_F_DT5
[08:11:37] [Rear Rack] Init - InitialDone - Site17_R_DT4
[08:11:37] [Front Rack] Init - InitialDone - Site6_F_DT6
[08:11:37] [Rear Rack] Init - InitialDone - Site18_R_DT5
[08:11:37] [Front Rack] Init - InitialDone - Site7_F_DT7
[08:11:37] [Rear Rack] Init - InitialDone - Site19_R_DT6
[08:11:37] [Front Rack] Init - InitialDone - Site8_F_DT8
[08:11:37] [Rear Rack] Init - InitialDone - Site20_R_DT7
[08:11:37] [Front Rack] Init - InitialDone - Site9_F_DT9
[08:11:37] [Rear Rack] Init - InitialDone - Site21_R_DT8
[08:11:37] [Front Rack] Init - InitialDone - Site10_F_DT10_FT4
[08:11:37] [Rear Rack] Init - InitialDone - Site22_R_DT9
[08:11:37] [Front Rack] Init - InitialDone - Site11_F_FT1
[08:11:37] [Rear Rack] Init - InitialDone - Site23_R_DT10_FT4
[08:11:37] [Front Rack] Init - InitialDone - Site12_F_FT2
[08:11:37] [Rear Rack] Init - InitialDone - Site24_R_FT1
[08:11:37] [Front Rack] Init - InitialDone - Site13_F_FT3
[08:11:37] [Rear Rack] Init - InitialDone - Site25_R_FT2
[08:11:37] [Rear Rack] Init - InitialDone - Site26_R_FT3
[08:11:37] [Front Rack] Init - InitialDone - Site1_F_DT1
[08:11:37] [Front Rack] Init - InitialDone - Site2_F_DT2
[08:11:37] [Rear Rack] Init - InitialDone - Site14_R_DT1
[08:11:37] [Front Rack] Init - InitialDone - Site3_F_DT3
[08:11:37] [Rear Rack] Init - InitialDone - Site15_R_DT2
[08:11:37] [Front Rack] Init - InitialDone - Site4_F_DT4
[08:11:37] [Rear Rack] Init - InitialDone - Site16_R_DT3
[08:11:37] [Front Rack] Init - InitialDone - Site5_F_DT5
[08:11:37] [Rear Rack] Init - InitialDone - Site17_R_DT4
[08:11:37] [Front Rack] Init - InitialDone - Site6_F_DT6
[08:11:37] [Rear Rack] Init - InitialDone - Site18_R_DT5
[08:11:37] [Front Rack] Init - InitialDone - Site7_F_DT7
[08:11:37] [Rear Rack] Init - InitialDone - Site19_R_DT6
[08:11:37] [Front Rack] Init - InitialDone - Site8_F_DT8
[08:11:37] [Rear Rack] Init - InitialDone - Site20_R_DT7
[08:11:37] [Front Rack] Init - InitialDone - Site9_F_DT9
[08:11:37] [Rear Rack] Init - InitialDone - Site21_R_DT8
[08:11:37] [Front Rack] Init - InitialDone - Site10_F_DT10_FT4
[08:11:37] [Rear Rack] Init - InitialDone - Site22_R_DT9
[08:11:37] [Front Rack] Init - InitialDone - Site11_F_FT1
[08:11:37] [Rear Rack] Init - InitialDone - Site23_R_DT10_FT4
[08:11:37] [Front Rack] Init - InitialDone - Site12_F_FT2
[08:11:37] [Rear Rack] Init - InitialDone - Site24_R_FT1
[08:11:37] [Front Rack] Init - InitialDone - Site13_F_FT3
[08:11:37] [Rear Rack] Init - InitialDone - Site25_R_FT2
[08:11:37] [Rear Rack] Init - InitialDone - Site26_R_FT3
[08:11:37] [Front Rack] Init - InitialDone - Site1_F_DT1
[08:11:37] [Rear Rack] Init - InitialDone - Site14_R_DT1
[08:11:37] [Front Rack] Init - InitialDone - Site2_F_DT2
[08:11:37] [Rear Rack] Init - InitialDone - Site15_R_DT2
[08:11:37] [Front Rack] Init - InitialDone - Site3_F_DT3
[08:11:37] [Rear Rack] Init - InitialDone - Site16_R_DT3
[08:11:37] [Front Rack] Init - InitialDone - Site4_F_DT4
[08:11:37] [Rear Rack] Init - InitialDone - Site17_R_DT4
[08:11:37] [Front Rack] Init - InitialDone - Site5_F_DT5
[08:11:37] [Rear Rack] Init - InitialDone - Site18_R_DT5
[08:11:37] [Front Rack] Init - InitialDone - Site6_F_DT6
[08:11:37] [Rear Rack] Init - InitialDone - Site19_R_DT6
[08:11:37] [Front Rack] Init - InitialDone - Site7_F_DT7
[08:11:37] [Rear Rack] Init - InitialDone - Site20_R_DT7
[08:11:37] [Front Rack] Init - InitialDone - Site8_F_DT8
[08:11:37] [Rear Rack] Init - InitialDone - Site21_R_DT8
[08:11:37] [Front Rack] Init - InitialDone - Site9_F_DT9
[08:11:37] [Rear Rack] Init - InitialDone - Site22_R_DT9
[08:11:37] [Front Rack] Init - InitialDone - Site10_F_DT10_FT4
[08:11:37] [Rear Rack] Init - InitialDone - Site23_R_DT10_FT4
[08:11:37] [Front Rack] Init - InitialDone - Site11_F_FT1
[08:11:37] [Rear Rack] Init - InitialDone - Site24_R_FT1
[08:11:37] [Front Rack] Init - InitialDone - Site12_F_FT2
[08:11:37] [Rear Rack] Init - InitialDone - Site25_R_FT2
[08:11:37] [Front Rack] Init - InitialDone - Site13_F_FT3
[08:11:37] [Rear Rack] Init - InitialDone - Site26_R_FT3
[08:11:37] [Front Rack] Init - InitialDone - Site1_F_DT1
[08:11:37] [Rear Rack] Init - InitialDone - Site14_R_DT1
[08:11:37] [Front Rack] Init - InitialDone - Site2_F_DT2
[08:11:37] [Rear Rack] Init - InitialDone - Site15_R_DT2
[08:11:37] [Front Rack] Init - InitialDone - Site3_F_DT3
[08:11:37] [Rear Rack] Init - InitialDone - Site16_R_DT3
[08:11:37] [Front Rack] Init - InitialDone - Site4_F_DT4
[08:11:37] [Rear Rack] Init - InitialDone - Site17_R_DT4
[08:11:37] [Front Rack] Init - InitialDone - Site5_F_DT5
[08:11:37] [Rear Rack] Init - InitialDone - Site18_R_DT5
[08:11:37] [Front Rack] Init - InitialDone - Site6_F_DT6
[08:11:37] [Rear Rack] Init - InitialDone - Site19_R_DT6
[08:11:37] [Front Rack] Init - InitialDone - Site7_F_DT7
[08:11:37] [Rear Rack] Init - InitialDone - Site20_R_DT7
[08:11:37] [Front Rack] Init - InitialDone - Site8_F_DT8
[08:11:37] [Rear Rack] Init - InitialDone - Site21_R_DT8
[08:11:37] [Front Rack] Init - InitialDone - Site9_F_DT9
[08:11:37] [Rear Rack] Init - InitialDone - Site22_R_DT9
[08:11:37] [Front Rack] Init - InitialDone - Site10_F_DT10_FT4
[08:11:37] [Rear Rack] Init - InitialDone - Site23_R_DT10_FT4
[08:11:37] [Front Rack] Init - InitialDone - Site11_F_FT1
[08:11:37] [Rear Rack] Init - InitialDone - Site24_R_FT1
[08:11:37] [Front Rack] Init - InitialDone - Site12_F_FT2
[08:11:37] [Rear Rack] Init - InitialDone - Site25_R_FT2
[08:11:37] [Front Rack] Init - InitialDone - Site13_F_FT3
[08:11:37] [Rear Rack] Init - InitialDone - Site26_R_FT3
[08:11:37] [Front Rack] Init - InitialDone - Site1_F_DT1
[08:11:37] [Rear Rack] Init - InitialDone - Site14_R_DT1
[08:11:37] [Front Rack] Init - InitialDone - Site2_F_DT2
[08:11:37] [Rear Rack] Init - InitialDone - Site15_R_DT2
[08:11:37] [Front Rack] Init - InitialDone - Site3_F_DT3
[08:11:37] [Rear Rack] Init - InitialDone - Site16_R_DT3
[08:11:37] [Front Rack] Init - InitialDone - Site4_F_DT4
[08:11:37] [Rear Rack] Init - InitialDone - Site17_R_DT4
[08:11:37] [Front Rack] Init - InitialDone - Site5_F_DT5
[08:11:37] [Rear Rack] Init - InitialDone - Site18_R_DT5
[08:11:37] [Front Rack] Init - InitialDone - Site6_F_DT6
[08:11:37] [Rear Rack] Init - InitialDone - Site19_R_DT6
[08:11:37] [Front Rack] Init - InitialDone - Site7_F_DT7
[08:11:37] [Rear Rack] Init - InitialDone - Site20_R_DT7
[08:11:37] [Front Rack] Init - InitialDone - Site8_F_DT8
[08:11:37] [Rear Rack] Init - InitialDone - Site21_R_DT8
[08:11:37] [Front Rack] Init - InitialDone - Site9_F_DT9
[08:11:37] [Rear Rack] Init - InitialDone - Site22_R_DT9
[08:11:37] [Front Rack] Init - InitialDone - Site10_F_DT10_FT4
[08:11:37] [Rear Rack] Init - InitialDone - Site23_R_DT10_FT4
[08:11:37] [Front Rack] Init - InitialDone - Site11_F_FT1
[08:11:37] [Rear Rack] Init - InitialDone - Site24_R_FT1
[08:11:37] [Front Rack] Init - InitialDone - Site12_F_FT2
[08:11:37] [Rear Rack] Init - InitialDone - Site25_R_FT2
[08:11:37] [Front Rack] Init - InitialDone - Site13_F_FT3
[08:11:37] [Rear Rack] Init - InitialDone - Site26_R_FT3
[08:11:37] [Front Rack] Init - InitialDone - Site1_F_DT1
[08:11:37] [Rear Rack] Init - InitialDone - Site14_R_DT1
[08:11:37] [Front Rack] Init - InitialDone - Site2_F_DT2
[08:11:37] [Rear Rack] Init - InitialDone - Site15_R_DT2
[08:11:37] [Front Rack] Init - InitialDone - Site3_F_DT3
[08:11:37] [Rear Rack] Init - InitialDone - Site16_R_DT3
[08:11:37] [Front Rack] Init - InitialDone - Site4_F_DT4
[08:11:37] [Rear Rack] Init - InitialDone - Site17_R_DT4
[08:11:37] [Front Rack] Init - InitialDone - Site5_F_DT5
[08:11:37] [Rear Rack] Init - InitialDone - Site18_R_DT5
[08:11:37] [Front Rack] Init - InitialDone - Site6_F_DT6
[08:11:37] [Rear Rack] Init - InitialDone - Site19_R_DT6
[08:11:37] [Front Rack] Init - InitialDone - Site7_F_DT7
[08:11:37] [Rear Rack] Init - InitialDone - Site20_R_DT7
[08:11:37] [Front Rack] Init - InitialDone - Site8_F_DT8
[08:11:37] [Rear Rack] Init - InitialDone - Site21_R_DT8
[08:11:37] [Front Rack] Init - InitialDone - Site9_F_DT9
[08:11:37] [Rear Rack] Init - InitialDone - Site22_R_DT9
[08:11:37] [Front Rack] Init - InitialDone - Site10_F_DT10_FT4
[08:11:37] [Rear Rack] Init - InitialDone - Site23_R_DT10_FT4
[08:11:37] [Front Rack] Init - InitialDone - Site11_F_FT1
[08:11:37] [Rear Rack] Init - InitialDone - Site24_R_FT1
[08:11:37] [Front Rack] Init - InitialDone - Site12_F_FT2
[08:11:37] [Rear Rack] Init - InitialDone - Site25_R_FT2
[08:11:37] [Front Rack] Init - InitialDone - Site13_F_FT3
[08:11:37] [Rear Rack] Init - InitialDone - Site26_R_FT3
[08:11:37] [Front Rack] Init - InitialDone - Site1_F_DT1
[08:11:37] [Rear Rack] Init - InitialDone - Site14_R_DT1
[08:11:37] [Front Rack] Init - InitialDone - Site2_F_DT2
[08:11:37] [Rear Rack] Init - InitialDone - Site15_R_DT2
[08:11:37] [Front Rack] Init - InitialDone - Site3_F_DT3
[08:11:37] [Rear Rack] Init - InitialDone - Site16_R_DT3
[08:11:37] [Front Rack] Init - InitialDone - Site4_F_DT4
[08:11:38] [Rear Rack] Init - InitialDone - Site17_R_DT4
[08:11:38] [Front Rack] Init - InitialDone - Site5_F_DT5
[08:11:38] [Rear Rack] Init - InitialDone - Site18_R_DT5
[08:11:38] [Front Rack] Init - InitialDone - Site6_F_DT6
[08:11:38] [Rear Rack] Init - InitialDone - Site19_R_DT6
[08:11:38] [Front Rack] Init - InitialDone - Site7_F_DT7
[08:11:38] [Rear Rack] Init - InitialDone - Site20_R_DT7
[08:11:38] [Front Rack] Init - InitialDone - Site8_F_DT8
[08:11:38] [Rear Rack] Init - InitialDone - Site21_R_DT8
[08:11:38] [Front Rack] Init - InitialDone - Site9_F_DT9
[08:11:38] [Rear Rack] Init - InitialDone - Site22_R_DT9
[08:11:38] [Front Rack] Init - InitialDone - Site10_F_DT10_FT4
[08:11:38] [Rear Rack] Init - InitialDone - Site23_R_DT10_FT4
[08:11:38] [Front Rack] Init - InitialDone - Site11_F_FT1
[08:11:38] [Rear Rack] Init - InitialDone - Site24_R_FT1
[08:11:38] [Front Rack] Init - InitialDone - Site12_F_FT2
[08:11:38] [Rear Rack] Init - InitialDone - Site25_R_FT2
[08:11:38] [Front Rack] Init - InitialDone - Site13_F_FT3
[08:11:38] [Rear Rack] Init - InitialDone - Site26_R_FT3
[08:11:38] [Front Rack] Init - InitialDone - Site1_F_DT1
[08:11:38] [Rear Rack] Init - InitialDone - Site14_R_DT1
[08:11:38] [Front Rack] Init - InitialDone - Site2_F_DT2
[08:11:38] [Rear Rack] Init - InitialDone - Site15_R_DT2
[08:11:38] [Front Rack] Init - InitialDone - Site3_F_DT3
[08:11:38] [Rear Rack] Init - InitialDone - Site16_R_DT3
[08:11:38] [Front Rack] Init - InitialDone - Site4_F_DT4
[08:11:38] [Rear Rack] Init - InitialDone - Site17_R_DT4
[08:11:38] [Front Rack] Init - InitialDone - Site5_F_DT5
[08:11:38] [Rear Rack] Init - InitialDone - Site18_R_DT5
[08:11:38] [Front Rack] Init - InitialDone - Site6_F_DT6
[08:11:38] [Rear Rack] Init - InitialDone - Site19_R_DT6
[08:11:38] [Front Rack] Init - InitialDone - Site7_F_DT7
[08:11:38] [Rear Rack] Init - InitialDone - Site20_R_DT7
[08:11:38] [Front Rack] Init - InitialDone - Site8_F_DT8
[08:11:38] [Rear Rack] Init - InitialDone - Site21_R_DT8
[08:11:38] [Front Rack] Init - InitialDone - Site9_F_DT9
[08:11:38] [Rear Rack] Init - InitialDone - Site22_R_DT9
[08:11:38] [Front Rack] Init - InitialDone - Site10_F_DT10_FT4
[08:11:38] [Rear Rack] Init - InitialDone - Site23_R_DT10_FT4
[08:11:38] [Front Rack] Init - InitialDone - Site11_F_FT1
[08:11:38] [Rear Rack] Init - InitialDone - Site24_R_FT1
[08:11:38] [Front Rack] Init - InitialDone - Site12_F_FT2
[08:11:38] [Rear Rack] Init - InitialDone - Site25_R_FT2
[08:11:38] [Front Rack] Init - InitialDone - Site13_F_FT3
[08:11:38] [Rear Rack] Init - InitialDone - Site26_R_FT3
[08:11:38] [Front Rack] Init - InitialDone - Site1_F_DT1
[08:11:38] [Rear Rack] Init - InitialDone - Site14_R_DT1
[08:11:38] [Front Rack] Init - InitialDone - Site2_F_DT2
[08:11:38] [Rear Rack] Init - InitialDone - Site15_R_DT2
[08:11:38] [Front Rack] Init - InitialDone - Site3_F_DT3
[08:11:38] [Rear Rack] Init - InitialDone - Site16_R_DT3
[08:11:38] [Front Rack] Init - InitialDone - Site4_F_DT4
[08:11:38] [Rear Rack] Init - InitialDone - Site17_R_DT4
[08:11:38] [Front Rack] Init - InitialDone - Site5_F_DT5
[08:11:38] [Rear Rack] Init - InitialDone - Site18_R_DT5
[08:11:38] [Front Rack] Init - InitialDone - Site6_F_DT6
[08:11:38] [Rear Rack] Init - InitialDone - Site19_R_DT6
[08:11:38] [Front Rack] Init - InitialDone - Site7_F_DT7
[08:11:38] [Rear Rack] Init - InitialDone - Site20_R_DT7
[08:11:38] [Front Rack] Init - InitialDone - Site8_F_DT8
[08:11:38] [Rear Rack] Init - InitialDone - Site21_R_DT8
[08:11:38] [Front Rack] Init - InitialDone - Site9_F_DT9
[08:11:38] [Rear Rack] Init - InitialDone - Site22_R_DT9
[08:11:38] [Front Rack] Init - InitialDone - Site10_F_DT10_FT4
[08:11:38] [Rear Rack] Init - InitialDone - Site23_R_DT10_FT4
[08:11:38] [Front Rack] Init - InitialDone - Site11_F_FT1
[08:11:38] [Rear Rack] Init - InitialDone - Site24_R_FT1
[08:11:38] [Front Rack] Init - InitialDone - Site12_F_FT2
[08:11:38] [Rear Rack] Init - InitialDone - Site25_R_FT2
[08:11:38] [Front Rack] Init - InitialDone - Site13_F_FT3
[08:11:38] [Rear Rack] Init - InitialDone - Site26_R_FT3
[08:11:38] [Front Rack] Init - InitialDone - Site1_F_DT1
[08:11:38] [Rear Rack] Init - InitialDone - Site14_R_DT1
[08:11:38] [Front Rack] Init - InitialDone - Site2_F_DT2
[08:11:38] [Rear Rack] Init - InitialDone - Site15_R_DT2
[08:11:38] [Front Rack] Init - InitialDone - Site3_F_DT3
[08:11:38] [Rear Rack] Init - InitialDone - Site16_R_DT3
[08:11:38] [Front Rack] Init - InitialDone - Site4_F_DT4
[08:11:38] [Rear Rack] Init - InitialDone - Site17_R_DT4
[08:11:38] [Front Rack] Init - InitialDone - Site5_F_DT5
[08:11:38] [Rear Rack] Init - InitialDone - Site18_R_DT5
[08:11:38] [Front Rack] Init - InitialDone - Site6_F_DT6
[08:11:38] [Rear Rack] Init - InitialDone - Site19_R_DT6
[08:11:38] [Front Rack] Init - InitialDone - Site7_F_DT7
[08:11:38] [Rear Rack] Init - InitialDone - Site20_R_DT7
[08:11:38] [Front Rack] Init - InitialDone - Site8_F_DT8
[08:11:38] [Rear Rack] Init - InitialDone - Site21_R_DT8
[08:11:38] [Front Rack] Init - InitialDone - Site9_F_DT9
[08:11:38] [Rear Rack] Init - InitialDone - Site22_R_DT9
[08:11:38] [Front Rack] Init - InitialDone - Site10_F_DT10_FT4
[08:11:38] [Rear Rack] Init - InitialDone - Site23_R_DT10_FT4
[08:11:38] [Front Rack] Init - InitialDone - Site11_F_FT1
[08:11:38] [Rear Rack] Init - InitialDone - Site24_R_FT1
[08:11:38] [Front Rack] Init - InitialDone - Site12_F_FT2
[08:11:38] [Rear Rack] Init - InitialDone - Site25_R_FT2
[08:11:38] [Front Rack] Init - InitialDone - Site13_F_FT3
[08:11:38] [Rear Rack] Init - InitialDone - Site26_R_FT3
[08:11:38] [Front Rack] Init - InitialDone - Site1_F_DT1
[08:11:38] [Rear Rack] Init - InitialDone - Site14_R_DT1
[08:11:38] [Front Rack] Init - InitialDone - Site2_F_DT2
[08:11:38] [Rear Rack] Init - InitialDone - Site15_R_DT2
[08:11:38] [Front Rack] Init - InitialDone - Site3_F_DT3
[08:11:38] [Rear Rack] Init - InitialDone - Site16_R_DT3
[08:11:38] [Front Rack] Init - InitialDone - Site4_F_DT4
[08:11:38] [Rear Rack] Init - InitialDone - Site17_R_DT4
[08:11:38] [Front Rack] Init - InitialDone - Site5_F_DT5
[08:11:38] [Rear Rack] Init - InitialDone - Site18_R_DT5
[08:11:38] [Front Rack] Init - InitialDone - Site6_F_DT6
[08:11:38] [Rear Rack] Init - InitialDone - Site19_R_DT6
[08:11:38] [Front Rack] Init - InitialDone - Site7_F_DT7
[08:11:38] [Rear Rack] Init - InitialDone - Site20_R_DT7
[08:11:38] [Front Rack] Init - InitialDone - Site8_F_DT8
[08:11:38] [Rear Rack] Init - InitialDone - Site21_R_DT8
[08:11:38] [Front Rack] Init - InitialDone - Site9_F_DT9
[08:11:38] [Rear Rack] Init - InitialDone - Site22_R_DT9
[08:11:38] [Front Rack] Init - InitialDone - Site10_F_DT10_FT4
[08:11:38] [Rear Rack] Init - InitialDone - Site23_R_DT10_FT4
[08:11:38] [Front Rack] Init - InitialDone - Site11_F_FT1
[08:11:38] [Rear Rack] Init - InitialDone - Site24_R_FT1
[08:11:38] [Front Rack] Init - InitialDone - Site12_F_FT2
[08:11:38] [Rear Rack] Init - InitialDone - Site25_R_FT2
[08:11:38] [Front Rack] Init - InitialDone - Site13_F_FT3
[08:11:38] [Rear Rack] Init - InitialDone - Site26_R_FT3
[08:11:38] [Front Rack] Init - InitialDone - Site1_F_DT1
[08:11:38] [Rear Rack] Init - InitialDone - Site14_R_DT1
[08:11:38] [Front Rack] Init - InitialDone - Site2_F_DT2
[08:11:38] [Rear Rack] Init - InitialDone - Site15_R_DT2
[08:11:38] [Front Rack] Init - InitialDone - Site3_F_DT3
[08:11:38] [Rear Rack] Init - InitialDone - Site16_R_DT3
[08:11:38] [Front Rack] Init - InitialDone - Site4_F_DT4
[08:11:38] [Rear Rack] Init - InitialDone - Site17_R_DT4
[08:11:38] [Front Rack] Init - InitialDone - Site5_F_DT5
[08:11:38] [Rear Rack] Init - InitialDone - Site18_R_DT5
[08:11:38] [Front Rack] Init - InitialDone - Site6_F_DT6
[08:11:38] [Rear Rack] Init - InitialDone - Site19_R_DT6
[08:11:38] [Front Rack] Init - InitialDone - Site7_F_DT7
[08:11:38] [Rear Rack] Init - InitialDone - Site20_R_DT7
[08:11:38] [Front Rack] Init - InitialDone - Site8_F_DT8
[08:11:38] [Rear Rack] Init - InitialDone - Site21_R_DT8
[08:11:38] [Front Rack] Init - InitialDone - Site9_F_DT9
[08:11:38] [Rear Rack] Init - InitialDone - Site22_R_DT9
[08:11:38] [Front Rack] Init - InitialDone - Site10_F_DT10_FT4
[08:11:38] [Rear Rack] Init - InitialDone - Site23_R_DT10_FT4
[08:11:38] [Front Rack] Init - InitialDone - Site11_F_FT1
[08:11:38] [Rear Rack] Init - InitialDone - Site24_R_FT1
[08:11:38] [Front Rack] Init - InitialDone - Site12_F_FT2
[08:11:38] [Rear Rack] Init - InitialDone - Site25_R_FT2
[08:11:38] [Front Rack] Init - InitialDone - Site13_F_FT3
[08:11:38] [Rear Rack] Init - InitialDone - Site26_R_FT3
[08:11:38] [Front Rack] Init - InitialDone - Site1_F_DT1
[08:11:38] [Rear Rack] Init - InitialDone - Site14_R_DT1
[08:11:38] [Front Rack] Init - InitialDone - Site2_F_DT2
[08:11:38] [Rear Rack] Init - InitialDone - Site15_R_DT2
[08:11:38] [Front Rack] Init - InitialDone - Site3_F_DT3
[08:11:38] [Rear Rack] Init - InitialDone - Site16_R_DT3
[08:11:38] [Front Rack] Init - InitialDone - Site4_F_DT4
[08:11:38] [Rear Rack] Init - InitialDone - Site17_R_DT4
[08:11:38] [Front Rack] Init - InitialDone - Site5_F_DT5
[08:11:38] [Rear Rack] Init - InitialDone - Site18_R_DT5
[08:11:38] [Front Rack] Init - InitialDone - Site6_F_DT6
[08:11:38] [Rear Rack] Init - InitialDone - Site19_R_DT6
[08:11:38] [Front Rack] Init - InitialDone - Site7_F_DT7
[08:11:38] [Rear Rack] Init - InitialDone - Site20_R_DT7
[08:11:38] [Front Rack] Init - InitialDone - Site8_F_DT8
[08:11:38] [Rear Rack] Init - InitialDone - Site21_R_DT8
[08:11:38] [Front Rack] Init - InitialDone - Site9_F_DT9
[08:11:38] [Rear Rack] Init - InitialDone - Site22_R_DT9
[08:11:38] [Front Rack] Init - InitialDone - Site10_F_DT10_FT4
[08:11:38] [Rear Rack] Init - InitialDone - Site23_R_DT10_FT4
[08:11:38] [Front Rack] Init - InitialDone - Site11_F_FT1
[08:11:38] [Rear Rack] Init - InitialDone - Site24_R_FT1
[08:11:38] [Front Rack] Init - InitialDone - Site12_F_FT2
[08:11:38] [Rear Rack] Init - InitialDone - Site25_R_FT2
[08:11:38] [Front Rack] Init - InitialDone - Site13_F_FT3
[08:11:38] [Rear Rack] Init - InitialDone - Site26_R_FT3
[08:11:38] [Front Rack] Init - InitialDone - Site1_F_DT1
[08:11:38] [Rear Rack] Init - InitialDone - Site14_R_DT1
[08:11:38] [Front Rack] Init - InitialDone - Site2_F_DT2
[08:11:38] [Rear Rack] Init - InitialDone - Site15_R_DT2
[08:11:38] [Front Rack] Init - InitialDone - Site3_F_DT3
[08:11:38] [Rear Rack] Init - InitialDone - Site16_R_DT3
[08:11:38] [Front Rack] Init - InitialDone - Site4_F_DT4
[08:11:38] [Rear Rack] Init - InitialDone - Site17_R_DT4
[08:11:38] [Front Rack] Init - InitialDone - Site5_F_DT5
[08:11:38] [Rear Rack] Init - InitialDone - Site18_R_DT5
[08:11:38] [Front Rack] Init - InitialDone - Site6_F_DT6
[08:11:38] [Rear Rack] Init - InitialDone - Site19_R_DT6
[08:11:38] [Front Rack] Init - InitialDone - Site7_F_DT7
[08:11:38] [Rear Rack] Init - InitialDone - Site20_R_DT7
[08:11:38] [Front Rack] Init - InitialDone - Site8_F_DT8
[08:11:38] [Rear Rack] Init - InitialDone - Site21_R_DT8
[08:11:38] [Front Rack] Init - InitialDone - Site9_F_DT9
[08:11:38] [Rear Rack] Init - InitialDone - Site22_R_DT9
[08:11:38] [Front Rack] Init - InitialDone - Site10_F_DT10_FT4
[08:11:38] [Rear Rack] Init - InitialDone - Site23_R_DT10_FT4
[08:11:38] [Front Rack] Init - InitialDone - Site11_F_FT1
[08:11:38] [Rear Rack] Init - InitialDone - Site24_R_FT1
[08:11:38] [Front Rack] Init - InitialDone - Site12_F_FT2
[08:11:38] [Rear Rack] Init - InitialDone - Site25_R_FT2
[08:11:38] [Front Rack] Init - InitialDone - Site13_F_FT3
[08:11:38] [Rear Rack] Init - InitialDone - Site26_R_FT3
[08:11:38] [Front Rack] Init - InitialDone - Site1_F_DT1
[08:11:38] [Rear Rack] Init - InitialDone - Site14_R_DT1
[08:11:38] [Front Rack] Init - InitialDone - Site2_F_DT2
[08:11:38] [Rear Rack] Init - InitialDone - Site15_R_DT2
[08:11:38] [Front Rack] Init - InitialDone - Site3_F_DT3
[08:11:38] [Rear Rack] Init - InitialDone - Site16_R_DT3
[08:11:38] [Front Rack] Init - InitialDone - Site4_F_DT4
[08:11:38] [Rear Rack] Init - InitialDone - Site17_R_DT4
[08:11:38] [Front Rack] Init - InitialDone - Site5_F_DT5
[08:11:38] [Rear Rack] Init - InitialDone - Site18_R_DT5
[08:11:38] [Front Rack] Init - InitialDone - Site6_F_DT6
[08:11:38] [Rear Rack] Init - InitialDone - Site19_R_DT6
[08:11:38] [Front Rack] Init - InitialDone - Site7_F_DT7
[08:11:38] [Rear Rack] Init - InitialDone - Site20_R_DT7
[08:11:38] [Front Rack] Init - InitialDone - Site8_F_DT8
[08:11:38] [Rear Rack] Init - InitialDone - Site21_R_DT8
[08:11:38] [Front Rack] Init - InitialDone - Site9_F_DT9
[08:11:38] [Rear Rack] Init - InitialDone - Site22_R_DT9
[08:11:38] [Front Rack] Init - InitialDone - Site10_F_DT10_FT4
[08:11:38] [Rear Rack] Init - InitialDone - Site23_R_DT10_FT4
[08:11:38] [Front Rack] Init - InitialDone - Site11_F_FT1
[08:11:38] [Rear Rack] Init - InitialDone - Site24_R_FT1
[08:11:38] [Front Rack] Init - InitialDone - Site12_F_FT2
[08:11:38] [Rear Rack] Init - InitialDone - Site25_R_FT2
[08:11:38] [Front Rack] Init - InitialDone - Site13_F_FT3
[08:11:38] [Rear Rack] Init - InitialDone - Site26_R_FT3
[08:11:38] [Front Rack] Init - InitialDone - Site1_F_DT1
[08:11:38] [Rear Rack] Init - InitialDone - Site14_R_DT1
[08:11:38] [Front Rack] Init - InitialDone - Site2_F_DT2
[08:11:38] [Rear Rack] Init - InitialDone - Site15_R_DT2
[08:11:38] [Front Rack] Init - InitialDone - Site3_F_DT3
[08:11:38] [Rear Rack] Init - InitialDone - Site16_R_DT3
[08:11:38] [Front Rack] Init - InitialDone - Site4_F_DT4
[08:11:38] [Rear Rack] Init - InitialDone - Site17_R_DT4
[08:11:38] [Front Rack] Init - InitialDone - Site5_F_DT5
[08:11:38] [Rear Rack] Init - InitialDone - Site18_R_DT5
[08:11:38] [Front Rack] Init - InitialDone - Site6_F_DT6
[08:11:38] [Rear Rack] Init - InitialDone - Site19_R_DT6
[08:11:38] [Front Rack] Init - InitialDone - Site7_F_DT7
[08:11:38] [Rear Rack] Init - InitialDone - Site20_R_DT7
[08:11:38] [Front Rack] Init - InitialDone - Site8_F_DT8
[08:11:38] [Rear Rack] Init - InitialDone - Site21_R_DT8
[08:11:38] [Front Rack] Init - InitialDone - Site9_F_DT9
[08:11:38] [Rear Rack] Init - InitialDone - Site22_R_DT9
[08:11:38] [Front Rack] Init - InitialDone - Site10_F_DT10_FT4
[08:11:38] [Rear Rack] Init - InitialDone - Site23_R_DT10_FT4
[08:11:38] [Front Rack] Init - InitialDone - Site11_F_FT1
[08:11:38] [Rear Rack] Init - InitialDone - Site24_R_FT1
[08:11:38] [Front Rack] Init - InitialDone - Site12_F_FT2
[08:11:38] [Rear Rack] Init - InitialDone - Site25_R_FT2
[08:11:38] [Front Rack] Init - InitialDone - Site13_F_FT3
[08:11:38] [Rear Rack] Init - InitialDone - Site26_R_FT3
[08:11:38] [Front Rack] Init - InitialDone - Site1_F_DT1
[08:11:38] [Front Rack] Init - InitialDone - Site2_F_DT2
[08:11:38] [Rear Rack] Init - InitialDone - Site14_R_DT1
[08:11:38] [Front Rack] Init - InitialDone - Site3_F_DT3
[08:11:38] [Rear Rack] Init - InitialDone - Site15_R_DT2
[08:11:38] [Front Rack] Init - InitialDone - Site4_F_DT4
[08:11:38] [Rear Rack] Init - InitialDone - Site16_R_DT3
[08:11:38] [Front Rack] Init - InitialDone - Site5_F_DT5
[08:11:38] [Rear Rack] Init - InitialDone - Site17_R_DT4
[08:11:38] [Front Rack] Init - InitialDone - Site6_F_DT6
[08:11:38] [Rear Rack] Init - InitialDone - Site18_R_DT5
[08:11:38] [Front Rack] Init - InitialDone - Site7_F_DT7
[08:11:38] [Rear Rack] Init - InitialDone - Site19_R_DT6
[08:11:38] [Front Rack] Init - InitialDone - Site8_F_DT8
[08:11:38] [Rear Rack] Init - InitialDone - Site20_R_DT7
[08:11:38] [Front Rack] Init - InitialDone - Site9_F_DT9
[08:11:38] [Rear Rack] Init - InitialDone - Site21_R_DT8
[08:11:38] [Front Rack] Init - InitialDone - Site10_F_DT10_FT4
[08:11:38] [Rear Rack] Init - InitialDone - Site22_R_DT9
[08:11:38] [Front Rack] Init - InitialDone - Site11_F_FT1
[08:11:38] [Rear Rack] Init - InitialDone - Site23_R_DT10_FT4
[08:11:38] [Front Rack] Init - InitialDone - Site12_F_FT2
[08:11:38] [Rear Rack] Init - InitialDone - Site24_R_FT1
[08:11:38] [Front Rack] Init - InitialDone - Site13_F_FT3
[08:11:38] [Rear Rack] Init - InitialDone - Site25_R_FT2
[08:11:38] [Rear Rack] Init - InitialDone - Site26_R_FT3
[08:11:38] [Front Rack] Init - InitialDone - Site1_F_DT1
[08:11:38] [Front Rack] Init - InitialDone - Site2_F_DT2
[08:11:38] [Rear Rack] Init - InitialDone - Site14_R_DT1
[08:11:38] [Front Rack] Init - InitialDone - Site3_F_DT3
[08:11:38] [Rear Rack] Init - InitialDone - Site15_R_DT2
[08:11:38] [Front Rack] Init - InitialDone - Site4_F_DT4
[08:11:38] [Rear Rack] Init - InitialDone - Site16_R_DT3
[08:11:38] [Front Rack] Init - InitialDone - Site5_F_DT5
[08:11:38] [Rear Rack] Init - InitialDone - Site17_R_DT4
[08:11:38] [Front Rack] Init - InitialDone - Site6_F_DT6
[08:11:38] [Rear Rack] Init - InitialDone - Site18_R_DT5
[08:11:38] [Front Rack] Init - InitialDone - Site7_F_DT7
[08:11:38] [Rear Rack] Init - InitialDone - Site19_R_DT6
[08:11:38] [Front Rack] Init - InitialDone - Site8_F_DT8
[08:11:38] [Rear Rack] Init - InitialDone - Site20_R_DT7
[08:11:38] [Front Rack] Init - InitialDone - Site9_F_DT9
[08:11:38] [Rear Rack] Init - InitialDone - Site21_R_DT8
[08:11:38] [Front Rack] Init - InitialDone - Site10_F_DT10_FT4
[08:11:38] [Rear Rack] Init - InitialDone - Site22_R_DT9
[08:11:38] [Front Rack] Init - InitialDone - Site11_F_FT1
[08:11:38] [Rear Rack] Init - InitialDone - Site23_R_DT10_FT4
[08:11:38] [Front Rack] Init - InitialDone - Site12_F_FT2
[08:11:38] [Rear Rack] Init - InitialDone - Site24_R_FT1
[08:11:38] [Front Rack] Init - InitialDone - Site13_F_FT3
[08:11:38] [Rear Rack] Init - InitialDone - Site25_R_FT2
[08:11:38] [Rear Rack] Init - InitialDone - Site26_R_FT3
[08:11:38] [Front Rack] Init - InitialDone - Site1_F_DT1
[08:11:38] [Rear Rack] Init - InitialDone - Site14_R_DT1
[08:11:38] [Front Rack] Init - InitialDone - Site2_F_DT2
[08:11:38] [Rear Rack] Init - InitialDone - Site15_R_DT2
[08:11:38] [Front Rack] Init - InitialDone - Site3_F_DT3
[08:11:38] [Rear Rack] Init - InitialDone - Site16_R_DT3
[08:11:38] [Front Rack] Init - InitialDone - Site4_F_DT4
[08:11:38] [Rear Rack] Init - InitialDone - Site17_R_DT4
[08:11:38] [Front Rack] Init - InitialDone - Site5_F_DT5
[08:11:38] [Rear Rack] Init - InitialDone - Site18_R_DT5
[08:11:38] [Front Rack] Init - InitialDone - Site6_F_DT6
[08:11:38] [Rear Rack] Init - InitialDone - Site19_R_DT6
[08:11:38] [Front Rack] Init - InitialDone - Site7_F_DT7
[08:11:38] [Rear Rack] Init - InitialDone - Site20_R_DT7
[08:11:38] [Front Rack] Init - InitialDone - Site8_F_DT8
[08:11:38] [Rear Rack] Init - InitialDone - Site21_R_DT8
[08:11:38] [Front Rack] Init - InitialDone - Site9_F_DT9
[08:11:38] [Rear Rack] Init - InitialDone - Site22_R_DT9
[08:11:38] [Front Rack] Init - InitialDone - Site10_F_DT10_FT4
[08:11:38] [Rear Rack] Init - InitialDone - Site23_R_DT10_FT4
[08:11:38] [Front Rack] Init - InitialDone - Site11_F_FT1
[08:11:38] [Rear Rack] Init - InitialDone - Site24_R_FT1
[08:11:38] [Front Rack] Init - InitialDone - Site12_F_FT2
[08:11:38] [Rear Rack] Init - InitialDone - Site25_R_FT2
[08:11:38] [Front Rack] Init - InitialDone - Site13_F_FT3
[08:11:38] [Rear Rack] Init - InitialDone - Site26_R_FT3
[08:11:38] [Front Rack] Init - InitialDone - Site1_F_DT1
[08:11:38] [Front Rack] Init - InitialDone - Site2_F_DT2
[08:11:38] [Rear Rack] Init - InitialDone - Site14_R_DT1
[08:11:38] [Front Rack] Init - InitialDone - Site3_F_DT3
[08:11:38] [Rear Rack] Init - InitialDone - Site15_R_DT2
[08:11:38] [Front Rack] Init - InitialDone - Site4_F_DT4
[08:11:38] [Rear Rack] Init - InitialDone - Site16_R_DT3
[08:11:38] [Front Rack] Init - InitialDone - Site5_F_DT5
[08:11:38] [Rear Rack] Init - InitialDone - Site17_R_DT4
[08:11:38] [Front Rack] Init - InitialDone - Site6_F_DT6
[08:11:38] [Rear Rack] Init - InitialDone - Site18_R_DT5
[08:11:38] [Front Rack] Init - InitialDone - Site7_F_DT7
[08:11:38] [Rear Rack] Init - InitialDone - Site19_R_DT6
[08:11:38] [Front Rack] Init - InitialDone - Site8_F_DT8
[08:11:38] [Rear Rack] Init - InitialDone - Site20_R_DT7
[08:11:38] [Front Rack] Init - InitialDone - Site9_F_DT9
[08:11:38] [Rear Rack] Init - InitialDone - Site21_R_DT8
[08:11:38] [Front Rack] Init - InitialDone - Site10_F_DT10_FT4
[08:11:38] [Rear Rack] Init - InitialDone - Site22_R_DT9
[08:11:38] [Front Rack] Init - InitialDone - Site11_F_FT1
[08:11:38] [Rear Rack] Init - InitialDone - Site23_R_DT10_FT4
[08:11:38] [Front Rack] Init - InitialDone - Site12_F_FT2
[08:11:38] [Rear Rack] Init - InitialDone - Site24_R_FT1
[08:11:38] [Front Rack] Init - InitialDone - Site13_F_FT3
[08:11:38] [Rear Rack] Init - InitialDone - Site25_R_FT2
[08:11:38] [Rear Rack] Init - InitialDone - Site26_R_FT3
[08:11:38] [Front Rack] Init - InitialDone - Site1_F_DT1
[08:11:38] [Front Rack] Init - InitialDone - Site2_F_DT2
[08:11:38] [Rear Rack] Init - InitialDone - Site14_R_DT1
[08:11:38] [Front Rack] Init - InitialDone - Site3_F_DT3
[08:11:38] [Rear Rack] Init - InitialDone - Site15_R_DT2
[08:11:38] [Front Rack] Init - InitialDone - Site4_F_DT4
[08:11:38] [Rear Rack] Init - InitialDone - Site16_R_DT3
[08:11:38] [Front Rack] Init - InitialDone - Site5_F_DT5
[08:11:38] [Rear Rack] Init - InitialDone - Site17_R_DT4
[08:11:38] [Front Rack] Init - InitialDone - Site6_F_DT6
[08:11:38] [Rear Rack] Init - InitialDone - Site18_R_DT5
[08:11:38] [Front Rack] Init - InitialDone - Site7_F_DT7
[08:11:38] [Rear Rack] Init - InitialDone - Site19_R_DT6
[08:11:38] [Front Rack] Init - InitialDone - Site8_F_DT8
[08:11:38] [Rear Rack] Init - InitialDone - Site20_R_DT7
[08:11:38] [Front Rack] Init - InitialDone - Site9_F_DT9
[08:11:38] [Rear Rack] Init - InitialDone - Site21_R_DT8
[08:11:38] [Front Rack] Init - InitialDone - Site10_F_DT10_FT4
[08:11:38] [Rear Rack] Init - InitialDone - Site22_R_DT9
[08:11:38] [Front Rack] Init - InitialDone - Site11_F_FT1
[08:11:38] [Rear Rack] Init - InitialDone - Site23_R_DT10_FT4
[08:11:38] [Front Rack] Init - InitialDone - Site12_F_FT2
[08:11:38] [Rear Rack] Init - InitialDone - Site24_R_FT1
[08:11:38] [Front Rack] Init - InitialDone - Site13_F_FT3
[08:11:38] [Rear Rack] Init - InitialDone - Site25_R_FT2
[08:11:38] [Rear Rack] Init - InitialDone - Site26_R_FT3
[08:11:38] [Front Rack] Init - InitialDone - Site1_F_DT1
[08:11:38] [Rear Rack] Init - InitialDone - Site14_R_DT1
[08:11:38] [Front Rack] Init - InitialDone - Site2_F_DT2
[08:11:38] [Rear Rack] Init - InitialDone - Site15_R_DT2
[08:11:38] [Front Rack] Init - InitialDone - Site3_F_DT3
[08:11:38] [Rear Rack] Init - InitialDone - Site16_R_DT3
[08:11:38] [Front Rack] Init - InitialDone - Site4_F_DT4
[08:11:38] [Rear Rack] Init - InitialDone - Site17_R_DT4
[08:11:38] [Front Rack] Init - InitialDone - Site5_F_DT5
[08:11:38] [Rear Rack] Init - InitialDone - Site18_R_DT5
[08:11:38] [Front Rack] Init - InitialDone - Site6_F_DT6
[08:11:38] [Rear Rack] Init - InitialDone - Site19_R_DT6
[08:11:38] [Front Rack] Init - InitialDone - Site7_F_DT7
[08:11:38] [Rear Rack] Init - InitialDone - Site20_R_DT7
[08:11:38] [Front Rack] Init - InitialDone - Site8_F_DT8
[08:11:38] [Rear Rack] Init - InitialDone - Site21_R_DT8
[08:11:38] [Front Rack] Init - InitialDone - Site9_F_DT9
[08:11:38] [Rear Rack] Init - InitialDone - Site22_R_DT9
[08:11:38] [Front Rack] Init - InitialDone - Site10_F_DT10_FT4
[08:11:38] [Rear Rack] Init - InitialDone - Site23_R_DT10_FT4
[08:11:38] [Front Rack] Init - InitialDone - Site11_F_FT1
[08:11:38] [Rear Rack] Init - InitialDone - Site24_R_FT1
[08:11:38] [Front Rack] Init - InitialDone - Site12_F_FT2
[08:11:38] [Rear Rack] Init - InitialDone - Site25_R_FT2
[08:11:38] [Front Rack] Init - InitialDone - Site13_F_FT3
[08:11:38] [Rear Rack] Init - InitialDone - Site26_R_FT3
[08:11:38] [Front Rack] Init - InitialDone - Site1_F_DT1
[08:11:38] [Rear Rack] Init - InitialDone - Site14_R_DT1
[08:11:38] [Front Rack] Init - InitialDone - Site2_F_DT2
[08:11:38] [Rear Rack] Init - InitialDone - Site15_R_DT2
[08:11:38] [Front Rack] Init - InitialDone - Site3_F_DT3
[08:11:38] [Rear Rack] Init - InitialDone - Site16_R_DT3
[08:11:38] [Front Rack] Init - InitialDone - Site4_F_DT4
[08:11:38] [Rear Rack] Init - InitialDone - Site17_R_DT4
[08:11:38] [Front Rack] Init - InitialDone - Site5_F_DT5
[08:11:38] [Rear Rack] Init - InitialDone - Site18_R_DT5
[08:11:38] [Front Rack] Init - InitialDone - Site6_F_DT6
[08:11:38] [Rear Rack] Init - InitialDone - Site19_R_DT6
[08:11:38] [Front Rack] Init - InitialDone - Site7_F_DT7
[08:11:38] [Rear Rack] Init - InitialDone - Site20_R_DT7
[08:11:38] [Front Rack] Init - InitialDone - Site8_F_DT8
[08:11:38] [Rear Rack] Init - InitialDone - Site21_R_DT8
[08:11:38] [Front Rack] Init - InitialDone - Site9_F_DT9
[08:11:38] [Rear Rack] Init - InitialDone - Site22_R_DT9
[08:11:38] [Front Rack] Init - InitialDone - Site10_F_DT10_FT4
[08:11:38] [Rear Rack] Init - InitialDone - Site23_R_DT10_FT4
[08:11:38] [Front Rack] Init - InitialDone - Site11_F_FT1
[08:11:38] [Rear Rack] Init - InitialDone - Site24_R_FT1
[08:11:38] [Front Rack] Init - InitialDone - Site12_F_FT2
[08:11:38] [Rear Rack] Init - InitialDone - Site25_R_FT2
[08:11:38] [Front Rack] Init - InitialDone - Site13_F_FT3
[08:11:38] [Rear Rack] Init - InitialDone - Site26_R_FT3
[08:11:38] [Front Rack] Init - InitialDone - Site1_F_DT1
[08:11:38] [Rear Rack] Init - InitialDone - Site14_R_DT1
[08:11:38] [Front Rack] Init - InitialDone - Site2_F_DT2
[08:11:38] [Rear Rack] Init - InitialDone - Site15_R_DT2
[08:11:38] [Front Rack] Init - InitialDone - Site3_F_DT3
[08:11:38] [Rear Rack] Init - InitialDone - Site16_R_DT3
[08:11:38] [Front Rack] Init - InitialDone - Site4_F_DT4
[08:11:38] [Rear Rack] Init - InitialDone - Site17_R_DT4
[08:11:38] [Front Rack] Init - InitialDone - Site5_F_DT5
[08:11:38] [Rear Rack] Init - InitialDone - Site18_R_DT5
[08:11:38] [Front Rack] Init - InitialDone - Site6_F_DT6
[08:11:38] [Rear Rack] Init - InitialDone - Site19_R_DT6
[08:11:38] [Front Rack] Init - InitialDone - Site7_F_DT7
[08:11:38] [Rear Rack] Init - InitialDone - Site20_R_DT7
[08:11:38] [Front Rack] Init - InitialDone - Site8_F_DT8
[08:11:38] [Rear Rack] Init - InitialDone - Site21_R_DT8
[08:11:38] [Front Rack] Init - InitialDone - Site9_F_DT9
[08:11:38] [Rear Rack] Init - InitialDone - Site22_R_DT9
[08:11:38] [Front Rack] Init - InitialDone - Site10_F_DT10_FT4
[08:11:38] [Rear Rack] Init - InitialDone - Site23_R_DT10_FT4
[08:11:38] [Front Rack] Init - InitialDone - Site11_F_FT1
[08:11:38] [Rear Rack] Init - InitialDone - Site24_R_FT1
[08:11:38] [Front Rack] Init - InitialDone - Site12_F_FT2
[08:11:38] [Rear Rack] Init - InitialDone - Site25_R_FT2
[08:11:38] [Front Rack] Init - InitialDone - Site13_F_FT3
[08:11:38] [Rear Rack] Init - InitialDone - Site26_R_FT3
[08:11:38] [Front Rack] Init - InitialDone - Site1_F_DT1
[08:11:38] [Rear Rack] Init - InitialDone - Site14_R_DT1
[08:11:38] [Front Rack] Init - InitialDone - Site2_F_DT2
[08:11:38] [Rear Rack] Init - InitialDone - Site15_R_DT2
[08:11:38] [Front Rack] Init - InitialDone - Site3_F_DT3
[08:11:38] [Rear Rack] Init - InitialDone - Site16_R_DT3
[08:11:38] [Front Rack] Init - InitialDone - Site4_F_DT4
[08:11:38] [Rear Rack] Init - InitialDone - Site17_R_DT4
[08:11:38] [Front Rack] Init - InitialDone - Site5_F_DT5
[08:11:38] [Rear Rack] Init - InitialDone - Site18_R_DT5
[08:11:38] [Front Rack] Init - InitialDone - Site6_F_DT6
[08:11:38] [Rear Rack] Init - InitialDone - Site19_R_DT6
[08:11:38] [Front Rack] Init - InitialDone - Site7_F_DT7
[08:11:38] [Rear Rack] Init - InitialDone - Site20_R_DT7
[08:11:38] [Front Rack] Init - InitialDone - Site8_F_DT8
[08:11:38] [Rear Rack] Init - InitialDone - Site21_R_DT8
[08:11:38] [Front Rack] Init - InitialDone - Site9_F_DT9
[08:11:38] [Rear Rack] Init - InitialDone - Site22_R_DT9
[08:11:38] [Front Rack] Init - InitialDone - Site10_F_DT10_FT4
[08:11:38] [Rear Rack] Init - InitialDone - Site23_R_DT10_FT4
[08:11:38] [Front Rack] Init - InitialDone - Site11_F_FT1
[08:11:38] [Rear Rack] Init - InitialDone - Site24_R_FT1
[08:11:38] [Front Rack] Init - InitialDone - Site12_F_FT2
[08:11:38] [Rear Rack] Init - InitialDone - Site25_R_FT2
[08:11:38] [Front Rack] Init - InitialDone - Site13_F_FT3
[08:11:38] [Rear Rack] Init - InitialDone - Site26_R_FT3
[08:11:38] [Front Rack] Init - InitialDone - Site1_F_DT1
[08:11:38] [Rear Rack] Init - InitialDone - Site14_R_DT1
[08:11:38] [Front Rack] Init - InitialDone - Site2_F_DT2
[08:11:38] [Rear Rack] Init - InitialDone - Site15_R_DT2
[08:11:38] [Front Rack] Init - InitialDone - Site3_F_DT3
[08:11:38] [Rear Rack] Init - InitialDone - Site16_R_DT3
[08:11:38] [Front Rack] Init - InitialDone - Site4_F_DT4
[08:11:38] [Rear Rack] Init - InitialDone - Site17_R_DT4
[08:11:38] [Front Rack] Init - InitialDone - Site5_F_DT5
[08:11:38] [Rear Rack] Init - InitialDone - Site18_R_DT5
[08:11:38] [Front Rack] Init - InitialDone - Site6_F_DT6
[08:11:38] [Rear Rack] Init - InitialDone - Site19_R_DT6
[08:11:38] [Front Rack] Init - InitialDone - Site7_F_DT7
[08:11:38] [Rear Rack] Init - InitialDone - Site20_R_DT7
[08:11:38] [Front Rack] Init - InitialDone - Site8_F_DT8
[08:11:38] [Rear Rack] Init - InitialDone - Site21_R_DT8
[08:11:38] [Front Rack] Init - InitialDone - Site9_F_DT9
[08:11:38] [Rear Rack] Init - InitialDone - Site22_R_DT9
[08:11:38] [Front Rack] Init - InitialDone - Site10_F_DT10_FT4
[08:11:38] [Rear Rack] Init - InitialDone - Site23_R_DT10_FT4
[08:11:38] [Front Rack] Init - InitialDone - Site11_F_FT1
[08:11:38] [Rear Rack] Init - InitialDone - Site24_R_FT1
[08:11:38] [Front Rack] Init - InitialDone - Site12_F_FT2
[08:11:38] [Rear Rack] Init - InitialDone - Site25_R_FT2
[08:11:38] [Front Rack] Init - InitialDone - Site13_F_FT3
[08:11:38] [Rear Rack] Init - InitialDone - Site26_R_FT3
[08:11:38] [Front Rack] Init - InitialDone - Site1_F_DT1
[08:11:38] [Rear Rack] Init - InitialDone - Site14_R_DT1
[08:11:38] [Front Rack] Init - InitialDone - Site2_F_DT2
[08:11:38] [Rear Rack] Init - InitialDone - Site15_R_DT2
[08:11:38] [Front Rack] Init - InitialDone - Site3_F_DT3
[08:11:38] [Rear Rack] Init - InitialDone - Site16_R_DT3
[08:11:38] [Front Rack] Init - InitialDone - Site4_F_DT4
[08:11:38] [Rear Rack] Init - InitialDone - Site17_R_DT4
[08:11:38] [Front Rack] Init - InitialDone - Site5_F_DT5
[08:11:38] [Rear Rack] Init - InitialDone - Site18_R_DT5
[08:11:38] [Front Rack] Init - InitialDone - Site6_F_DT6
[08:11:38] [Rear Rack] Init - InitialDone - Site19_R_DT6
[08:11:38] [Front Rack] Init - InitialDone - Site7_F_DT7
[08:11:38] [Rear Rack] Init - InitialDone - Site20_R_DT7
[08:11:38] [Front Rack] Init - InitialDone - Site8_F_DT8
[08:11:38] [Rear Rack] Init - InitialDone - Site21_R_DT8
[08:11:38] [Front Rack] Init - InitialDone - Site9_F_DT9
[08:11:38] [Rear Rack] Init - InitialDone - Site22_R_DT9
[08:11:38] [Front Rack] Init - InitialDone - Site10_F_DT10_FT4
[08:11:38] [Rear Rack] Init - InitialDone - Site23_R_DT10_FT4
[08:11:38] [Front Rack] Init - InitialDone - Site11_F_FT1
[08:11:38] [Rear Rack] Init - InitialDone - Site24_R_FT1
[08:11:38] [Front Rack] Init - InitialDone - Site12_F_FT2
[08:11:38] [Rear Rack] Init - InitialDone - Site25_R_FT2
[08:11:38] [Front Rack] Init - InitialDone - Site13_F_FT3
[08:11:38] [Rear Rack] Init - InitialDone - Site26_R_FT3
[08:11:38] [Front Rack] Init - InitialDone - Site1_F_DT1
[08:11:38] [Rear Rack] Init - InitialDone - Site14_R_DT1
[08:11:38] [Front Rack] Init - InitialDone - Site2_F_DT2
[08:11:38] [Rear Rack] Init - InitialDone - Site15_R_DT2
[08:11:38] [Front Rack] Init - InitialDone - Site3_F_DT3
[08:11:38] [Rear Rack] Init - InitialDone - Site16_R_DT3
[08:11:38] [Front Rack] Init - InitialDone - Site4_F_DT4
[08:11:38] [Rear Rack] Init - InitialDone - Site17_R_DT4
[08:11:38] [Front Rack] Init - InitialDone - Site5_F_DT5
[08:11:38] [Rear Rack] Init - InitialDone - Site18_R_DT5
[08:11:38] [Front Rack] Init - InitialDone - Site6_F_DT6
[08:11:38] [Rear Rack] Init - InitialDone - Site19_R_DT6
[08:11:38] [Front Rack] Init - InitialDone - Site7_F_DT7
[08:11:38] [Rear Rack] Init - InitialDone - Site20_R_DT7
[08:11:38] [Front Rack] Init - InitialDone - Site8_F_DT8
[08:11:38] [Rear Rack] Init - InitialDone - Site21_R_DT8
[08:11:38] [Front Rack] Init - InitialDone - Site9_F_DT9
[08:11:38] [Rear Rack] Init - InitialDone - Site22_R_DT9
[08:11:38] [Front Rack] Init - InitialDone - Site10_F_DT10_FT4
[08:11:38] [Rear Rack] Init - InitialDone - Site23_R_DT10_FT4
[08:11:38] [Front Rack] Init - InitialDone - Site11_F_FT1
[08:11:38] [Rear Rack] Init - InitialDone - Site24_R_FT1
[08:11:38] [Front Rack] Init - InitialDone - Site12_F_FT2
[08:11:38] [Rear Rack] Init - InitialDone - Site25_R_FT2
[08:11:38] [Front Rack] Init - InitialDone - Site13_F_FT3
[08:11:38] [Rear Rack] Init - InitialDone - Site26_R_FT3
[08:11:38] [Front Rack] Init - InitialDone - Site1_F_DT1
[08:11:38] [Rear Rack] Init - InitialDone - Site14_R_DT1
[08:11:38] [Front Rack] Init - InitialDone - Site2_F_DT2
[08:11:38] [Rear Rack] Init - InitialDone - Site15_R_DT2
[08:11:38] [Front Rack] Init - InitialDone - Site3_F_DT3
[08:11:38] [Rear Rack] Init - InitialDone - Site16_R_DT3
[08:11:38] [Front Rack] Init - InitialDone - Site4_F_DT4
[08:11:38] [Rear Rack] Init - InitialDone - Site17_R_DT4
[08:11:38] [Front Rack] Init - InitialDone - Site5_F_DT5
[08:11:38] [Rear Rack] Init - InitialDone - Site18_R_DT5
[08:11:38] [Front Rack] Init - InitialDone - Site6_F_DT6
[08:11:38] [Rear Rack] Init - InitialDone - Site19_R_DT6
[08:11:38] [Front Rack] Init - InitialDone - Site7_F_DT7
[08:11:38] [Rear Rack] Init - InitialDone - Site20_R_DT7
[08:11:38] [Front Rack] Init - InitialDone - Site8_F_DT8
[08:11:38] [Rear Rack] Init - InitialDone - Site21_R_DT8
[08:11:38] [Front Rack] Init - InitialDone - Site9_F_DT9
[08:11:38] [Rear Rack] Init - InitialDone - Site22_R_DT9
[08:11:38] [Front Rack] Init - InitialDone - Site10_F_DT10_FT4
[08:11:38] [Rear Rack] Init - InitialDone - Site23_R_DT10_FT4
[08:11:38] [Front Rack] Init - InitialDone - Site11_F_FT1
[08:11:39] [Rear Rack] Init - InitialDone - Site24_R_FT1
[08:11:39] [Front Rack] Init - InitialDone - Site12_F_FT2
[08:11:39] [Rear Rack] Init - InitialDone - Site25_R_FT2
[08:11:39] [Front Rack] Init - InitialDone - Site13_F_FT3
[08:11:39] [Rear Rack] Init - InitialDone - Site26_R_FT3
[08:11:39] [Front Rack] Init - InitialDone - Site1_F_DT1
[08:11:39] [Rear Rack] Init - InitialDone - Site14_R_DT1
[08:11:39] [Front Rack] Init - InitialDone - Site2_F_DT2
[08:11:39] [Rear Rack] Init - InitialDone - Site15_R_DT2
[08:11:39] [Front Rack] Init - InitialDone - Site3_F_DT3
[08:11:39] [Rear Rack] Init - InitialDone - Site16_R_DT3
[08:11:39] [Front Rack] Init - InitialDone - Site4_F_DT4
[08:11:39] [Rear Rack] Init - InitialDone - Site17_R_DT4
[08:11:39] [Front Rack] Init - InitialDone - Site5_F_DT5
[08:11:39] [Rear Rack] Init - InitialDone - Site18_R_DT5
[08:11:39] [Front Rack] Init - InitialDone - Site6_F_DT6
[08:11:39] [Rear Rack] Init - InitialDone - Site19_R_DT6
[08:11:39] [Front Rack] Init - InitialDone - Site7_F_DT7
[08:11:39] [Rear Rack] Init - InitialDone - Site20_R_DT7
[08:11:39] [Front Rack] Init - InitialDone - Site8_F_DT8
[08:11:39] [Rear Rack] Init - InitialDone - Site21_R_DT8
[08:11:39] [Front Rack] Init - InitialDone - Site9_F_DT9
[08:11:39] [Rear Rack] Init - InitialDone - Site22_R_DT9
[08:11:39] [Front Rack] Init - InitialDone - Site10_F_DT10_FT4
[08:11:39] [Rear Rack] Init - InitialDone - Site23_R_DT10_FT4
[08:11:39] [Front Rack] Init - InitialDone - Site11_F_FT1
[08:11:39] [Rear Rack] Init - InitialDone - Site24_R_FT1
[08:11:39] [Front Rack] Init - InitialDone - Site12_F_FT2
[08:11:39] [Rear Rack] Init - InitialDone - Site25_R_FT2
[08:11:39] [Front Rack] Init - InitialDone - Site13_F_FT3
[08:11:39] [Rear Rack] Init - InitialDone - Site26_R_FT3
[08:11:39] [Front Rack] Init - InitialDone - Site1_F_DT1
[08:11:39] [Rear Rack] Init - InitialDone - Site14_R_DT1
[08:11:39] [Front Rack] Init - InitialDone - Site2_F_DT2
[08:11:39] [Rear Rack] Init - InitialDone - Site15_R_DT2
[08:11:39] [Front Rack] Init - InitialDone - Site3_F_DT3
[08:11:39] [Rear Rack] Init - InitialDone - Site16_R_DT3
[08:11:39] [Front Rack] Init - InitialDone - Site4_F_DT4
[08:11:39] [Rear Rack] Init - InitialDone - Site17_R_DT4
[08:11:39] [Front Rack] Init - InitialDone - Site5_F_DT5
[08:11:39] [Rear Rack] Init - InitialDone - Site18_R_DT5
[08:11:39] [Front Rack] Init - InitialDone - Site6_F_DT6
[08:11:39] [Rear Rack] Init - InitialDone - Site19_R_DT6
[08:11:39] [Front Rack] Init - InitialDone - Site7_F_DT7
[08:11:39] [Rear Rack] Init - InitialDone - Site20_R_DT7
[08:11:39] [Front Rack] Init - InitialDone - Site8_F_DT8
[08:11:39] [Rear Rack] Init - InitialDone - Site21_R_DT8
[08:11:39] [Front Rack] Init - InitialDone - Site9_F_DT9
[08:11:39] [Rear Rack] Init - InitialDone - Site22_R_DT9
[08:11:39] [Front Rack] Init - InitialDone - Site10_F_DT10_FT4
[08:11:39] [Rear Rack] Init - InitialDone - Site23_R_DT10_FT4
[08:11:39] [Front Rack] Init - InitialDone - Site11_F_FT1
[08:11:39] [Rear Rack] Init - InitialDone - Site24_R_FT1
[08:11:39] [Front Rack] Init - InitialDone - Site12_F_FT2
[08:11:39] [Rear Rack] Init - InitialDone - Site25_R_FT2
[08:11:39] [Front Rack] Init - InitialDone - Site13_F_FT3
[08:11:39] [Rear Rack] Init - InitialDone - Site26_R_FT3
[08:11:39] [Front Rack] Init - InitialDone - Site1_F_DT1
[08:11:39] [Rear Rack] Init - InitialDone - Site14_R_DT1
[08:11:39] [Front Rack] Init - InitialDone - Site2_F_DT2
[08:11:39] [Rear Rack] Init - InitialDone - Site15_R_DT2
[08:11:39] [Front Rack] Init - InitialDone - Site3_F_DT3
[08:11:39] [Rear Rack] Init - InitialDone - Site16_R_DT3
[08:11:39] [Front Rack] Init - InitialDone - Site4_F_DT4
[08:11:39] [Rear Rack] Init - InitialDone - Site17_R_DT4
[08:11:39] [Front Rack] Init - InitialDone - Site5_F_DT5
[08:11:39] [Rear Rack] Init - InitialDone - Site18_R_DT5
[08:11:39] [Front Rack] Init - InitialDone - Site6_F_DT6
[08:11:39] [Rear Rack] Init - InitialDone - Site19_R_DT6
[08:11:39] [Front Rack] Init - InitialDone - Site7_F_DT7
[08:11:39] [Rear Rack] Init - InitialDone - Site20_R_DT7
[08:11:39] [Front Rack] Init - InitialDone - Site8_F_DT8
[08:11:39] [Rear Rack] Init - InitialDone - Site21_R_DT8
[08:11:39] [Front Rack] Init - InitialDone - Site9_F_DT9
[08:11:39] [Rear Rack] Init - InitialDone - Site22_R_DT9
[08:11:39] [Front Rack] Init - InitialDone - Site10_F_DT10_FT4
[08:11:39] [Rear Rack] Init - InitialDone - Site23_R_DT10_FT4
[08:11:39] [Front Rack] Init - InitialDone - Site11_F_FT1
[08:11:39] [Rear Rack] Init - InitialDone - Site24_R_FT1
[08:11:39] [Front Rack] Init - InitialDone - Site12_F_FT2
[08:11:39] [Rear Rack] Init - InitialDone - Site25_R_FT2
[08:11:39] [Front Rack] Init - InitialDone - Site13_F_FT3
[08:11:39] [Rear Rack] Init - InitialDone - Site26_R_FT3
[08:11:39] [Front Rack] Init - InitialDone - Site1_F_DT1
[08:11:39] [Rear Rack] Init - InitialDone - Site14_R_DT1
[08:11:39] [Front Rack] Init - InitialDone - Site2_F_DT2
[08:11:39] [Rear Rack] Init - InitialDone - Site15_R_DT2
[08:11:39] [Front Rack] Init - InitialDone - Site3_F_DT3
[08:11:39] [Rear Rack] Init - InitialDone - Site16_R_DT3
[08:11:39] [Front Rack] Init - InitialDone - Site4_F_DT4
[08:11:39] [Rear Rack] Init - InitialDone - Site17_R_DT4
[08:11:39] [Front Rack] Init - InitialDone - Site5_F_DT5
[08:11:39] [Rear Rack] Init - InitialDone - Site18_R_DT5
[08:11:39] [Front Rack] Init - InitialDone - Site6_F_DT6
[08:11:39] [Rear Rack] Init - InitialDone - Site19_R_DT6
[08:11:39] [Front Rack] Init - InitialDone - Site7_F_DT7
[08:11:39] [Rear Rack] Init - InitialDone - Site20_R_DT7
[08:11:39] [Front Rack] Init - InitialDone - Site8_F_DT8
[08:11:39] [Rear Rack] Init - InitialDone - Site21_R_DT8
[08:11:39] [Front Rack] Init - InitialDone - Site9_F_DT9
[08:11:39] [Rear Rack] Init - InitialDone - Site22_R_DT9
[08:11:39] [Front Rack] Init - InitialDone - Site10_F_DT10_FT4
[08:11:39] [Rear Rack] Init - InitialDone - Site23_R_DT10_FT4
[08:11:39] [Front Rack] Init - InitialDone - Site11_F_FT1
[08:11:39] [Rear Rack] Init - InitialDone - Site24_R_FT1
[08:11:39] [Front Rack] Init - InitialDone - Site12_F_FT2
[08:11:39] [Rear Rack] Init - InitialDone - Site25_R_FT2
[08:11:39] [Front Rack] Init - InitialDone - Site13_F_FT3
[08:11:39] [Rear Rack] Init - InitialDone - Site26_R_FT3
[08:11:39] [Front Rack] Init - InitialDone - Site1_F_DT1
[08:11:39] [Rear Rack] Init - InitialDone - Site14_R_DT1
[08:11:39] [Front Rack] Init - InitialDone - Site2_F_DT2
[08:11:39] [Rear Rack] Init - InitialDone - Site15_R_DT2
[08:11:39] [Front Rack] Init - InitialDone - Site3_F_DT3
[08:11:39] [Rear Rack] Init - InitialDone - Site16_R_DT3
[08:11:39] [Front Rack] Init - InitialDone - Site4_F_DT4
[08:11:39] [Rear Rack] Init - InitialDone - Site17_R_DT4
[08:11:39] [Front Rack] Init - InitialDone - Site5_F_DT5
[08:11:39] [Rear Rack] Init - InitialDone - Site18_R_DT5
[08:11:39] [Front Rack] Init - InitialDone - Site6_F_DT6
[08:11:39] [Rear Rack] Init - InitialDone - Site19_R_DT6
[08:11:39] [Front Rack] Init - InitialDone - Site7_F_DT7
[08:11:39] [Rear Rack] Init - InitialDone - Site20_R_DT7
[08:11:39] [Front Rack] Init - InitialDone - Site8_F_DT8
[08:11:39] [Rear Rack] Init - InitialDone - Site21_R_DT8
[08:11:39] [Front Rack] Init - InitialDone - Site9_F_DT9
[08:11:39] [Rear Rack] Init - InitialDone - Site22_R_DT9
[08:11:39] [Front Rack] Init - InitialDone - Site10_F_DT10_FT4
[08:11:39] [Rear Rack] Init - InitialDone - Site23_R_DT10_FT4
[08:11:39] [Front Rack] Init - InitialDone - Site11_F_FT1
[08:11:39] [Rear Rack] Init - InitialDone - Site24_R_FT1
[08:11:39] [Front Rack] Init - InitialDone - Site12_F_FT2
[08:11:39] [Rear Rack] Init - InitialDone - Site25_R_FT2
[08:11:39] [Front Rack] Init - InitialDone - Site13_F_FT3
[08:11:39] [Rear Rack] Init - InitialDone - Site26_R_FT3
[08:11:39] [Front Rack] Init - InitialDone - Site1_F_DT1
[08:11:39] [Rear Rack] Init - InitialDone - Site14_R_DT1
[08:11:39] [Front Rack] Init - InitialDone - Site2_F_DT2
[08:11:39] [Rear Rack] Init - InitialDone - Site15_R_DT2
[08:11:39] [Front Rack] Init - InitialDone - Site3_F_DT3
[08:11:39] [Rear Rack] Init - InitialDone - Site16_R_DT3
[08:11:39] [Front Rack] Init - InitialDone - Site4_F_DT4
[08:11:39] [Rear Rack] Init - InitialDone - Site17_R_DT4
[08:11:39] [Front Rack] Init - InitialDone - Site5_F_DT5
[08:11:39] [Rear Rack] Init - InitialDone - Site18_R_DT5
[08:11:39] [Front Rack] Init - InitialDone - Site6_F_DT6
[08:11:39] [Rear Rack] Init - InitialDone - Site19_R_DT6
[08:11:39] [Front Rack] Init - InitialDone - Site7_F_DT7
[08:11:39] [Rear Rack] Init - InitialDone - Site20_R_DT7
[08:11:39] [Front Rack] Init - InitialDone - Site8_F_DT8
[08:11:39] [Rear Rack] Init - InitialDone - Site21_R_DT8
[08:11:39] [Front Rack] Init - InitialDone - Site9_F_DT9
[08:11:39] [Rear Rack] Init - InitialDone - Site22_R_DT9
[08:11:39] [Front Rack] Init - InitialDone - Site10_F_DT10_FT4
[08:11:39] [Rear Rack] Init - InitialDone - Site23_R_DT10_FT4
[08:11:39] [Front Rack] Init - InitialDone - Site11_F_FT1
[08:11:39] [Rear Rack] Init - InitialDone - Site24_R_FT1
[08:11:39] [Front Rack] Init - InitialDone - Site12_F_FT2
[08:11:39] [Rear Rack] Init - InitialDone - Site25_R_FT2
[08:11:39] [Front Rack] Init - InitialDone - Site13_F_FT3
[08:11:39] [Rear Rack] Init - InitialDone - Site26_R_FT3
[08:11:39] [Front Rack] Init - InitialDone - Site1_F_DT1
[08:11:39] [Rear Rack] Init - InitialDone - Site14_R_DT1
[08:11:39] [Front Rack] Init - InitialDone - Site2_F_DT2
[08:11:39] [Rear Rack] Init - InitialDone - Site15_R_DT2
[08:11:39] [Front Rack] Init - InitialDone - Site3_F_DT3
[08:11:39] [Rear Rack] Init - InitialDone - Site16_R_DT3
[08:11:39] [Front Rack] Init - InitialDone - Site4_F_DT4
[08:11:39] [Rear Rack] Init - InitialDone - Site17_R_DT4
[08:11:39] [Front Rack] Init - InitialDone - Site5_F_DT5
[08:11:39] [Rear Rack] Init - InitialDone - Site18_R_DT5
[08:11:39] [Front Rack] Init - InitialDone - Site6_F_DT6
[08:11:39] [Rear Rack] Init - InitialDone - Site19_R_DT6
[08:11:39] [Front Rack] Init - InitialDone - Site7_F_DT7
[08:11:39] [Rear Rack] Init - InitialDone - Site20_R_DT7
[08:11:39] [Front Rack] Init - InitialDone - Site8_F_DT8
[08:11:39] [Rear Rack] Init - InitialDone - Site21_R_DT8
[08:11:39] [Front Rack] Init - InitialDone - Site9_F_DT9
[08:11:39] [Rear Rack] Init - InitialDone - Site22_R_DT9
[08:11:39] [Front Rack] Init - InitialDone - Site10_F_DT10_FT4
[08:11:39] [Rear Rack] Init - InitialDone - Site23_R_DT10_FT4
[08:11:39] [Front Rack] Init - InitialDone - Site11_F_FT1
[08:11:39] [Rear Rack] Init - InitialDone - Site24_R_FT1
[08:11:39] [Front Rack] Init - InitialDone - Site12_F_FT2
[08:11:39] [Rear Rack] Init - InitialDone - Site25_R_FT2
[08:11:39] [Front Rack] Init - InitialDone - Site13_F_FT3
[08:11:39] [Rear Rack] Init - InitialDone - Site26_R_FT3
[08:11:39] [Front Rack] Init - InitialDone - Site1_F_DT1
[08:11:39] [Rear Rack] Init - InitialDone - Site14_R_DT1
[08:11:39] [Front Rack] Init - InitialDone - Site2_F_DT2
[08:11:39] [Rear Rack] Init - InitialDone - Site15_R_DT2
[08:11:39] [Front Rack] Init - InitialDone - Site3_F_DT3
[08:11:39] [Rear Rack] Init - InitialDone - Site16_R_DT3
[08:11:39] [Front Rack] Init - InitialDone - Site4_F_DT4
[08:11:39] [Rear Rack] Init - InitialDone - Site17_R_DT4
[08:11:39] [Front Rack] Init - InitialDone - Site5_F_DT5
[08:11:39] [Rear Rack] Init - InitialDone - Site18_R_DT5
[08:11:39] [Front Rack] Init - InitialDone - Site6_F_DT6
[08:11:39] [Rear Rack] Init - InitialDone - Site19_R_DT6
[08:11:39] [Front Rack] Init - InitialDone - Site7_F_DT7
[08:11:39] [Rear Rack] Init - InitialDone - Site20_R_DT7
[08:11:39] [Front Rack] Init - InitialDone - Site8_F_DT8
[08:11:39] [Rear Rack] Init - InitialDone - Site21_R_DT8
[08:11:39] [Front Rack] Init - InitialDone - Site9_F_DT9
[08:11:39] [Rear Rack] Init - InitialDone - Site22_R_DT9
[08:11:39] [Front Rack] Init - InitialDone - Site10_F_DT10_FT4
[08:11:39] [Rear Rack] Init - InitialDone - Site23_R_DT10_FT4
[08:11:39] [Front Rack] Init - InitialDone - Site11_F_FT1
[08:11:39] [Rear Rack] Init - InitialDone - Site24_R_FT1
[08:11:39] [Front Rack] Init - InitialDone - Site12_F_FT2
[08:11:39] [Rear Rack] Init - InitialDone - Site25_R_FT2
[08:11:39] [Front Rack] Init - InitialDone - Site13_F_FT3
[08:11:39] [Rear Rack] Init - InitialDone - Site26_R_FT3
[08:11:39] [Front Rack] Init - InitialDone - Site1_F_DT1
[08:11:39] [Rear Rack] Init - InitialDone - Site14_R_DT1
[08:11:39] [Front Rack] Init - InitialDone - Site2_F_DT2
[08:11:39] [Rear Rack] Init - InitialDone - Site15_R_DT2
[08:11:39] [Front Rack] Init - InitialDone - Site3_F_DT3
[08:11:39] [Rear Rack] Init - InitialDone - Site16_R_DT3
[08:11:39] [Front Rack] Init - InitialDone - Site4_F_DT4
[08:11:39] [Rear Rack] Init - InitialDone - Site17_R_DT4
[08:11:39] [Front Rack] Init - InitialDone - Site5_F_DT5
[08:11:39] [Rear Rack] Init - InitialDone - Site18_R_DT5
[08:11:39] [Front Rack] Init - InitialDone - Site6_F_DT6
[08:11:39] [Rear Rack] Init - InitialDone - Site19_R_DT6
[08:11:39] [Front Rack] Init - InitialDone - Site7_F_DT7
[08:11:39] [Rear Rack] Init - InitialDone - Site20_R_DT7
[08:11:39] [Front Rack] Init - InitialDone - Site8_F_DT8
[08:11:39] [Rear Rack] Init - InitialDone - Site21_R_DT8
[08:11:39] [Front Rack] Init - InitialDone - Site9_F_DT9
[08:11:39] [Rear Rack] Init - InitialDone - Site22_R_DT9
[08:11:39] [Front Rack] Init - InitialDone - Site10_F_DT10_FT4
[08:11:39] [Rear Rack] Init - InitialDone - Site23_R_DT10_FT4
[08:11:39] [Front Rack] Init - InitialDone - Site11_F_FT1
[08:11:39] [Rear Rack] Init - InitialDone - Site24_R_FT1
[08:11:39] [Front Rack] Init - InitialDone - Site12_F_FT2
[08:11:39] [Rear Rack] Init - InitialDone - Site25_R_FT2
[08:11:39] [Front Rack] Init - InitialDone - Site13_F_FT3
[08:11:39] [Rear Rack] Init - InitialDone - Site26_R_FT3
[08:11:39] [Front Rack] Init - InitialDone - Site1_F_DT1
[08:11:39] [Rear Rack] Init - InitialDone - Site14_R_DT1
[08:11:39] [Front Rack] Init - InitialDone - Site2_F_DT2
[08:11:39] [Rear Rack] Init - InitialDone - Site15_R_DT2
[08:11:39] [Front Rack] Init - InitialDone - Site3_F_DT3
[08:11:39] [Rear Rack] Init - InitialDone - Site16_R_DT3
[08:11:39] [Front Rack] Init - InitialDone - Site4_F_DT4
[08:11:39] [Rear Rack] Init - InitialDone - Site17_R_DT4
[08:11:39] [Front Rack] Init - InitialDone - Site5_F_DT5
[08:11:39] [Rear Rack] Init - InitialDone - Site18_R_DT5
[08:11:39] [Front Rack] Init - InitialDone - Site6_F_DT6
[08:11:39] [Rear Rack] Init - InitialDone - Site19_R_DT6
[08:11:39] [Front Rack] Init - InitialDone - Site7_F_DT7
[08:11:39] [Rear Rack] Init - InitialDone - Site20_R_DT7
[08:11:39] [Front Rack] Init - InitialDone - Site8_F_DT8
[08:11:39] [Rear Rack] Init - InitialDone - Site21_R_DT8
[08:11:39] [Front Rack] Init - InitialDone - Site9_F_DT9
[08:11:39] [Rear Rack] Init - InitialDone - Site22_R_DT9
[08:11:39] [Front Rack] Init - InitialDone - Site10_F_DT10_FT4
[08:11:39] [Rear Rack] Init - InitialDone - Site23_R_DT10_FT4
[08:11:39] [Front Rack] Init - InitialDone - Site11_F_FT1
[08:11:39] [Rear Rack] Init - InitialDone - Site24_R_FT1
[08:11:39] [Front Rack] Init - InitialDone - Site12_F_FT2
[08:11:39] [Rear Rack] Init - InitialDone - Site25_R_FT2
[08:11:39] [Front Rack] Init - InitialDone - Site13_F_FT3
[08:11:39] [Rear Rack] Init - InitialDone - Site26_R_FT3
[08:11:39] [Front Rack] Init - InitialDone - Site1_F_DT1
[08:11:39] [Rear Rack] Init - InitialDone - Site14_R_DT1
[08:11:39] [Front Rack] Init - InitialDone - Site2_F_DT2
[08:11:39] [Rear Rack] Init - InitialDone - Site15_R_DT2
[08:11:39] [Front Rack] Init - InitialDone - Site3_F_DT3
[08:11:39] [Rear Rack] Init - InitialDone - Site16_R_DT3
[08:11:39] [Front Rack] Init - InitialDone - Site4_F_DT4
[08:11:39] [Rear Rack] Init - InitialDone - Site17_R_DT4
[08:11:39] [Front Rack] Init - InitialDone - Site5_F_DT5
[08:11:39] [Rear Rack] Init - InitialDone - Site18_R_DT5
[08:11:39] [Front Rack] Init - InitialDone - Site6_F_DT6
[08:11:39] [Rear Rack] Init - InitialDone - Site19_R_DT6
[08:11:39] [Front Rack] Init - InitialDone - Site7_F_DT7
[08:11:39] [Rear Rack] Init - InitialDone - Site20_R_DT7
[08:11:39] [Front Rack] Init - InitialDone - Site8_F_DT8
[08:11:39] [Rear Rack] Init - InitialDone - Site21_R_DT8
[08:11:39] [Front Rack] Init - InitialDone - Site9_F_DT9
[08:11:39] [Rear Rack] Init - InitialDone - Site22_R_DT9
[08:11:39] [Front Rack] Init - InitialDone - Site10_F_DT10_FT4
[08:11:39] [Rear Rack] Init - InitialDone - Site23_R_DT10_FT4
[08:11:39] [Front Rack] Init - InitialDone - Site11_F_FT1
[08:11:39] [Rear Rack] Init - InitialDone - Site24_R_FT1
[08:11:39] [Front Rack] Init - InitialDone - Site12_F_FT2
[08:11:39] [Rear Rack] Init - InitialDone - Site25_R_FT2
[08:11:39] [Front Rack] Init - InitialDone - Site13_F_FT3
[08:11:39] [Rear Rack] Init - InitialDone - Site26_R_FT3
[08:11:39] [Front Rack] Init - InitialDone - Site1_F_DT1
[08:11:39] [Rear Rack] Init - InitialDone - Site14_R_DT1
[08:11:39] [Front Rack] Init - InitialDone - Site2_F_DT2
[08:11:39] [Rear Rack] Init - InitialDone - Site15_R_DT2
[08:11:39] [Front Rack] Init - InitialDone - Site3_F_DT3
[08:11:39] [Rear Rack] Init - InitialDone - Site16_R_DT3
[08:11:39] [Front Rack] Init - InitialDone - Site4_F_DT4
[08:11:39] [Rear Rack] Init - InitialDone - Site17_R_DT4
[08:11:39] [Front Rack] Init - InitialDone - Site5_F_DT5
[08:11:39] [Rear Rack] Init - InitialDone - Site18_R_DT5
[08:11:39] [Front Rack] Init - InitialDone - Site6_F_DT6
[08:11:39] [Rear Rack] Init - InitialDone - Site19_R_DT6
[08:11:39] [Front Rack] Init - InitialDone - Site7_F_DT7
[08:11:39] [Rear Rack] Init - InitialDone - Site20_R_DT7
[08:11:39] [Front Rack] Init - InitialDone - Site8_F_DT8
[08:11:39] [Rear Rack] Init - InitialDone - Site21_R_DT8
[08:11:39] [Front Rack] Init - InitialDone - Site9_F_DT9
[08:11:39] [Rear Rack] Init - InitialDone - Site22_R_DT9
[08:11:39] [Front Rack] Init - InitialDone - Site10_F_DT10_FT4
[08:11:39] [Rear Rack] Init - InitialDone - Site23_R_DT10_FT4
[08:11:39] [Front Rack] Init - InitialDone - Site11_F_FT1
[08:11:39] [Rear Rack] Init - InitialDone - Site24_R_FT1
[08:11:39] [Front Rack] Init - InitialDone - Site12_F_FT2
[08:11:39] [Rear Rack] Init - InitialDone - Site25_R_FT2
[08:11:39] [Front Rack] Init - InitialDone - Site13_F_FT3
[08:11:39] [Rear Rack] Init - InitialDone - Site26_R_FT3
[08:11:39] [Front Rack] Init - InitialDone - Site1_F_DT1
[08:11:39] [Rear Rack] Init - InitialDone - Site14_R_DT1
[08:11:39] [Front Rack] Init - InitialDone - Site2_F_DT2
[08:11:39] [Rear Rack] Init - InitialDone - Site15_R_DT2
[08:11:39] [Front Rack] Init - InitialDone - Site3_F_DT3
[08:11:39] [Rear Rack] Init - InitialDone - Site16_R_DT3
[08:11:39] [Front Rack] Init - InitialDone - Site4_F_DT4
[08:11:39] [Rear Rack] Init - InitialDone - Site17_R_DT4
[08:11:39] [Front Rack] Init - InitialDone - Site5_F_DT5
[08:11:39] [Rear Rack] Init - InitialDone - Site18_R_DT5
[08:11:39] [Front Rack] Init - InitialDone - Site6_F_DT6
[08:11:39] [Rear Rack] Init - InitialDone - Site19_R_DT6
[08:11:39] [Front Rack] Init - InitialDone - Site7_F_DT7
[08:11:39] [Rear Rack] Init - InitialDone - Site20_R_DT7
[08:11:39] [Front Rack] Init - InitialDone - Site8_F_DT8
[08:11:39] [Rear Rack] Init - InitialDone - Site21_R_DT8
[08:11:39] [Front Rack] Init - InitialDone - Site9_F_DT9
[08:11:39] [Rear Rack] Init - InitialDone - Site22_R_DT9
[08:11:39] [Front Rack] Init - InitialDone - Site10_F_DT10_FT4
[08:11:39] [Rear Rack] Init - InitialDone - Site23_R_DT10_FT4
[08:11:39] [Front Rack] Init - InitialDone - Site11_F_FT1
[08:11:39] [Rear Rack] Init - InitialDone - Site24_R_FT1
[08:11:39] [Front Rack] Init - InitialDone - Site12_F_FT2
[08:11:39] [Rear Rack] Init - InitialDone - Site25_R_FT2
[08:11:39] [Front Rack] Init - InitialDone - Site13_F_FT3
[08:11:39] [Rear Rack] Init - InitialDone - Site26_R_FT3
[08:11:39] [Front Rack] Init - InitialDone - Site1_F_DT1
[08:11:39] [Rear Rack] Init - InitialDone - Site14_R_DT1
[08:11:39] [Front Rack] Init - InitialDone - Site2_F_DT2
[08:11:39] [Rear Rack] Init - InitialDone - Site15_R_DT2
[08:11:39] [Front Rack] Init - InitialDone - Site3_F_DT3
[08:11:39] [Rear Rack] Init - InitialDone - Site16_R_DT3
[08:11:39] [Front Rack] Init - InitialDone - Site4_F_DT4
[08:11:39] [Rear Rack] Init - InitialDone - Site17_R_DT4
[08:11:39] [Front Rack] Init - InitialDone - Site5_F_DT5
[08:11:39] [Rear Rack] Init - InitialDone - Site18_R_DT5
[08:11:39] [Front Rack] Init - InitialDone - Site6_F_DT6
[08:11:39] [Rear Rack] Init - InitialDone - Site19_R_DT6
[08:11:39] [Front Rack] Init - InitialDone - Site7_F_DT7
[08:11:39] [Rear Rack] Init - InitialDone - Site20_R_DT7
[08:11:39] [Front Rack] Init - InitialDone - Site8_F_DT8
[08:11:39] [Rear Rack] Init - InitialDone - Site21_R_DT8
[08:11:39] [Front Rack] Init - InitialDone - Site9_F_DT9
[08:11:39] [Rear Rack] Init - InitialDone - Site22_R_DT9
[08:11:39] [Front Rack] Init - InitialDone - Site10_F_DT10_FT4
[08:11:39] [Rear Rack] Init - InitialDone - Site23_R_DT10_FT4
[08:11:39] [Front Rack] Init - InitialDone - Site11_F_FT1
[08:11:39] [Rear Rack] Init - InitialDone - Site24_R_FT1
[08:11:39] [Front Rack] Init - InitialDone - Site12_F_FT2
[08:11:39] [Rear Rack] Init - InitialDone - Site25_R_FT2
[08:11:39] [Front Rack] Init - InitialDone - Site13_F_FT3
[08:11:39] [Rear Rack] Init - InitialDone - Site26_R_FT3
[08:11:39] [Front Rack] Init - InitialDone - Site1_F_DT1
[08:11:39] [Rear Rack] Init - InitialDone - Site14_R_DT1
[08:11:39] [Front Rack] Init - InitialDone - Site2_F_DT2
[08:11:39] [Rear Rack] Init - InitialDone - Site15_R_DT2
[08:11:39] [Front Rack] Init - InitialDone - Site3_F_DT3
[08:11:39] [Rear Rack] Init - InitialDone - Site16_R_DT3
[08:11:39] [Front Rack] Init - InitialDone - Site4_F_DT4
[08:11:39] [Rear Rack] Init - InitialDone - Site17_R_DT4
[08:11:39] [Front Rack] Init - InitialDone - Site5_F_DT5
[08:11:39] [Rear Rack] Init - InitialDone - Site18_R_DT5
[08:11:39] [Front Rack] Init - InitialDone - Site6_F_DT6
[08:11:39] [Rear Rack] Init - InitialDone - Site19_R_DT6
[08:11:39] [Front Rack] Init - InitialDone - Site7_F_DT7
[08:11:39] [Rear Rack] Init - InitialDone - Site20_R_DT7
[08:11:39] [Front Rack] Init - InitialDone - Site8_F_DT8
[08:11:39] [Rear Rack] Init - InitialDone - Site21_R_DT8
[08:11:39] [Front Rack] Init - InitialDone - Site9_F_DT9
[08:11:39] [Rear Rack] Init - InitialDone - Site22_R_DT9
[08:11:39] [Front Rack] Init - InitialDone - Site10_F_DT10_FT4
[08:11:39] [Rear Rack] Init - InitialDone - Site23_R_DT10_FT4
[08:11:39] [Front Rack] Init - InitialDone - Site11_F_FT1
[08:11:39] [Rear Rack] Init - InitialDone - Site24_R_FT1
[08:11:39] [Front Rack] Init - InitialDone - Site12_F_FT2
[08:11:39] [Rear Rack] Init - InitialDone - Site25_R_FT2
[08:11:39] [Front Rack] Init - InitialDone - Site13_F_FT3
[08:11:39] [Rear Rack] Init - InitialDone - Site26_R_FT3
[08:11:39] [Front Rack] Init - InitialDone - Site1_F_DT1
[08:11:39] [Rear Rack] Init - InitialDone - Site14_R_DT1
[08:11:39] [Front Rack] Init - InitialDone - Site2_F_DT2
[08:11:39] [Rear Rack] Init - InitialDone - Site15_R_DT2
[08:11:39] [Front Rack] Init - InitialDone - Site3_F_DT3
[08:11:39] [Rear Rack] Init - InitialDone - Site16_R_DT3
[08:11:39] [Front Rack] Init - InitialDone - Site4_F_DT4
[08:11:39] [Rear Rack] Init - InitialDone - Site17_R_DT4
[08:11:39] [Front Rack] Init - InitialDone - Site5_F_DT5
[08:11:39] [Rear Rack] Init - InitialDone - Site18_R_DT5
[08:11:39] [Front Rack] Init - InitialDone - Site6_F_DT6
[08:11:39] [Rear Rack] Init - InitialDone - Site19_R_DT6
[08:11:39] [Front Rack] Init - InitialDone - Site7_F_DT7
[08:11:39] [Rear Rack] Init - InitialDone - Site20_R_DT7
[08:11:39] [Front Rack] Init - InitialDone - Site8_F_DT8
[08:11:39] [Rear Rack] Init - InitialDone - Site21_R_DT8
[08:11:39] [Front Rack] Init - InitialDone - Site9_F_DT9
[08:11:39] [Rear Rack] Init - InitialDone - Site22_R_DT9
[08:11:39] [Front Rack] Init - InitialDone - Site10_F_DT10_FT4
[08:11:39] [Rear Rack] Init - InitialDone - Site23_R_DT10_FT4
[08:11:39] [Front Rack] Init - InitialDone - Site11_F_FT1
[08:11:39] [Rear Rack] Init - InitialDone - Site24_R_FT1
[08:11:39] [Front Rack] Init - InitialDone - Site12_F_FT2
[08:11:39] [Rear Rack] Init - InitialDone - Site25_R_FT2
[08:11:39] [Front Rack] Init - InitialDone - Site13_F_FT3
[08:11:39] [Rear Rack] Init - InitialDone - Site26_R_FT3
[08:11:39] [Front Rack] Init - InitialDone - Site1_F_DT1
[08:11:39] [Rear Rack] Init - InitialDone - Site14_R_DT1
[08:11:39] [Front Rack] Init - InitialDone - Site2_F_DT2
[08:11:39] [Rear Rack] Init - InitialDone - Site15_R_DT2
[08:11:39] [Front Rack] Init - InitialDone - Site3_F_DT3
[08:11:39] [Rear Rack] Init - InitialDone - Site16_R_DT3
[08:11:39] [Front Rack] Init - InitialDone - Site4_F_DT4
[08:11:39] [Rear Rack] Init - InitialDone - Site17_R_DT4
[08:11:39] [Front Rack] Init - InitialDone - Site5_F_DT5
[08:11:39] [Rear Rack] Init - InitialDone - Site18_R_DT5
[08:11:39] [Front Rack] Init - InitialDone - Site6_F_DT6
[08:11:39] [Rear Rack] Init - InitialDone - Site19_R_DT6
[08:11:39] [Front Rack] Init - InitialDone - Site7_F_DT7
[08:11:39] [Rear Rack] Init - InitialDone - Site20_R_DT7
[08:11:39] [Front Rack] Init - InitialDone - Site8_F_DT8
[08:11:39] [Rear Rack] Init - InitialDone - Site21_R_DT8
[08:11:39] [Front Rack] Init - InitialDone - Site9_F_DT9
[08:11:39] [Rear Rack] Init - InitialDone - Site22_R_DT9
[08:11:39] [Front Rack] Init - InitialDone - Site10_F_DT10_FT4
[08:11:39] [Rear Rack] Init - InitialDone - Site23_R_DT10_FT4
[08:11:39] [Front Rack] Init - InitialDone - Site11_F_FT1
[08:11:39] [Rear Rack] Init - InitialDone - Site24_R_FT1
[08:11:39] [Front Rack] Init - InitialDone - Site12_F_FT2
[08:11:39] [Rear Rack] Init - InitialDone - Site25_R_FT2
[08:11:39] [Front Rack] Init - InitialDone - Site13_F_FT3
[08:11:39] [Rear Rack] Init - InitialDone - Site26_R_FT3
[08:11:39] [Front Rack] Init - InitialDone - Site1_F_DT1
[08:11:39] [Rear Rack] Init - InitialDone - Site14_R_DT1
[08:11:39] [Front Rack] Init - InitialDone - Site2_F_DT2
[08:11:39] [Rear Rack] Init - InitialDone - Site15_R_DT2
[08:11:39] [Front Rack] Init - InitialDone - Site3_F_DT3
[08:11:39] [Rear Rack] Init - InitialDone - Site16_R_DT3
[08:11:39] [Front Rack] Init - InitialDone - Site4_F_DT4
[08:11:39] [Rear Rack] Init - InitialDone - Site17_R_DT4
[08:11:39] [Front Rack] Init - InitialDone - Site5_F_DT5
[08:11:39] [Rear Rack] Init - InitialDone - Site18_R_DT5
[08:11:39] [Front Rack] Init - InitialDone - Site6_F_DT6
[08:11:39] [Rear Rack] Init - InitialDone - Site19_R_DT6
[08:11:39] [Front Rack] Init - InitialDone - Site7_F_DT7
[08:11:39] [Rear Rack] Init - InitialDone - Site20_R_DT7
[08:11:39] [Front Rack] Init - InitialDone - Site8_F_DT8
[08:11:39] [Rear Rack] Init - InitialDone - Site21_R_DT8
[08:11:39] [Front Rack] Init - InitialDone - Site9_F_DT9
[08:11:39] [Rear Rack] Init - InitialDone - Site22_R_DT9
[08:11:39] [Front Rack] Init - InitialDone - Site10_F_DT10_FT4
[08:11:39] [Rear Rack] Init - InitialDone - Site23_R_DT10_FT4
[08:11:39] [Front Rack] Init - InitialDone - Site11_F_FT1
[08:11:39] [Rear Rack] Init - InitialDone - Site24_R_FT1
[08:11:39] [Front Rack] Init - InitialDone - Site12_F_FT2
[08:11:39] [Rear Rack] Init - InitialDone - Site25_R_FT2
[08:11:39] [Front Rack] Init - InitialDone - Site13_F_FT3
[08:11:39] [Rear Rack] Init - InitialDone - Site26_R_FT3
[08:11:39] [Front Rack] Init - InitialDone - Site1_F_DT1
[08:11:39] [Rear Rack] Init - InitialDone - Site14_R_DT1
[08:11:39] [Front Rack] Init - InitialDone - Site2_F_DT2
[08:11:39] [Rear Rack] Init - InitialDone - Site15_R_DT2
[08:11:39] [Front Rack] Init - InitialDone - Site3_F_DT3
[08:11:39] [Rear Rack] Init - InitialDone - Site16_R_DT3
[08:11:39] [Front Rack] Init - InitialDone - Site4_F_DT4
[08:11:39] [Rear Rack] Init - InitialDone - Site17_R_DT4
[08:11:39] [Front Rack] Init - InitialDone - Site5_F_DT5
[08:11:39] [Rear Rack] Init - InitialDone - Site18_R_DT5
[08:11:39] [Front Rack] Init - InitialDone - Site6_F_DT6
[08:11:39] [Rear Rack] Init - InitialDone - Site19_R_DT6
[08:11:39] [Front Rack] Init - InitialDone - Site7_F_DT7
[08:11:39] [Rear Rack] Init - InitialDone - Site20_R_DT7
[08:11:39] [Front Rack] Init - InitialDone - Site8_F_DT8
[08:11:39] [Rear Rack] Init - InitialDone - Site21_R_DT8
[08:11:39] [Front Rack] Init - InitialDone - Site9_F_DT9
[08:11:39] [Rear Rack] Init - InitialDone - Site22_R_DT9
[08:11:39] [Front Rack] Init - InitialDone - Site10_F_DT10_FT4
[08:11:39] [Rear Rack] Init - InitialDone - Site23_R_DT10_FT4
[08:11:39] [Front Rack] Init - InitialDone - Site11_F_FT1
[08:11:39] [Rear Rack] Init - InitialDone - Site24_R_FT1
[08:11:39] [Front Rack] Init - InitialDone - Site12_F_FT2
[08:11:39] [Rear Rack] Init - InitialDone - Site25_R_FT2
[08:11:39] [Front Rack] Init - InitialDone - Site13_F_FT3
[08:11:39] [Rear Rack] Init - InitialDone - Site26_R_FT3
[08:11:39] [Front Rack] Init - InitialDone - Site1_F_DT1
[08:11:39] [Front Rack] Init - InitialDone - Site2_F_DT2
[08:11:39] [Rear Rack] Init - InitialDone - Site14_R_DT1
[08:11:39] [Front Rack] Init - InitialDone - Site3_F_DT3
[08:11:39] [Rear Rack] Init - InitialDone - Site15_R_DT2
[08:11:39] [Front Rack] Init - InitialDone - Site4_F_DT4
[08:11:39] [Rear Rack] Init - InitialDone - Site16_R_DT3
[08:11:39] [Front Rack] Init - InitialDone - Site5_F_DT5
[08:11:39] [Rear Rack] Init - InitialDone - Site17_R_DT4
[08:11:39] [Front Rack] Init - InitialDone - Site6_F_DT6
[08:11:39] [Rear Rack] Init - InitialDone - Site18_R_DT5
[08:11:39] [Front Rack] Init - InitialDone - Site7_F_DT7
[08:11:39] [Rear Rack] Init - InitialDone - Site19_R_DT6
[08:11:39] [Front Rack] Init - InitialDone - Site8_F_DT8
[08:11:39] [Rear Rack] Init - InitialDone - Site20_R_DT7
[08:11:39] [Front Rack] Init - InitialDone - Site9_F_DT9
[08:11:39] [Rear Rack] Init - InitialDone - Site21_R_DT8
[08:11:39] [Front Rack] Init - InitialDone - Site10_F_DT10_FT4
[08:11:39] [Rear Rack] Init - InitialDone - Site22_R_DT9
[08:11:39] [Front Rack] Init - InitialDone - Site11_F_FT1
[08:11:39] [Rear Rack] Init - InitialDone - Site23_R_DT10_FT4
[08:11:39] [Front Rack] Init - InitialDone - Site12_F_FT2
[08:11:39] [Rear Rack] Init - InitialDone - Site24_R_FT1
[08:11:39] [Front Rack] Init - InitialDone - Site13_F_FT3
[08:11:39] [Rear Rack] Init - InitialDone - Site25_R_FT2
[08:11:39] [Rear Rack] Init - InitialDone - Site26_R_FT3
[08:11:39] [Front Rack] Init - InitialDone - Site1_F_DT1
[08:11:39] [Front Rack] Init - InitialDone - Site2_F_DT2
[08:11:39] [Rear Rack] Init - InitialDone - Site14_R_DT1
[08:11:39] [Front Rack] Init - InitialDone - Site3_F_DT3
[08:11:39] [Rear Rack] Init - InitialDone - Site15_R_DT2
[08:11:39] [Front Rack] Init - InitialDone - Site4_F_DT4
[08:11:39] [Rear Rack] Init - InitialDone - Site16_R_DT3
[08:11:39] [Front Rack] Init - InitialDone - Site5_F_DT5
[08:11:39] [Rear Rack] Init - InitialDone - Site17_R_DT4
[08:11:39] [Front Rack] Init - InitialDone - Site6_F_DT6
[08:11:39] [Rear Rack] Init - InitialDone - Site18_R_DT5
[08:11:39] [Front Rack] Init - InitialDone - Site7_F_DT7
[08:11:39] [Rear Rack] Init - InitialDone - Site19_R_DT6
[08:11:39] [Front Rack] Init - InitialDone - Site8_F_DT8
[08:11:39] [Rear Rack] Init - InitialDone - Site20_R_DT7
[08:11:39] [Front Rack] Init - InitialDone - Site9_F_DT9
[08:11:39] [Rear Rack] Init - InitialDone - Site21_R_DT8
[08:11:39] [Front Rack] Init - InitialDone - Site10_F_DT10_FT4
[08:11:39] [Rear Rack] Init - InitialDone - Site22_R_DT9
[08:11:39] [Front Rack] Init - InitialDone - Site11_F_FT1
[08:11:39] [Rear Rack] Init - InitialDone - Site23_R_DT10_FT4
[08:11:39] [Front Rack] Init - InitialDone - Site12_F_FT2
[08:11:39] [Rear Rack] Init - InitialDone - Site24_R_FT1
[08:11:39] [Front Rack] Init - InitialDone - Site13_F_FT3
[08:11:39] [Rear Rack] Init - InitialDone - Site25_R_FT2
[08:11:39] [Rear Rack] Init - InitialDone - Site26_R_FT3
[08:11:39] [Front Rack] Init - InitialDone - Site1_F_DT1
[08:11:39] [Rear Rack] Init - InitialDone - Site14_R_DT1
[08:11:39] [Front Rack] Init - InitialDone - Site2_F_DT2
[08:11:39] [Rear Rack] Init - InitialDone - Site15_R_DT2
[08:11:39] [Front Rack] Init - InitialDone - Site3_F_DT3
[08:11:39] [Rear Rack] Init - InitialDone - Site16_R_DT3
[08:11:39] [Front Rack] Init - InitialDone - Site4_F_DT4
[08:11:39] [Rear Rack] Init - InitialDone - Site17_R_DT4
[08:11:39] [Front Rack] Init - InitialDone - Site5_F_DT5
[08:11:39] [Rear Rack] Init - InitialDone - Site18_R_DT5
[08:11:39] [Front Rack] Init - InitialDone - Site6_F_DT6
[08:11:39] [Rear Rack] Init - InitialDone - Site19_R_DT6
[08:11:39] [Front Rack] Init - InitialDone - Site7_F_DT7
[08:11:39] [Rear Rack] Init - InitialDone - Site20_R_DT7
[08:11:39] [Front Rack] Init - InitialDone - Site8_F_DT8
[08:11:39] [Rear Rack] Init - InitialDone - Site21_R_DT8
[08:11:39] [Front Rack] Init - InitialDone - Site9_F_DT9
[08:11:39] [Rear Rack] Init - InitialDone - Site22_R_DT9
[08:11:39] [Front Rack] Init - InitialDone - Site10_F_DT10_FT4
[08:11:39] [Rear Rack] Init - InitialDone - Site23_R_DT10_FT4
[08:11:39] [Front Rack] Init - InitialDone - Site11_F_FT1
[08:11:39] [Rear Rack] Init - InitialDone - Site24_R_FT1
[08:11:39] [Front Rack] Init - InitialDone - Site12_F_FT2
[08:11:39] [Rear Rack] Init - InitialDone - Site25_R_FT2
[08:11:39] [Front Rack] Init - InitialDone - Site13_F_FT3
[08:11:39] [Rear Rack] Init - InitialDone - Site26_R_FT3
[08:11:40] [Front Rack] Init - InitialDone - Site1_F_DT1
[08:11:40] [Rear Rack] Init - InitialDone - Site14_R_DT1
[08:11:40] [Front Rack] Init - InitialDone - Site2_F_DT2
[08:11:40] [Rear Rack] Init - InitialDone - Site15_R_DT2
[08:11:40] [Front Rack] Init - InitialDone - Site3_F_DT3
[08:11:40] [Rear Rack] Init - InitialDone - Site16_R_DT3
[08:11:40] [Front Rack] Init - InitialDone - Site4_F_DT4
[08:11:40] [Rear Rack] Init - InitialDone - Site17_R_DT4
[08:11:40] [Front Rack] Init - InitialDone - Site5_F_DT5
[08:11:40] [Rear Rack] Init - InitialDone - Site18_R_DT5
[08:11:40] [Front Rack] Init - InitialDone - Site6_F_DT6
[08:11:40] [Rear Rack] Init - InitialDone - Site19_R_DT6
[08:11:40] [Front Rack] Init - InitialDone - Site7_F_DT7
[08:11:40] [Rear Rack] Init - InitialDone - Site20_R_DT7
[08:11:40] [Front Rack] Init - InitialDone - Site8_F_DT8
[08:11:40] [Rear Rack] Init - InitialDone - Site21_R_DT8
[08:11:40] [Front Rack] Init - InitialDone - Site9_F_DT9
[08:11:40] [Rear Rack] Init - InitialDone - Site22_R_DT9
[08:11:40] [Front Rack] Init - InitialDone - Site10_F_DT10_FT4
[08:11:40] [Rear Rack] Init - InitialDone - Site23_R_DT10_FT4
[08:11:40] [Front Rack] Init - InitialDone - Site11_F_FT1
[08:11:40] [Rear Rack] Init - InitialDone - Site24_R_FT1
[08:11:40] [Front Rack] Init - InitialDone - Site12_F_FT2
[08:11:40] [Rear Rack] Init - InitialDone - Site25_R_FT2
[08:11:40] [Front Rack] Init - InitialDone - Site13_F_FT3
[08:11:40] [Rear Rack] Init - InitialDone - Site26_R_FT3
[08:11:40] [Front Rack] Init - InitialDone - Site1_F_DT1
[08:11:40] [Rear Rack] Init - InitialDone - Site14_R_DT1
[08:11:40] [Front Rack] Init - InitialDone - Site2_F_DT2
[08:11:40] [Rear Rack] Init - InitialDone - Site15_R_DT2
[08:11:40] [Front Rack] Init - InitialDone - Site3_F_DT3
[08:11:40] [Rear Rack] Init - InitialDone - Site16_R_DT3
[08:11:40] [Front Rack] Init - InitialDone - Site4_F_DT4
[08:11:40] [Rear Rack] Init - InitialDone - Site17_R_DT4
[08:11:40] [Front Rack] Init - InitialDone - Site5_F_DT5
[08:11:40] [Rear Rack] Init - InitialDone - Site18_R_DT5
[08:11:40] [Front Rack] Init - InitialDone - Site6_F_DT6
[08:11:40] [Rear Rack] Init - InitialDone - Site19_R_DT6
[08:11:40] [Front Rack] Init - InitialDone - Site7_F_DT7
[08:11:40] [Rear Rack] Init - InitialDone - Site20_R_DT7
[08:11:40] [Front Rack] Init - InitialDone - Site8_F_DT8
[08:11:40] [Rear Rack] Init - InitialDone - Site21_R_DT8
[08:11:40] [Front Rack] Init - InitialDone - Site9_F_DT9
[08:11:40] [Rear Rack] Init - InitialDone - Site22_R_DT9
[08:11:40] [Front Rack] Init - InitialDone - Site10_F_DT10_FT4
[08:11:40] [Rear Rack] Init - InitialDone - Site23_R_DT10_FT4
[08:11:40] [Front Rack] Init - InitialDone - Site11_F_FT1
[08:11:40] [Rear Rack] Init - InitialDone - Site24_R_FT1
[08:11:40] [Front Rack] Init - InitialDone - Site12_F_FT2
[08:11:40] [Rear Rack] Init - InitialDone - Site25_R_FT2
[08:11:40] [Front Rack] Init - InitialDone - Site13_F_FT3
[08:11:40] [Rear Rack] Init - InitialDone - Site26_R_FT3
[08:11:40] [Front Rack] Init - InitialDone - Site1_F_DT1
[08:11:40] [Rear Rack] Init - InitialDone - Site14_R_DT1
[08:11:40] [Front Rack] Init - InitialDone - Site2_F_DT2
[08:11:40] [Rear Rack] Init - InitialDone - Site15_R_DT2
[08:11:40] [Front Rack] Init - InitialDone - Site3_F_DT3
[08:11:40] [Rear Rack] Init - InitialDone - Site16_R_DT3
[08:11:40] [Front Rack] Init - InitialDone - Site4_F_DT4
[08:11:40] [Rear Rack] Init - InitialDone - Site17_R_DT4
[08:11:40] [Front Rack] Init - InitialDone - Site5_F_DT5
[08:11:40] [Rear Rack] Init - InitialDone - Site18_R_DT5
[08:11:40] [Front Rack] Init - InitialDone - Site6_F_DT6
[08:11:40] [Rear Rack] Init - InitialDone - Site19_R_DT6
[08:11:40] [Front Rack] Init - InitialDone - Site7_F_DT7
[08:11:40] [Rear Rack] Init - InitialDone - Site20_R_DT7
[08:11:40] [Front Rack] Init - InitialDone - Site8_F_DT8
[08:11:40] [Rear Rack] Init - InitialDone - Site21_R_DT8
[08:11:40] [Front Rack] Init - InitialDone - Site9_F_DT9
[08:11:40] [Rear Rack] Init - InitialDone - Site22_R_DT9
[08:11:40] [Front Rack] Init - InitialDone - Site10_F_DT10_FT4
[08:11:40] [Rear Rack] Init - InitialDone - Site23_R_DT10_FT4
[08:11:40] [Front Rack] Init - InitialDone - Site11_F_FT1
[08:11:40] [Rear Rack] Init - InitialDone - Site24_R_FT1
[08:11:40] [Front Rack] Init - InitialDone - Site12_F_FT2
[08:11:40] [Rear Rack] Init - InitialDone - Site25_R_FT2
[08:11:40] [Front Rack] Init - InitialDone - Site13_F_FT3
[08:11:40] [Rear Rack] Init - InitialDone - Site26_R_FT3
[08:11:40] [Front Rack] Init - InitialDone - Site1_F_DT1
[08:11:40] [Rear Rack] Init - InitialDone - Site14_R_DT1
[08:11:40] [Front Rack] Init - InitialDone - Site2_F_DT2
[08:11:40] [Rear Rack] Init - InitialDone - Site15_R_DT2
[08:11:40] [Front Rack] Init - InitialDone - Site3_F_DT3
[08:11:40] [Rear Rack] Init - InitialDone - Site16_R_DT3
[08:11:40] [Front Rack] Init - InitialDone - Site4_F_DT4
[08:11:40] [Rear Rack] Init - InitialDone - Site17_R_DT4
[08:11:40] [Front Rack] Init - InitialDone - Site5_F_DT5
[08:11:40] [Rear Rack] Init - InitialDone - Site18_R_DT5
[08:11:40] [Front Rack] Init - InitialDone - Site6_F_DT6
[08:11:40] [Rear Rack] Init - InitialDone - Site19_R_DT6
[08:11:40] [Front Rack] Init - InitialDone - Site7_F_DT7
[08:11:40] [Rear Rack] Init - InitialDone - Site20_R_DT7
[08:11:40] [Front Rack] Init - InitialDone - Site8_F_DT8
[08:11:40] [Rear Rack] Init - InitialDone - Site21_R_DT8
[08:11:40] [Front Rack] Init - InitialDone - Site9_F_DT9
[08:11:40] [Rear Rack] Init - InitialDone - Site22_R_DT9
[08:11:40] [Front Rack] Init - InitialDone - Site10_F_DT10_FT4
[08:11:40] [Rear Rack] Init - InitialDone - Site23_R_DT10_FT4
[08:11:40] [Front Rack] Init - InitialDone - Site11_F_FT1
[08:11:40] [Rear Rack] Init - InitialDone - Site24_R_FT1
[08:11:40] [Front Rack] Init - InitialDone - Site12_F_FT2
[08:11:40] [Rear Rack] Init - InitialDone - Site25_R_FT2
[08:11:40] [Front Rack] Init - InitialDone - Site13_F_FT3
[08:11:40] [Rear Rack] Init - InitialDone - Site26_R_FT3
[08:11:40] [Front Rack] Init - InitialDone - Site1_F_DT1
[08:11:40] [Rear Rack] Init - InitialDone - Site14_R_DT1
[08:11:40] [Front Rack] Init - InitialDone - Site2_F_DT2
[08:11:40] [Rear Rack] Init - InitialDone - Site15_R_DT2
[08:11:40] [Front Rack] Init - InitialDone - Site3_F_DT3
[08:11:40] [Rear Rack] Init - InitialDone - Site16_R_DT3
[08:11:40] [Front Rack] Init - InitialDone - Site4_F_DT4
[08:11:40] [Rear Rack] Init - InitialDone - Site17_R_DT4
[08:11:40] [Front Rack] Init - InitialDone - Site5_F_DT5
[08:11:40] [Rear Rack] Init - InitialDone - Site18_R_DT5
[08:11:40] [Front Rack] Init - InitialDone - Site6_F_DT6
[08:11:40] [Rear Rack] Init - InitialDone - Site19_R_DT6
[08:11:40] [Front Rack] Init - InitialDone - Site7_F_DT7
[08:11:40] [Rear Rack] Init - InitialDone - Site20_R_DT7
[08:11:40] [Front Rack] Init - InitialDone - Site8_F_DT8
[08:11:40] [Rear Rack] Init - InitialDone - Site21_R_DT8
[08:11:40] [Front Rack] Init - InitialDone - Site9_F_DT9
[08:11:40] [Rear Rack] Init - InitialDone - Site22_R_DT9
[08:11:40] [Front Rack] Init - InitialDone - Site10_F_DT10_FT4
[08:11:40] [Rear Rack] Init - InitialDone - Site23_R_DT10_FT4
[08:11:40] [Front Rack] Init - InitialDone - Site11_F_FT1
[08:11:40] [Rear Rack] Init - InitialDone - Site24_R_FT1
[08:11:40] [Front Rack] Init - InitialDone - Site12_F_FT2
[08:11:40] [Rear Rack] Init - InitialDone - Site25_R_FT2
[08:11:40] [Front Rack] Init - InitialDone - Site13_F_FT3
[08:11:40] [Rear Rack] Init - InitialDone - Site26_R_FT3
[08:11:40] [Front Rack] Init - InitialDone - Site1_F_DT1
[08:11:40] [Rear Rack] Init - InitialDone - Site14_R_DT1
[08:11:40] [Front Rack] Init - InitialDone - Site2_F_DT2
[08:11:40] [Rear Rack] Init - InitialDone - Site15_R_DT2
[08:11:40] [Front Rack] Init - InitialDone - Site3_F_DT3
[08:11:40] [Rear Rack] Init - InitialDone - Site16_R_DT3
[08:11:40] [Front Rack] Init - InitialDone - Site4_F_DT4
[08:11:40] [Rear Rack] Init - InitialDone - Site17_R_DT4
[08:11:40] [Front Rack] Init - InitialDone - Site5_F_DT5
[08:11:40] [Rear Rack] Init - InitialDone - Site18_R_DT5
[08:11:40] [Front Rack] Init - InitialDone - Site6_F_DT6
[08:11:40] [Rear Rack] Init - InitialDone - Site19_R_DT6
[08:11:40] [Front Rack] Init - InitialDone - Site7_F_DT7
[08:11:40] [Rear Rack] Init - InitialDone - Site20_R_DT7
[08:11:40] [Front Rack] Init - InitialDone - Site8_F_DT8
[08:11:40] [Rear Rack] Init - InitialDone - Site21_R_DT8
[08:11:40] [Front Rack] Init - InitialDone - Site9_F_DT9
[08:11:40] [Rear Rack] Init - InitialDone - Site22_R_DT9
[08:11:40] [Front Rack] Init - InitialDone - Site10_F_DT10_FT4
[08:11:40] [Rear Rack] Init - InitialDone - Site23_R_DT10_FT4
[08:11:40] [Front Rack] Init - InitialDone - Site11_F_FT1
[08:11:40] [Rear Rack] Init - InitialDone - Site24_R_FT1
[08:11:40] [Front Rack] Init - InitialDone - Site12_F_FT2
[08:11:40] [Rear Rack] Init - InitialDone - Site25_R_FT2
[08:11:40] [Front Rack] Init - InitialDone - Site13_F_FT3
[08:11:40] [Rear Rack] Init - InitialDone - Site26_R_FT3
[08:11:40] [Front Rack] Init - InitialDone - Site1_F_DT1
[08:11:40] [Rear Rack] Init - InitialDone - Site14_R_DT1
[08:11:40] [Front Rack] Init - InitialDone - Site2_F_DT2
[08:11:40] [Rear Rack] Init - InitialDone - Site15_R_DT2
[08:11:40] [Front Rack] Init - InitialDone - Site3_F_DT3
[08:11:40] [Rear Rack] Init - InitialDone - Site16_R_DT3
[08:11:40] [Front Rack] Init - InitialDone - Site4_F_DT4
[08:11:40] [Rear Rack] Init - InitialDone - Site17_R_DT4
[08:11:40] [Front Rack] Init - InitialDone - Site5_F_DT5
[08:11:40] [Rear Rack] Init - InitialDone - Site18_R_DT5
[08:11:40] [Front Rack] Init - InitialDone - Site6_F_DT6
[08:11:40] [Rear Rack] Init - InitialDone - Site19_R_DT6
[08:11:40] [Front Rack] Init - InitialDone - Site7_F_DT7
[08:11:40] [Rear Rack] Init - InitialDone - Site20_R_DT7
[08:11:40] [Front Rack] Init - InitialDone - Site8_F_DT8
[08:11:40] [Rear Rack] Init - InitialDone - Site21_R_DT8
[08:11:40] [Front Rack] Init - InitialDone - Site9_F_DT9
[08:11:40] [Rear Rack] Init - InitialDone - Site22_R_DT9
[08:11:40] [Front Rack] Init - InitialDone - Site10_F_DT10_FT4
[08:11:40] [Rear Rack] Init - InitialDone - Site23_R_DT10_FT4
[08:11:40] [Front Rack] Init - InitialDone - Site11_F_FT1
[08:11:40] [Rear Rack] Init - InitialDone - Site24_R_FT1
[08:11:40] [Front Rack] Init - InitialDone - Site12_F_FT2
[08:11:40] [Rear Rack] Init - InitialDone - Site25_R_FT2
[08:11:40] [Front Rack] Init - InitialDone - Site13_F_FT3
[08:11:40] [Rear Rack] Init - InitialDone - Site26_R_FT3
[08:11:40] [Front Rack] Init - InitialDone - Site1_F_DT1
[08:11:40] [Rear Rack] Init - InitialDone - Site14_R_DT1
[08:11:40] [Front Rack] Init - InitialDone - Site2_F_DT2
[08:11:40] [Rear Rack] Init - InitialDone - Site15_R_DT2
[08:11:40] [Front Rack] Init - InitialDone - Site3_F_DT3
[08:11:40] [Rear Rack] Init - InitialDone - Site16_R_DT3
[08:11:40] [Front Rack] Init - InitialDone - Site4_F_DT4
[08:11:40] [Rear Rack] Init - InitialDone - Site17_R_DT4
[08:11:40] [Front Rack] Init - InitialDone - Site5_F_DT5
[08:11:40] [Rear Rack] Init - InitialDone - Site18_R_DT5
[08:11:40] [Front Rack] Init - InitialDone - Site6_F_DT6
[08:11:40] [Rear Rack] Init - InitialDone - Site19_R_DT6
[08:11:40] [Front Rack] Init - InitialDone - Site7_F_DT7
[08:11:40] [Rear Rack] Init - InitialDone - Site20_R_DT7
[08:11:40] [Front Rack] Init - InitialDone - Site8_F_DT8
[08:11:40] [Rear Rack] Init - InitialDone - Site21_R_DT8
[08:11:40] [Front Rack] Init - InitialDone - Site9_F_DT9
[08:11:40] [Rear Rack] Init - InitialDone - Site22_R_DT9
[08:11:40] [Front Rack] Init - InitialDone - Site10_F_DT10_FT4
[08:11:40] [Rear Rack] Init - InitialDone - Site23_R_DT10_FT4
[08:11:40] [Front Rack] Init - InitialDone - Site11_F_FT1
[08:11:40] [Rear Rack] Init - InitialDone - Site24_R_FT1
[08:11:40] [Front Rack] Init - InitialDone - Site12_F_FT2
[08:11:40] [Rear Rack] Init - InitialDone - Site25_R_FT2
[08:11:40] [Front Rack] Init - InitialDone - Site13_F_FT3
[08:11:40] [Rear Rack] Init - InitialDone - Site26_R_FT3
[08:11:40] [Front Rack] Init - InitialDone - Site1_F_DT1
[08:11:40] [Front Rack] Init - InitialDone - Site2_F_DT2
[08:11:40] [Rear Rack] Init - InitialDone - Site14_R_DT1
[08:11:40] [Front Rack] Init - InitialDone - Site3_F_DT3
[08:11:40] [Rear Rack] Init - InitialDone - Site15_R_DT2
[08:11:40] [Front Rack] Init - InitialDone - Site4_F_DT4
[08:11:40] [Rear Rack] Init - InitialDone - Site16_R_DT3
[08:11:40] [Front Rack] Init - InitialDone - Site5_F_DT5
[08:11:40] [Rear Rack] Init - InitialDone - Site17_R_DT4
[08:11:40] [Front Rack] Init - InitialDone - Site6_F_DT6
[08:11:40] [Rear Rack] Init - InitialDone - Site18_R_DT5
[08:11:40] [Front Rack] Init - InitialDone - Site7_F_DT7
[08:11:40] [Rear Rack] Init - InitialDone - Site19_R_DT6
[08:11:40] [Front Rack] Init - InitialDone - Site8_F_DT8
[08:11:40] [Rear Rack] Init - InitialDone - Site20_R_DT7
[08:11:40] [Front Rack] Init - InitialDone - Site9_F_DT9
[08:11:40] [Rear Rack] Init - InitialDone - Site21_R_DT8
[08:11:40] [Front Rack] Init - InitialDone - Site10_F_DT10_FT4
[08:11:40] [Rear Rack] Init - InitialDone - Site22_R_DT9
[08:11:40] [Front Rack] Init - InitialDone - Site11_F_FT1
[08:11:40] [Rear Rack] Init - InitialDone - Site23_R_DT10_FT4
[08:11:40] [Front Rack] Init - InitialDone - Site12_F_FT2
[08:11:40] [Rear Rack] Init - InitialDone - Site24_R_FT1
[08:11:40] [Front Rack] Init - InitialDone - Site13_F_FT3
[08:11:40] [Rear Rack] Init - InitialDone - Site25_R_FT2
[08:11:40] [Rear Rack] Init - InitialDone - Site26_R_FT3
[08:11:40] [Front Rack] Init - InitialDone - Site1_F_DT1
[08:11:40] [Rear Rack] Init - InitialDone - Site14_R_DT1
[08:11:40] [Front Rack] Init - InitialDone - Site2_F_DT2
[08:11:40] [Rear Rack] Init - InitialDone - Site15_R_DT2
[08:11:40] [Front Rack] Init - InitialDone - Site3_F_DT3
[08:11:40] [Rear Rack] Init - InitialDone - Site16_R_DT3
[08:11:40] [Front Rack] Init - InitialDone - Site4_F_DT4
[08:11:40] [Rear Rack] Init - InitialDone - Site17_R_DT4
[08:11:40] [Front Rack] Init - InitialDone - Site5_F_DT5
[08:11:40] [Rear Rack] Init - InitialDone - Site18_R_DT5
[08:11:40] [Front Rack] Init - InitialDone - Site6_F_DT6
[08:11:40] [Rear Rack] Init - InitialDone - Site19_R_DT6
[08:11:40] [Front Rack] Init - InitialDone - Site7_F_DT7
[08:11:40] [Rear Rack] Init - InitialDone - Site20_R_DT7
[08:11:40] [Front Rack] Init - InitialDone - Site8_F_DT8
[08:11:40] [Rear Rack] Init - InitialDone - Site21_R_DT8
[08:11:40] [Front Rack] Init - InitialDone - Site9_F_DT9
[08:11:40] [Rear Rack] Init - InitialDone - Site22_R_DT9
[08:11:40] [Front Rack] Init - InitialDone - Site10_F_DT10_FT4
[08:11:40] [Rear Rack] Init - InitialDone - Site23_R_DT10_FT4
[08:11:40] [Front Rack] Init - InitialDone - Site11_F_FT1
[08:11:40] [Rear Rack] Init - InitialDone - Site24_R_FT1
[08:11:40] [Front Rack] Init - InitialDone - Site12_F_FT2
[08:11:40] [Rear Rack] Init - InitialDone - Site25_R_FT2
[08:11:40] [Front Rack] Init - InitialDone - Site13_F_FT3
[08:11:40] [Rear Rack] Init - InitialDone - Site26_R_FT3
[08:11:40] [Front Rack] Init - InitialDone - Site1_F_DT1
[08:11:40] [Rear Rack] Init - InitialDone - Site14_R_DT1
[08:11:40] [Front Rack] Init - InitialDone - Site2_F_DT2
[08:11:40] [Rear Rack] Init - InitialDone - Site15_R_DT2
[08:11:40] [Front Rack] Init - InitialDone - Site3_F_DT3
[08:11:40] [Rear Rack] Init - InitialDone - Site16_R_DT3
[08:11:40] [Front Rack] Init - InitialDone - Site4_F_DT4
[08:11:40] [Rear Rack] Init - InitialDone - Site17_R_DT4
[08:11:40] [Front Rack] Init - InitialDone - Site5_F_DT5
[08:11:40] [Rear Rack] Init - InitialDone - Site18_R_DT5
[08:11:40] [Front Rack] Init - InitialDone - Site6_F_DT6
[08:11:40] [Rear Rack] Init - InitialDone - Site19_R_DT6
[08:11:40] [Front Rack] Init - InitialDone - Site7_F_DT7
[08:11:40] [Rear Rack] Init - InitialDone - Site20_R_DT7
[08:11:40] [Front Rack] Init - InitialDone - Site8_F_DT8
[08:11:40] [Rear Rack] Init - InitialDone - Site21_R_DT8
[08:11:40] [Front Rack] Init - InitialDone - Site9_F_DT9
[08:11:40] [Rear Rack] Init - InitialDone - Site22_R_DT9
[08:11:40] [Front Rack] Init - InitialDone - Site10_F_DT10_FT4
[08:11:40] [Rear Rack] Init - InitialDone - Site23_R_DT10_FT4
[08:11:40] [Front Rack] Init - InitialDone - Site11_F_FT1
[08:11:40] [Rear Rack] Init - InitialDone - Site24_R_FT1
[08:11:40] [Front Rack] Init - InitialDone - Site12_F_FT2
[08:11:40] [Rear Rack] Init - InitialDone - Site25_R_FT2
[08:11:40] [Front Rack] Init - InitialDone - Site13_F_FT3
[08:11:40] [Rear Rack] Init - InitialDone - Site26_R_FT3
[08:11:40] [Front Rack] Init - InitialDone - Site1_F_DT1
[08:11:40] [Rear Rack] Init - InitialDone - Site14_R_DT1
[08:11:40] [Front Rack] Init - InitialDone - Site2_F_DT2
[08:11:40] [Rear Rack] Init - InitialDone - Site15_R_DT2
[08:11:40] [Front Rack] Init - InitialDone - Site3_F_DT3
[08:11:40] [Rear Rack] Init - InitialDone - Site16_R_DT3
[08:11:40] [Front Rack] Init - InitialDone - Site4_F_DT4
[08:11:40] [Rear Rack] Init - InitialDone - Site17_R_DT4
[08:11:40] [Front Rack] Init - InitialDone - Site5_F_DT5
[08:11:40] [Rear Rack] Init - InitialDone - Site18_R_DT5
[08:11:40] [Front Rack] Init - InitialDone - Site6_F_DT6
[08:11:40] [Rear Rack] Init - InitialDone - Site19_R_DT6
[08:11:40] [Front Rack] Init - InitialDone - Site7_F_DT7
[08:11:40] [Rear Rack] Init - InitialDone - Site20_R_DT7
[08:11:40] [Front Rack] Init - InitialDone - Site8_F_DT8
[08:11:40] [Rear Rack] Init - InitialDone - Site21_R_DT8
[08:11:40] [Front Rack] Init - InitialDone - Site9_F_DT9
[08:11:40] [Rear Rack] Init - InitialDone - Site22_R_DT9
[08:11:40] [Front Rack] Init - InitialDone - Site10_F_DT10_FT4
[08:11:40] [Rear Rack] Init - InitialDone - Site23_R_DT10_FT4
[08:11:40] [Front Rack] Init - InitialDone - Site11_F_FT1
[08:11:40] [Rear Rack] Init - InitialDone - Site24_R_FT1
[08:11:40] [Front Rack] Init - InitialDone - Site12_F_FT2
[08:11:40] [Rear Rack] Init - InitialDone - Site25_R_FT2
[08:11:40] [Front Rack] Init - InitialDone - Site13_F_FT3
[08:11:40] [Rear Rack] Init - InitialDone - Site26_R_FT3
[08:11:40] [Front Rack] Init - InitialDone - Site1_F_DT1
[08:11:40] [Rear Rack] Init - InitialDone - Site14_R_DT1
[08:11:40] [Front Rack] Init - InitialDone - Site2_F_DT2
[08:11:40] [Rear Rack] Init - InitialDone - Site15_R_DT2
[08:11:40] [Front Rack] Init - InitialDone - Site3_F_DT3
[08:11:40] [Rear Rack] Init - InitialDone - Site16_R_DT3
[08:11:40] [Front Rack] Init - InitialDone - Site4_F_DT4
[08:11:40] [Rear Rack] Init - InitialDone - Site17_R_DT4
[08:11:40] [Front Rack] Init - InitialDone - Site5_F_DT5
[08:11:40] [Rear Rack] Init - InitialDone - Site18_R_DT5
[08:11:40] [Front Rack] Init - InitialDone - Site6_F_DT6
[08:11:40] [Rear Rack] Init - InitialDone - Site19_R_DT6
[08:11:40] [Front Rack] Init - InitialDone - Site7_F_DT7
[08:11:40] [Rear Rack] Init - InitialDone - Site20_R_DT7
[08:11:40] [Front Rack] Init - InitialDone - Site8_F_DT8
[08:11:40] [Rear Rack] Init - InitialDone - Site21_R_DT8
[08:11:40] [Front Rack] Init - InitialDone - Site9_F_DT9
[08:11:40] [Rear Rack] Init - InitialDone - Site22_R_DT9
[08:11:40] [Front Rack] Init - InitialDone - Site10_F_DT10_FT4
[08:11:40] [Rear Rack] Init - InitialDone - Site23_R_DT10_FT4
[08:11:40] [Front Rack] Init - InitialDone - Site11_F_FT1
[08:11:40] [Rear Rack] Init - InitialDone - Site24_R_FT1
[08:11:40] [Front Rack] Init - InitialDone - Site12_F_FT2
[08:11:40] [Rear Rack] Init - InitialDone - Site25_R_FT2
[08:11:40] [Front Rack] Init - InitialDone - Site13_F_FT3
[08:11:40] [Rear Rack] Init - InitialDone - Site26_R_FT3
[08:11:40] [Front Rack] Init - InitialDone - Site1_F_DT1
[08:11:40] [Rear Rack] Init - InitialDone - Site14_R_DT1
[08:11:40] [Front Rack] Init - InitialDone - Site2_F_DT2
[08:11:40] [Rear Rack] Init - InitialDone - Site15_R_DT2
[08:11:40] [Front Rack] Init - InitialDone - Site3_F_DT3
[08:11:40] [Rear Rack] Init - InitialDone - Site16_R_DT3
[08:11:40] [Front Rack] Init - InitialDone - Site4_F_DT4
[08:11:40] [Rear Rack] Init - InitialDone - Site17_R_DT4
[08:11:40] [Front Rack] Init - InitialDone - Site5_F_DT5
[08:11:40] [Rear Rack] Init - InitialDone - Site18_R_DT5
[08:11:40] [Front Rack] Init - InitialDone - Site6_F_DT6
[08:11:40] [Rear Rack] Init - InitialDone - Site19_R_DT6
[08:11:40] [Front Rack] Init - InitialDone - Site7_F_DT7
[08:11:40] [Rear Rack] Init - InitialDone - Site20_R_DT7
[08:11:40] [Front Rack] Init - InitialDone - Site8_F_DT8
[08:11:40] [Rear Rack] Init - InitialDone - Site21_R_DT8
[08:11:40] [Front Rack] Init - InitialDone - Site9_F_DT9
[08:11:40] [Rear Rack] Init - InitialDone - Site22_R_DT9
[08:11:40] [Front Rack] Init - InitialDone - Site10_F_DT10_FT4
[08:11:40] [Rear Rack] Init - InitialDone - Site23_R_DT10_FT4
[08:11:40] [Front Rack] Init - InitialDone - Site11_F_FT1
[08:11:40] [Rear Rack] Init - InitialDone - Site24_R_FT1
[08:11:40] [Front Rack] Init - InitialDone - Site12_F_FT2
[08:11:40] [Rear Rack] Init - InitialDone - Site25_R_FT2
[08:11:40] [Front Rack] Init - InitialDone - Site13_F_FT3
[08:11:40] [Rear Rack] Init - InitialDone - Site26_R_FT3
[08:11:40] [Front Rack] Init - InitialDone - Site1_F_DT1
[08:11:40] [Rear Rack] Init - InitialDone - Site14_R_DT1
[08:11:40] [Front Rack] Init - InitialDone - Site2_F_DT2
[08:11:40] [Rear Rack] Init - InitialDone - Site15_R_DT2
[08:11:40] [Front Rack] Init - InitialDone - Site3_F_DT3
[08:11:40] [Rear Rack] Init - InitialDone - Site16_R_DT3
[08:11:40] [Front Rack] Init - InitialDone - Site4_F_DT4
[08:11:40] [Rear Rack] Init - InitialDone - Site17_R_DT4
[08:11:40] [Front Rack] Init - InitialDone - Site5_F_DT5
[08:11:40] [Rear Rack] Init - InitialDone - Site18_R_DT5
[08:11:40] [Front Rack] Init - InitialDone - Site6_F_DT6
[08:11:40] [Rear Rack] Init - InitialDone - Site19_R_DT6
[08:11:40] [Front Rack] Init - InitialDone - Site7_F_DT7
[08:11:40] [Rear Rack] Init - InitialDone - Site20_R_DT7
[08:11:40] [Front Rack] Init - InitialDone - Site8_F_DT8
[08:11:40] [Rear Rack] Init - InitialDone - Site21_R_DT8
[08:11:40] [Front Rack] Init - InitialDone - Site9_F_DT9
[08:11:40] [Rear Rack] Init - InitialDone - Site22_R_DT9
[08:11:40] [Front Rack] Init - InitialDone - Site10_F_DT10_FT4
[08:11:40] [Rear Rack] Init - InitialDone - Site23_R_DT10_FT4
[08:11:40] [Front Rack] Init - InitialDone - Site11_F_FT1
[08:11:40] [Rear Rack] Init - InitialDone - Site24_R_FT1
[08:11:40] [Front Rack] Init - InitialDone - Site12_F_FT2
[08:11:40] [Rear Rack] Init - InitialDone - Site25_R_FT2
[08:11:40] [Front Rack] Init - InitialDone - Site13_F_FT3
[08:11:40] [Rear Rack] Init - InitialDone - Site26_R_FT3
[08:11:40] [Front Rack] Init - InitialDone - Site1_F_DT1
[08:11:40] [Rear Rack] Init - InitialDone - Site14_R_DT1
[08:11:40] [Front Rack] Init - InitialDone - Site2_F_DT2
[08:11:40] [Rear Rack] Init - InitialDone - Site15_R_DT2
[08:11:40] [Front Rack] Init - InitialDone - Site3_F_DT3
[08:11:40] [Rear Rack] Init - InitialDone - Site16_R_DT3
[08:11:40] [Front Rack] Init - InitialDone - Site4_F_DT4
[08:11:40] [Rear Rack] Init - InitialDone - Site17_R_DT4
[08:11:40] [Front Rack] Init - InitialDone - Site5_F_DT5
[08:11:40] [Rear Rack] Init - InitialDone - Site18_R_DT5
[08:11:40] [Front Rack] Init - InitialDone - Site6_F_DT6
[08:11:40] [Rear Rack] Init - InitialDone - Site19_R_DT6
[08:11:40] [Front Rack] Init - InitialDone - Site7_F_DT7
[08:11:40] [Rear Rack] Init - InitialDone - Site20_R_DT7
[08:11:40] [Front Rack] Init - InitialDone - Site8_F_DT8
[08:11:40] [Rear Rack] Init - InitialDone - Site21_R_DT8
[08:11:40] [Front Rack] Init - InitialDone - Site9_F_DT9
[08:11:40] [Rear Rack] Init - InitialDone - Site22_R_DT9
[08:11:40] [Front Rack] Init - InitialDone - Site10_F_DT10_FT4
[08:11:40] [Rear Rack] Init - InitialDone - Site23_R_DT10_FT4
[08:11:40] [Front Rack] Init - InitialDone - Site11_F_FT1
[08:11:40] [Rear Rack] Init - InitialDone - Site24_R_FT1
[08:11:40] [Front Rack] Init - InitialDone - Site12_F_FT2
[08:11:40] [Rear Rack] Init - InitialDone - Site25_R_FT2
[08:11:40] [Front Rack] Init - InitialDone - Site13_F_FT3
[08:11:40] [Rear Rack] Init - InitialDone - Site26_R_FT3
[08:11:40] [Front Rack] Init - InitialDone - Site1_F_DT1
[08:11:40] [Rear Rack] Init - InitialDone - Site14_R_DT1
[08:11:40] [Front Rack] Init - InitialDone - Site2_F_DT2
[08:11:40] [Rear Rack] Init - InitialDone - Site15_R_DT2
[08:11:40] [Front Rack] Init - InitialDone - Site3_F_DT3
[08:11:40] [Rear Rack] Init - InitialDone - Site16_R_DT3
[08:11:40] [Front Rack] Init - InitialDone - Site4_F_DT4
[08:11:40] [Rear Rack] Init - InitialDone - Site17_R_DT4
[08:11:40] [Front Rack] Init - InitialDone - Site5_F_DT5
[08:11:40] [Rear Rack] Init - InitialDone - Site18_R_DT5
[08:11:40] [Front Rack] Init - InitialDone - Site6_F_DT6
[08:11:40] [Rear Rack] Init - InitialDone - Site19_R_DT6
[08:11:40] [Front Rack] Init - InitialDone - Site7_F_DT7
[08:11:40] [Rear Rack] Init - InitialDone - Site20_R_DT7
[08:11:40] [Front Rack] Init - InitialDone - Site8_F_DT8
[08:11:40] [Rear Rack] Init - InitialDone - Site21_R_DT8
[08:11:40] [Front Rack] Init - InitialDone - Site9_F_DT9
[08:11:40] [Rear Rack] Init - InitialDone - Site22_R_DT9
[08:11:40] [Front Rack] Init - InitialDone - Site10_F_DT10_FT4
[08:11:40] [Rear Rack] Init - InitialDone - Site23_R_DT10_FT4
[08:11:40] [Front Rack] Init - InitialDone - Site11_F_FT1
[08:11:40] [Rear Rack] Init - InitialDone - Site24_R_FT1
[08:11:40] [Front Rack] Init - InitialDone - Site12_F_FT2
[08:11:40] [Rear Rack] Init - InitialDone - Site25_R_FT2
[08:11:40] [Front Rack] Init - InitialDone - Site13_F_FT3
[08:11:40] [Rear Rack] Init - InitialDone - Site26_R_FT3
[08:11:40] [Front Rack] Init - InitialDone - Site1_F_DT1
[08:11:40] [Rear Rack] Init - InitialDone - Site14_R_DT1
[08:11:40] [Front Rack] Init - InitialDone - Site2_F_DT2
[08:11:40] [Rear Rack] Init - InitialDone - Site15_R_DT2
[08:11:40] [Front Rack] Init - InitialDone - Site3_F_DT3
[08:11:40] [Rear Rack] Init - InitialDone - Site16_R_DT3
[08:11:40] [Front Rack] Init - InitialDone - Site4_F_DT4
[08:11:40] [Rear Rack] Init - InitialDone - Site17_R_DT4
[08:11:40] [Front Rack] Init - InitialDone - Site5_F_DT5
[08:11:40] [Rear Rack] Init - InitialDone - Site18_R_DT5
[08:11:40] [Front Rack] Init - InitialDone - Site6_F_DT6
[08:11:40] [Rear Rack] Init - InitialDone - Site19_R_DT6
[08:11:40] [Front Rack] Init - InitialDone - Site7_F_DT7
[08:11:40] [Rear Rack] Init - InitialDone - Site20_R_DT7
[08:11:40] [Front Rack] Init - InitialDone - Site8_F_DT8
[08:11:40] [Rear Rack] Init - InitialDone - Site21_R_DT8
[08:11:40] [Front Rack] Init - InitialDone - Site9_F_DT9
[08:11:40] [Rear Rack] Init - InitialDone - Site22_R_DT9
[08:11:40] [Front Rack] Init - InitialDone - Site10_F_DT10_FT4
[08:11:40] [Rear Rack] Init - InitialDone - Site23_R_DT10_FT4
[08:11:40] [Front Rack] Init - InitialDone - Site11_F_FT1
[08:11:40] [Rear Rack] Init - InitialDone - Site24_R_FT1
[08:11:40] [Front Rack] Init - InitialDone - Site12_F_FT2
[08:11:40] [Rear Rack] Init - InitialDone - Site25_R_FT2
[08:11:40] [Front Rack] Init - InitialDone - Site13_F_FT3
[08:11:40] [Rear Rack] Init - InitialDone - Site26_R_FT3
[08:11:40] [Front Rack] Init - InitialDone - Site1_F_DT1
[08:11:40] [Rear Rack] Init - InitialDone - Site14_R_DT1
[08:11:40] [Front Rack] Init - InitialDone - Site2_F_DT2
[08:11:40] [Rear Rack] Init - InitialDone - Site15_R_DT2
[08:11:40] [Front Rack] Init - InitialDone - Site3_F_DT3
[08:11:40] [Rear Rack] Init - InitialDone - Site16_R_DT3
[08:11:40] [Front Rack] Init - InitialDone - Site4_F_DT4
[08:11:40] [Rear Rack] Init - InitialDone - Site17_R_DT4
[08:11:40] [Front Rack] Init - InitialDone - Site5_F_DT5
[08:11:40] [Rear Rack] Init - InitialDone - Site18_R_DT5
[08:11:40] [Front Rack] Init - InitialDone - Site6_F_DT6
[08:11:40] [Rear Rack] Init - InitialDone - Site19_R_DT6
[08:11:40] [Front Rack] Init - InitialDone - Site7_F_DT7
[08:11:40] [Rear Rack] Init - InitialDone - Site20_R_DT7
[08:11:40] [Front Rack] Init - InitialDone - Site8_F_DT8
[08:11:40] [Rear Rack] Init - InitialDone - Site21_R_DT8
[08:11:40] [Front Rack] Init - InitialDone - Site9_F_DT9
[08:11:40] [Rear Rack] Init - InitialDone - Site22_R_DT9
[08:11:40] [Front Rack] Init - InitialDone - Site10_F_DT10_FT4
[08:11:40] [Rear Rack] Init - InitialDone - Site23_R_DT10_FT4
[08:11:40] [Front Rack] Init - InitialDone - Site11_F_FT1
[08:11:40] [Rear Rack] Init - InitialDone - Site24_R_FT1
[08:11:40] [Front Rack] Init - InitialDone - Site12_F_FT2
[08:11:40] [Rear Rack] Init - InitialDone - Site25_R_FT2
[08:11:40] [Front Rack] Init - InitialDone - Site13_F_FT3
[08:11:40] [Rear Rack] Init - InitialDone - Site26_R_FT3
[08:11:40] [Front Rack] Init - InitialDone - Site1_F_DT1
[08:11:40] [Rear Rack] Init - InitialDone - Site14_R_DT1
[08:11:40] [Front Rack] Init - InitialDone - Site2_F_DT2
[08:11:40] [Rear Rack] Init - InitialDone - Site15_R_DT2
[08:11:40] [Front Rack] Init - InitialDone - Site3_F_DT3
[08:11:40] [Rear Rack] Init - InitialDone - Site16_R_DT3
[08:11:40] [Front Rack] Init - InitialDone - Site4_F_DT4
[08:11:40] [Rear Rack] Init - InitialDone - Site17_R_DT4
[08:11:40] [Front Rack] Init - InitialDone - Site5_F_DT5
[08:11:40] [Rear Rack] Init - InitialDone - Site18_R_DT5
[08:11:40] [Front Rack] Init - InitialDone - Site6_F_DT6
[08:11:40] [Rear Rack] Init - InitialDone - Site19_R_DT6
[08:11:40] [Front Rack] Init - InitialDone - Site7_F_DT7
[08:11:40] [Rear Rack] Init - InitialDone - Site20_R_DT7
[08:11:40] [Front Rack] Init - InitialDone - Site8_F_DT8
[08:11:40] [Rear Rack] Init - InitialDone - Site21_R_DT8
[08:11:40] [Front Rack] Init - InitialDone - Site9_F_DT9
[08:11:40] [Rear Rack] Init - InitialDone - Site22_R_DT9
[08:11:40] [Front Rack] Init - InitialDone - Site10_F_DT10_FT4
[08:11:40] [Rear Rack] Init - InitialDone - Site23_R_DT10_FT4
[08:11:40] [Front Rack] Init - InitialDone - Site11_F_FT1
[08:11:40] [Rear Rack] Init - InitialDone - Site24_R_FT1
[08:11:40] [Front Rack] Init - InitialDone - Site12_F_FT2
[08:11:40] [Rear Rack] Init - InitialDone - Site25_R_FT2
[08:11:40] [Front Rack] Init - InitialDone - Site13_F_FT3
[08:11:40] [Rear Rack] Init - InitialDone - Site26_R_FT3
[08:11:40] [Front Rack] Init - InitialDone - Site1_F_DT1
[08:11:40] [Rear Rack] Init - InitialDone - Site14_R_DT1
[08:11:40] [Front Rack] Init - InitialDone - Site2_F_DT2
[08:11:40] [Rear Rack] Init - InitialDone - Site15_R_DT2
[08:11:40] [Front Rack] Init - InitialDone - Site3_F_DT3
[08:11:40] [Rear Rack] Init - InitialDone - Site16_R_DT3
[08:11:40] [Front Rack] Init - InitialDone - Site4_F_DT4
[08:11:40] [Rear Rack] Init - InitialDone - Site17_R_DT4
[08:11:40] [Front Rack] Init - InitialDone - Site5_F_DT5
[08:11:40] [Rear Rack] Init - InitialDone - Site18_R_DT5
[08:11:40] [Front Rack] Init - InitialDone - Site6_F_DT6
[08:11:40] [Rear Rack] Init - InitialDone - Site19_R_DT6
[08:11:40] [Front Rack] Init - InitialDone - Site7_F_DT7
[08:11:40] [Rear Rack] Init - InitialDone - Site20_R_DT7
[08:11:40] [Front Rack] Init - InitialDone - Site8_F_DT8
[08:11:40] [Rear Rack] Init - InitialDone - Site21_R_DT8
[08:11:40] [Front Rack] Init - InitialDone - Site9_F_DT9
[08:11:40] [Rear Rack] Init - InitialDone - Site22_R_DT9
[08:11:40] [Front Rack] Init - InitialDone - Site10_F_DT10_FT4
[08:11:40] [Rear Rack] Init - InitialDone - Site23_R_DT10_FT4
[08:11:40] [Front Rack] Init - InitialDone - Site11_F_FT1
[08:11:40] [Rear Rack] Init - InitialDone - Site24_R_FT1
[08:11:40] [Front Rack] Init - InitialDone - Site12_F_FT2
[08:11:40] [Rear Rack] Init - InitialDone - Site25_R_FT2
[08:11:40] [Front Rack] Init - InitialDone - Site13_F_FT3
[08:11:40] [Rear Rack] Init - InitialDone - Site26_R_FT3
[08:11:41] [Front Rack] Init - InitialDone - Site1_F_DT1
[08:11:41] [Rear Rack] Init - InitialDone - Site14_R_DT1
[08:11:41] [Front Rack] Init - InitialDone - Site2_F_DT2
[08:11:41] [Rear Rack] Init - InitialDone - Site15_R_DT2
[08:11:41] [Front Rack] Init - InitialDone - Site3_F_DT3
[08:11:41] [Rear Rack] Init - InitialDone - Site16_R_DT3
[08:11:41] [Front Rack] Init - InitialDone - Site4_F_DT4
[08:11:41] [Rear Rack] Init - InitialDone - Site17_R_DT4
[08:11:41] [Front Rack] Init - InitialDone - Site5_F_DT5
[08:11:41] [Rear Rack] Init - InitialDone - Site18_R_DT5
[08:11:41] [Front Rack] Init - InitialDone - Site6_F_DT6
[08:11:41] [Rear Rack] Init - InitialDone - Site19_R_DT6
[08:11:41] [Front Rack] Init - InitialDone - Site7_F_DT7
[08:11:41] [Rear Rack] Init - InitialDone - Site20_R_DT7
[08:11:41] [Front Rack] Init - InitialDone - Site8_F_DT8
[08:11:41] [Rear Rack] Init - InitialDone - Site21_R_DT8
[08:11:41] [Front Rack] Init - InitialDone - Site9_F_DT9
[08:11:41] [Rear Rack] Init - InitialDone - Site22_R_DT9
[08:11:41] [Front Rack] Init - InitialDone - Site10_F_DT10_FT4
[08:11:41] [Rear Rack] Init - InitialDone - Site23_R_DT10_FT4
[08:11:41] [Front Rack] Init - InitialDone - Site11_F_FT1
[08:11:41] [Rear Rack] Init - InitialDone - Site24_R_FT1
[08:11:41] [Front Rack] Init - InitialDone - Site12_F_FT2
[08:11:41] [Rear Rack] Init - InitialDone - Site25_R_FT2
[08:11:41] [Front Rack] Init - InitialDone - Site13_F_FT3
[08:11:41] [Rear Rack] Init - InitialDone - Site26_R_FT3
[08:11:41] [Front Rack] Init - InitialDone - Site1_F_DT1
[08:11:41] [Front Rack] Init - InitialDone - Site2_F_DT2
[08:11:41] [Rear Rack] Init - InitialDone - Site14_R_DT1
[08:11:41] [Front Rack] Init - InitialDone - Site3_F_DT3
[08:11:41] [Rear Rack] Init - InitialDone - Site15_R_DT2
[08:11:41] [Front Rack] Init - InitialDone - Site4_F_DT4
[08:11:41] [Rear Rack] Init - InitialDone - Site16_R_DT3
[08:11:41] [Front Rack] Init - InitialDone - Site5_F_DT5
[08:11:41] [Rear Rack] Init - InitialDone - Site17_R_DT4
[08:11:41] [Front Rack] Init - InitialDone - Site6_F_DT6
[08:11:41] [Rear Rack] Init - InitialDone - Site18_R_DT5
[08:11:41] [Front Rack] Init - InitialDone - Site7_F_DT7
[08:11:41] [Rear Rack] Init - InitialDone - Site19_R_DT6
[08:11:41] [Front Rack] Init - InitialDone - Site8_F_DT8
[08:11:41] [Rear Rack] Init - InitialDone - Site20_R_DT7
[08:11:41] [Front Rack] Init - InitialDone - Site9_F_DT9
[08:11:41] [Rear Rack] Init - InitialDone - Site21_R_DT8
[08:11:41] [Front Rack] Init - InitialDone - Site10_F_DT10_FT4
[08:11:41] [Rear Rack] Init - InitialDone - Site22_R_DT9
[08:11:41] [Front Rack] Init - InitialDone - Site11_F_FT1
[08:11:41] [Rear Rack] Init - InitialDone - Site23_R_DT10_FT4
[08:11:41] [Front Rack] Init - InitialDone - Site12_F_FT2
[08:11:41] [Rear Rack] Init - InitialDone - Site24_R_FT1
[08:11:41] [Front Rack] Init - InitialDone - Site13_F_FT3
[08:11:41] [Rear Rack] Init - InitialDone - Site25_R_FT2
[08:11:41] [Rear Rack] Init - InitialDone - Site26_R_FT3
[08:11:41] [Front Rack] Init - InitialDone - Site1_F_DT1
[08:11:41] [Rear Rack] Init - InitialDone - Site14_R_DT1
[08:11:41] [Front Rack] Init - InitialDone - Site2_F_DT2
[08:11:41] [Rear Rack] Init - InitialDone - Site15_R_DT2
[08:11:41] [Front Rack] Init - InitialDone - Site3_F_DT3
[08:11:41] [Rear Rack] Init - InitialDone - Site16_R_DT3
[08:11:41] [Front Rack] Init - InitialDone - Site4_F_DT4
[08:11:41] [Rear Rack] Init - InitialDone - Site17_R_DT4
[08:11:41] [Front Rack] Init - InitialDone - Site5_F_DT5
[08:11:41] [Rear Rack] Init - InitialDone - Site18_R_DT5
[08:11:41] [Front Rack] Init - InitialDone - Site6_F_DT6
[08:11:41] [Rear Rack] Init - InitialDone - Site19_R_DT6
[08:11:41] [Front Rack] Init - InitialDone - Site7_F_DT7
[08:11:41] [Rear Rack] Init - InitialDone - Site20_R_DT7
[08:11:41] [Front Rack] Init - InitialDone - Site8_F_DT8
[08:11:41] [Rear Rack] Init - InitialDone - Site21_R_DT8
[08:11:41] [Front Rack] Init - InitialDone - Site9_F_DT9
[08:11:41] [Rear Rack] Init - InitialDone - Site22_R_DT9
[08:11:41] [Front Rack] Init - InitialDone - Site10_F_DT10_FT4
[08:11:41] [Rear Rack] Init - InitialDone - Site23_R_DT10_FT4
[08:11:41] [Front Rack] Init - InitialDone - Site11_F_FT1
[08:11:41] [Rear Rack] Init - InitialDone - Site24_R_FT1
[08:11:41] [Front Rack] Init - InitialDone - Site12_F_FT2
[08:11:41] [Rear Rack] Init - InitialDone - Site25_R_FT2
[08:11:41] [Front Rack] Init - InitialDone - Site13_F_FT3
[08:11:41] [Rear Rack] Init - InitialDone - Site26_R_FT3
[08:11:41] [Front Rack] Init - InitialDone - Site1_F_DT1
[08:11:41] [Rear Rack] Init - InitialDone - Site14_R_DT1
[08:11:41] [Front Rack] Init - InitialDone - Site2_F_DT2
[08:11:41] [Rear Rack] Init - InitialDone - Site15_R_DT2
[08:11:41] [Front Rack] Init - InitialDone - Site3_F_DT3
[08:11:41] [Rear Rack] Init - InitialDone - Site16_R_DT3
[08:11:41] [Front Rack] Init - InitialDone - Site4_F_DT4
[08:11:41] [Rear Rack] Init - InitialDone - Site17_R_DT4
[08:11:41] [Front Rack] Init - InitialDone - Site5_F_DT5
[08:11:41] [Rear Rack] Init - InitialDone - Site18_R_DT5
[08:11:41] [Front Rack] Init - InitialDone - Site6_F_DT6
[08:11:41] [Rear Rack] Init - InitialDone - Site19_R_DT6
[08:11:41] [Front Rack] Init - InitialDone - Site7_F_DT7
[08:11:41] [Rear Rack] Init - InitialDone - Site20_R_DT7
[08:11:41] [Front Rack] Init - InitialDone - Site8_F_DT8
[08:11:41] [Rear Rack] Init - InitialDone - Site21_R_DT8
[08:11:41] [Front Rack] Init - InitialDone - Site9_F_DT9
[08:11:41] [Rear Rack] Init - InitialDone - Site22_R_DT9
[08:11:41] [Front Rack] Init - InitialDone - Site10_F_DT10_FT4
[08:11:41] [Rear Rack] Init - InitialDone - Site23_R_DT10_FT4
[08:11:41] [Front Rack] Init - InitialDone - Site11_F_FT1
[08:11:41] [Rear Rack] Init - InitialDone - Site24_R_FT1
[08:11:41] [Front Rack] Init - InitialDone - Site12_F_FT2
[08:11:41] [Rear Rack] Init - InitialDone - Site25_R_FT2
[08:11:41] [Front Rack] Init - InitialDone - Site13_F_FT3
[08:11:41] [Rear Rack] Init - InitialDone - Site26_R_FT3
[08:11:41] [Front Rack] Init - InitialDone - Site1_F_DT1
[08:11:41] [Rear Rack] Init - InitialDone - Site14_R_DT1
[08:11:41] [Front Rack] Init - InitialDone - Site2_F_DT2
[08:11:41] [Rear Rack] Init - InitialDone - Site15_R_DT2
[08:11:41] [Front Rack] Init - InitialDone - Site3_F_DT3
[08:11:41] [Rear Rack] Init - InitialDone - Site16_R_DT3
[08:11:41] [Front Rack] Init - InitialDone - Site4_F_DT4
[08:11:41] [Rear Rack] Init - InitialDone - Site17_R_DT4
[08:11:41] [Front Rack] Init - InitialDone - Site5_F_DT5
[08:11:41] [Rear Rack] Init - InitialDone - Site18_R_DT5
[08:11:41] [Front Rack] Init - InitialDone - Site6_F_DT6
[08:11:41] [Rear Rack] Init - InitialDone - Site19_R_DT6
[08:11:41] [Front Rack] Init - InitialDone - Site7_F_DT7
[08:11:41] [Rear Rack] Init - InitialDone - Site20_R_DT7
[08:11:41] [Front Rack] Init - InitialDone - Site8_F_DT8
[08:11:41] [Rear Rack] Init - InitialDone - Site21_R_DT8
[08:11:41] [Front Rack] Init - InitialDone - Site9_F_DT9
[08:11:41] [Rear Rack] Init - InitialDone - Site22_R_DT9
[08:11:41] [Front Rack] Init - InitialDone - Site10_F_DT10_FT4
[08:11:41] [Rear Rack] Init - InitialDone - Site23_R_DT10_FT4
[08:11:41] [Front Rack] Init - InitialDone - Site11_F_FT1
[08:11:41] [Rear Rack] Init - InitialDone - Site24_R_FT1
[08:11:41] [Front Rack] Init - InitialDone - Site12_F_FT2
[08:11:41] [Rear Rack] Init - InitialDone - Site25_R_FT2
[08:11:41] [Front Rack] Init - InitialDone - Site13_F_FT3
[08:11:41] [Rear Rack] Init - InitialDone - Site26_R_FT3
[08:11:41] [Front Rack] Init - InitialDone - Site1_F_DT1
[08:11:41] [Rear Rack] Init - InitialDone - Site14_R_DT1
[08:11:41] [Front Rack] Init - InitialDone - Site2_F_DT2
[08:11:41] [Rear Rack] Init - InitialDone - Site15_R_DT2
[08:11:41] [Front Rack] Init - InitialDone - Site3_F_DT3
[08:11:41] [Rear Rack] Init - InitialDone - Site16_R_DT3
[08:11:41] [Front Rack] Init - InitialDone - Site4_F_DT4
[08:11:41] [Rear Rack] Init - InitialDone - Site17_R_DT4
[08:11:41] [Front Rack] Init - InitialDone - Site5_F_DT5
[08:11:41] [Rear Rack] Init - InitialDone - Site18_R_DT5
[08:11:41] [Front Rack] Init - InitialDone - Site6_F_DT6
[08:11:41] [Rear Rack] Init - InitialDone - Site19_R_DT6
[08:11:41] [Front Rack] Init - InitialDone - Site7_F_DT7
[08:11:41] [Rear Rack] Init - InitialDone - Site20_R_DT7
[08:11:41] [Front Rack] Init - InitialDone - Site8_F_DT8
[08:11:41] [Rear Rack] Init - InitialDone - Site21_R_DT8
[08:11:41] [Front Rack] Init - InitialDone - Site9_F_DT9
[08:11:41] [Rear Rack] Init - InitialDone - Site22_R_DT9
[08:11:41] [Front Rack] Init - InitialDone - Site10_F_DT10_FT4
[08:11:41] [Rear Rack] Init - InitialDone - Site23_R_DT10_FT4
[08:11:41] [Front Rack] Init - InitialDone - Site11_F_FT1
[08:18:58] Program Started
[08:18:58] Version - 1.0.0.6
[08:19:00] MasterKernel Init OK
[08:19:00] LetsMotion Init OK
[08:19:00] LetsMotion Scan Node OK
[08:19:02] Main - Init Click 
[08:19:06] [InShuttle] Init - InShuttle Width Homing Start
[08:19:06] [OutShuttle] Init - OutConveyor Width Homing Start
[08:19:06] [Scan] Y-Axis Homing Start
[08:19:06] [Rear Rack] Init - InitialDone - Site14_R_DT1
[08:19:06] [Front Rack] Init - InitialDone - Site1_F_DT1
[08:19:06] LetsMotion 0 raw=0x00070A14, dir=0, init=1000, end=1000, acc=10000
[08:19:06] LetsMotion 2 raw=0x00070A15, dir=0, init=1000, end=1000, acc=10000
[08:19:06] 홈 찾기 지령 콜 - 6
[08:19:06] [Rear Rack] Init - InitialDone - Site15_R_DT2
[08:19:06] [Front Rack] Init - InitialDone - Site2_F_DT2
[08:19:06] [Rear Rack] Init - InitialDone - Site16_R_DT3
[08:19:06] [Front Rack] Init - InitialDone - Site3_F_DT3
[08:19:06] [Rear Rack] Init - InitialDone - Site17_R_DT4
[08:19:06] [Front Rack] Init - InitialDone - Site4_F_DT4
[08:19:06] Home Command OK Axis: ST00_InShuttle_Width
[08:19:06] [Rear Rack] Init - InitialDone - Site18_R_DT5
[08:19:06] Home Command OK Axis: ST02_OutConveyor_Width
[08:19:06] [Front Rack] Init - InitialDone - Site5_F_DT5
[08:19:06] [InShuttle] Init - InShuttle Width Home OK
[08:19:06] [Rear Rack] Init - InitialDone - Site19_R_DT6
[08:19:06] [InShuttle] Init - OutConveyor Width Home OK
[08:19:06] [Front Rack] Init - InitialDone - Site6_F_DT6
[08:19:06] [InShuttle] Init - InConveyor Width Homing Start
[08:19:06] [Rear Rack] Init - InitialDone - Site20_R_DT7
[08:19:06] [OutShuttle] Init - OutShuttle Width Homing Start
[08:19:06] [Front Rack] Init - InitialDone - Site7_F_DT7
[08:19:06] [Rear Rack] Init - InitialDone - Site21_R_DT8
[08:19:06] LetsMotion 3 raw=0x01070A15, dir=0, init=1000, end=1000, acc=10000
[08:19:06] [Front Rack] Init - InitialDone - Site8_F_DT8
[08:19:06] LetsMotion 1 raw=0x01070A14, dir=0, init=1000, end=1000, acc=10000
[08:19:06] [Rear Rack] Init - InitialDone - Site22_R_DT9
[08:19:06] [Front Rack] Init - InitialDone - Site9_F_DT9
[08:19:06] [Rear Rack] Init - InitialDone - Site23_R_DT10_FT4
[08:19:06] [Front Rack] Init - InitialDone - Site10_F_DT10_FT4
[08:19:06] [Rear Rack] Init - InitialDone - Site24_R_FT1
[08:19:06] [Front Rack] Init - InitialDone - Site11_F_FT1
[08:19:06] [Rear Rack] Init - InitialDone - Site25_R_FT2
[08:19:06] [Front Rack] Init - InitialDone - Site12_F_FT2
[08:19:06] Home Command OK Axis: ST03_InConveyor_Width
[08:19:06] [Rear Rack] Init - InitialDone - Site26_R_FT3
[08:19:06] Home Command OK Axis: ST01_OutShuttle_Width
[08:19:06] [Front Rack] Init - InitialDone - Site13_F_FT3
[08:19:06] [InShuttle] Init - InConveyor Width Home OK
[08:19:06] [Rear Rack] Init - SV04_Lift2 Home Move Start
[08:19:06] [InShuttle] Init - OutShuttle Width Home OK
[08:19:06] [Front Rack] Init - SV02_Lift1 Home Move Start
[08:19:06] [InShuttle] Init - SV00_InShuttle Home Move Start
[08:19:06] 홈 찾기 지령 콜 - 4
[08:19:06] [OutShuttle] Init - SV01_Out_Shuttle Home Move Start
[08:19:06] 홈 찾기 지령 콜 - 2
[08:19:06] 홈 찾기 지령 콜 - 0
[08:19:06] 홈 찾기 지령 콜 - 1
[08:19:07] [Scan] X-Axis Homing Start
[08:19:07] [Rear Rack] Init - SV05_Rack2_Width Home Move Start
[08:19:07] [Front Rack] Init - SV03_Rack1_Width Home Move Start
[08:19:07] 홈 찾기 지령 콜 - 7
[08:19:07] 홈 찾기 지령 콜 - 5
[08:19:07] 홈 찾기 지령 콜 - 3
[08:19:12] [OutShuttle] Init - Servo Home Finish
[08:19:12] [OutShuttle] Init Finish
[08:19:13] [InShuttle] Init - Servo Home Finish
[08:19:13] [InShuttle] Init Finish
[08:19:21] [Front Rack] Init - Servo Home Finish
[08:19:21] [Front Rack] Init Finish
[08:19:29] [Scan] Init - Servo Home Finish
[08:19:29] [Scan] Init Finish
[08:22:54] initialize failed.
[InShuttle] Init Finish
[Front Rack] Init Finish
[Rear Rack] Init - SV05_Rack2_Width Home Move Start
[OutShuttle] Init Finish
[Scan] Init Finish

[08:23:14] Main - System Click
[08:23:18] Main - System Click
[08:23:19] System - TestSite Click
[08:23:21] System - IO Data Click
[08:23:21] load
[08:23:38] DI click
[08:24:17] Main - Main Click
[08:24:18] Main - Init Click 
[08:24:22] [OutShuttle] Init - OutConveyor Width Homing Start
[08:24:22] [InShuttle] Init - InShuttle Width Homing Start
[08:24:22] [Scan] Y-Axis Homing Start
[08:24:22] [Rear Rack] Init - SV04_Lift2 Home Move Start
[08:24:22] [Front Rack] Init - SV02_Lift1 Home Move Start
[08:24:22] 홈 찾기 지령 콜 - 6
[08:24:22] LetsMotion 2 raw=0x00070A15, dir=0, init=1000, end=1000, acc=10000
[08:24:22] LetsMotion 0 raw=0x00070A14, dir=0, init=1000, end=1000, acc=10000
[08:24:22] 홈 찾기 지령 콜 - 4
[08:24:22] 홈 찾기 지령 콜 - 2
[08:24:22] Home Command OK Axis: ST00_InShuttle_Width
[08:24:22] Home Command OK Axis: ST02_OutConveyor_Width
[08:24:22] [InShuttle] Init - InShuttle Width Home OK
[08:24:22] [InShuttle] Init - OutConveyor Width Home OK
[08:24:22] [InShuttle] Init - InConveyor Width Homing Start
[08:24:22] [OutShuttle] Init - OutShuttle Width Homing Start
[08:24:22] LetsMotion 3 raw=0x01070A15, dir=0, init=1000, end=1000, acc=10000
[08:24:22] LetsMotion 1 raw=0x01070A14, dir=0, init=1000, end=1000, acc=10000
[08:24:22] Home Command OK Axis: ST01_OutShuttle_Width
[08:24:22] [InShuttle] Init - OutShuttle Width Home OK
[08:24:22] Home Command OK Axis: ST03_InConveyor_Width
[08:24:22] [OutShuttle] Init - SV01_Out_Shuttle Home Move Start
[08:24:22] [InShuttle] Init - InConveyor Width Home OK
[08:24:22] 홈 찾기 지령 콜 - 1
[08:24:22] [InShuttle] Init - SV00_InShuttle Home Move Start
[08:24:22] 홈 찾기 지령 콜 - 0
[08:24:23] [Scan] X-Axis Homing Start
[08:24:23] [Rear Rack] Init - SV05_Rack2_Width Home Move Start
[08:24:23] [Front Rack] Init - SV03_Rack1_Width Home Move Start
[08:24:23] 홈 찾기 지령 콜 - 7
[08:24:23] 홈 찾기 지령 콜 - 5
[08:24:23] 홈 찾기 지령 콜 - 3
[08:24:27] [OutShuttle] Init Finish
[08:24:28] [InShuttle] Init Finish
[08:24:38] [Rear Rack] Init - Servo Home Finish
[08:24:38] [Rear Rack] Init Finish
[08:24:44] [Scan] Init - Servo Home Finish
[08:24:44] [Scan] Init Finish
[08:24:54] [Front Rack] Init Finish
[08:24:58] MoveAbs Comand Fail Axis :2
[08:25:02] MoveABCheck - 2208600Receive -2208600
[08:25:03] MoveABCheck - 2251000Receive -2251000
[08:25:39] Main - Start Click 
[08:25:39] [InShuttle] MoveLoading Position Action
[08:25:39] [InShuttle] Move to Loading Position
[08:25:39] MoveABCheck - 3557550Receive -3557550
[08:25:39] [InShuttle] Move to Loading Position
[08:25:39] MoveAbsMM 0 is not standstill
[08:25:46] [InShuttle] Move to Loading Position
[08:25:46] MoveABCheck - 3557550Receive -3557550
[08:25:46] [InShuttle] Move LoadingPos Finish, Waiting
[08:25:48] Main - Stop Click 
[08:25:48] System Mode Changed (Auto -> Stop/Manual). Stop All Conveyors.
[08:25:50] Main - System Click
[08:25:51] Main - System Click
[08:25:53] System - Machine Click
[08:26:02] Machine/General Value Change : numLiftSpeed ==> 500
[08:26:03] Machine/General Value Change : numLiftAcc ==> 5000
[08:26:04] System - Save Machine setting
[08:26:04] System - Load Machine setting
[08:26:05] Main - Main Click
[08:26:07] Main - Start Click 
[08:26:15] Main - Stop Click 
[08:26:15] System Mode Changed (Auto -> Stop/Manual). Stop All Conveyors.
[08:26:15] Main - Model Click
[08:26:16] Main - System Click
[08:26:18] System - TowerLamp Click
[08:26:25] System - Save TowerLamp setting
[08:26:26] System - Load TowerLamp setting
[08:26:26] Main - Main Click
[08:26:29] Main - Start Click 
[08:26:31] Main - InputPCB Click
[08:26:35] [InShuttle] Loading Action
[08:26:35] [InShuttle] Loading Start
[08:26:37] [InShuttle] PCB Detected - Temporary Stop
[08:26:38] [InShuttle] Restart Conveyor (Overdrive)
[08:26:40] [InShuttle] Loading Finish (Overdrive Complete)
[08:26:50] [InShuttle][PCB_ID:1]CoolingFinish 
[08:26:50] [InShuttle] Check_Destination Action
[08:26:50] [InShuttle][PCB_ID:1] Destination: FRONT (Site1_F_DT1)
[08:26:50] [InShuttle] Move to Front Position
[08:26:50] MoveABCheck - 4214200Receive -4214200
[08:26:50] [InShuttle] Move to Front Position
[08:26:50] MoveABCheck - 4214200Receive -4214200
[08:26:50] [InShuttle] Move to Front Position
[08:26:50] MoveABCheck - 4214200Receive -4214200
[08:26:50] [InShuttle] Start Front UnLoading Action
[08:26:50] [Front Rack][PassLine]PCB Loding Action
[08:26:52] [Front Rack][PassLine] LoadingCheck Action
[08:26:52] [Front Rack]PCB IN -> Move MovePassline Position
[08:26:56] [InShuttle][PCB_ID:0] Front UnLoading Physical Move Complete
[08:26:56] [Front Rack][PassLine][PCB_ID:1] PassLine Loading Complete
[08:26:56] [Front Rack][Lift]Move to FrontPassLine Position
[08:26:56] MoveABCheck - 1650000Receive -1650000
[08:26:56] [InShuttle]Front UnLoading Data Check Complete
[08:26:56] [InShuttle] MoveLoading Position Action
[08:26:56] [InShuttle] Move to Loading Position
[08:26:56] MoveABCheck - 3557550Receive -3557550
[08:26:56] [InShuttle] Move to Loading Position
[08:26:56] MoveABCheck - 3557550Receive -3557550
[08:26:56] [InShuttle] Move LoadingPos Finish, Waiting
[08:26:57] [Front Rack][Lift]Move to FrontPassLine Position
[08:26:57] MoveABCheck - 1650000Receive -1650000
[08:26:57] [Front Rack][Lift]Move to FrontPassLine Position
[08:26:57] MoveABCheck - 1650000Receive -1650000
[08:26:57] [Front Rack][Lift]Move to FrontPassLine Position
[08:26:57] MoveABCheck - 1650000Receive -1650000
[08:26:57] [Front Rack][Lift]FrontPassLine Move OK ->Loading Action
[08:26:57] [Front Rack]FrontPassLine Move OK -> Loading Action
[08:26:57] [Front Rack][PassLine][PCB_ID:1]PassLine PCB UnLoding Action
[08:27:01] [Front Rack] Restart Conveyor (Overdrive)
[08:27:02] [Front Rack][PassLine][PCB_ID:1] PassLine UnLoading Action
[08:27:03] [Front Rack] Loading Finish (Overdrive Complete)
[08:27:03] [Front Rack][Lift]PassLine->LiftUp Loading Finish, LoadingCheck Action 
[08:27:03] [Front Rack][Lift][PCB_ID:1]PassLine Loading Complete from [FrontPassLine]
[08:27:03] [Front Rack][PCB_ID:1]PCB IN -> Move Site Position (Site1_F_DT1)
[08:27:03] [Front Rack][PassLine] PassLine UnLoading Complete
[08:27:03] [Front Rack][Lift]MoveLift Move to NgBuffer Position
[08:27:03] MoveABCheck - -106950Receive --106950
[08:27:03] [Front Rack][Lift]MoveLift Move to NgBuffer Position
[08:27:03] MoveAbsMM 2 is not standstill
[08:27:04] [Front Rack][Lift]MoveLift Move to NgBuffer Position
[08:27:04] MoveABCheck - -106950Receive --106950
[08:27:04] [Front Rack][Lift]MoveLift Move to NgBuffer Position
[08:27:04] MoveABCheck - -106950Receive --106950
[08:27:04] [Front Rack][Lift][PCB_ID:1]MoveLiftNgBuffer Move OK -> UnLoading Action
[08:27:04] [Front Rack][Lift][PCB_ID:1] Lift->Site[Site1_F_DT1] UnLoading Start
[08:27:04] [Site1_F_DT1] [Loading] Start
[08:27:05] [Front Rack][Lift][PCB_ID:1] Lift->Site[Site1_F_DT1] UnLoading Check
[08:27:06] [Site1_F_DT1] [Loading] Sensor Detected
[08:27:06] [Site1_F_DT1] [Loading] Clamp ON (Conveyor Running)
[08:27:06] [Site1_F_DT1] [Loading] Contact Down Command
[08:27:07] [Site1_F_DT1] [Loading] Test Ready
[08:27:07] [Site1_F_DT1] [Loading] Start
[08:27:07] [Site1_F_DT1] [Loading] Sensor Detected
[08:27:07] [Site1_F_DT1] [Loading] Clamp ON (Conveyor Running)
[08:27:07] [Site1_F_DT1] [Loading] Contact Down Command
[08:27:08] [Site1_F_DT1] [Loading] Test Ready
[08:27:08] [Site1_F_DT1] [Loading] Start
[08:27:08] [Site1_F_DT1] [Loading] Sensor Detected
[08:27:08] [Site1_F_DT1] [Loading] Clamp ON (Conveyor Running)
[08:27:08] [Site1_F_DT1] [Loading] Contact Down Command
[08:27:09] [Site1_F_DT1] [Loading] Test Ready
[08:27:23] Main - Stop Click 
[08:27:23] System Mode Changed (Auto -> Stop/Manual). Stop All Conveyors.
[08:28:10] Main - System Click
[08:28:13] System - Machine Click
[08:28:17] Machine/General Value Change : numLiftSpeed ==> 200
[08:28:31] Machine/General Value Change : numLiftAcc ==> 2000
[08:28:32] System - Save Machine setting
[08:28:33] System - Load Machine setting
[08:28:35] Main - Main Click
[08:28:37] Main - Start Click 
[08:28:46] Main - Stop Click 
[08:28:46] System Mode Changed (Auto -> Stop/Manual). Stop All Conveyors.
[10:09:12] Main - Start Click 
[10:09:24] [InShuttle] Loading Action
[10:09:24] [InShuttle] Loading Start
[10:09:26] [InShuttle] PCB Detected - Temporary Stop
[10:09:26] [InShuttle] Restart Conveyor (Overdrive)
[10:09:28] [InShuttle] Loading Finish (Overdrive Complete)
[10:09:28] [InShuttle][PCB_ID:2]CoolingFinish 
[10:09:28] [InShuttle] Check_Destination Action
[10:09:28] [InShuttle][PCB_ID:2] Destination: FRONT (Site2_F_DT2)
[10:09:28] [InShuttle] Move to Front Position
[10:09:28] MoveABCheck - 4214200Receive -4214200
[10:09:29] [InShuttle] Move to Front Position
[10:09:29] MoveABCheck - 4214200Receive -4214200
[10:09:29] [InShuttle] Move to Front Position
[10:09:29] MoveABCheck - 4214200Receive -4214200
[10:09:29] [InShuttle] Start Front UnLoading Action
[10:09:29] [Front Rack][PassLine]PCB Loding Action
[10:09:31] [Front Rack][PassLine] LoadingCheck Action
[10:09:31] [Front Rack][PassLine][PCB_ID:2] PassLine Loading Complete
[10:09:49] AddError - InShuttle,Conveyor_Timeout,[InShuttle] Start Front UnLoading Action FrontUnLoading Timeout.
[10:09:49] Alarm - Conveyor_Timeout
[10:09:49] System Mode Changed (Auto -> Stop/Manual). Stop All Conveyors.
[10:09:49] AddError - FrontPassLine,Conveyor_Timeout,[PassLine] Loading Timeout.
[10:09:49] Alarm - Conveyor_Timeout
[10:09:59] PartClear - InShuttle
[10:09:59] Alarm Clear - InShuttle
[10:10:15] PartClear - FrontPassLine
[10:10:15] Alarm Clear - FrontPassLine
[10:10:30] PartClear - Lift1_Up
[10:10:30] Alarm Clear - Lift1_Up
[10:10:30] Main - Main Click
[10:37:02] Main - PartClear Click
[10:37:05] PartClear - Lift1_Up
[10:37:05] Alarm Clear - Lift1_Up
[10:37:06] Main - Main Click
[10:37:12] Main - Start Click 
[10:37:12] [InShuttle] MoveLoading Position Action
[10:37:12] [InShuttle] Move to Loading Position
[10:37:12] MoveABCheck - 3557550Receive -3557550
[10:37:13] [InShuttle] Move to Loading Position
[10:37:13] MoveABCheck - 3557550Receive -3557550
[10:37:13] [InShuttle] Move to Loading Position
[10:37:13] MoveABCheck - 3557550Receive -3557550
[10:37:13] [InShuttle] Move LoadingPos Finish, Waiting
[10:38:03] SiteDetail - Stop Test Site1_F_DT1
[10:38:16] Main - Stop Click 
[10:38:16] System Mode Changed (Auto -> Stop/Manual). Stop All Conveyors.
[10:38:24] Main - Start Click 
[10:44:07] [Front Rack]MoveLift Action -> Passline Wait
[10:44:07] [Front Rack][Lift]Move to FrontPassLine Position
[10:44:07] MoveABCheck - 1650000Receive -1650000
[10:44:07] [Front Rack][Lift]Move to FrontPassLine Position
[10:44:07] MoveAbsMM 2 is not standstill
[10:44:09] [Front Rack][Lift]Move to FrontPassLine Position
[10:44:09] MoveABCheck - 1650000Receive -1650000
[10:44:09] [Front Rack][Lift]Move to FrontPassLine Position
[10:44:09] MoveABCheck - 1650000Receive -1650000
[10:44:09] [Front Rack][Lift]FrontPassLine Move OK ->Loading Action
[10:44:54] Main - InputPCB Click
[10:44:56] [InShuttle] Loading Action
[10:44:56] [InShuttle] Loading Start
[10:44:59] [InShuttle] PCB Detected - Temporary Stop
[10:44:59] [InShuttle] Restart Conveyor (Overdrive)
[10:45:01] [InShuttle] Loading Finish (Overdrive Complete)
[10:45:01] [InShuttle][PCB_ID:3]CoolingFinish 
[10:45:01] [InShuttle] Check_Destination Action
[10:45:01] [InShuttle][PCB_ID:3] Destination: FRONT (Site3_F_DT3)
[10:45:01] [InShuttle] Move to Front Position
[10:45:01] MoveABCheck - 4214200Receive -4214200
[10:45:02] [InShuttle] Move to Front Position
[10:45:02] MoveABCheck - 4214200Receive -4214200
[10:45:02] [InShuttle] Move to Front Position
[10:45:02] MoveABCheck - 4214200Receive -4214200
[10:45:02] [InShuttle] Start Front UnLoading Action
[10:45:02] [Front Rack][PassLine]PCB Loding Action
[10:45:03] [Front Rack][PassLine] LoadingCheck Action
[10:45:03] [Front Rack]FrontPassLine Move OK -> Loading Action
[10:45:03] [Front Rack][PassLine][PCB_ID:3] PassLine Loading Complete
[10:45:03] [Front Rack][PassLine][PCB_ID:3]PassLine PCB UnLoding Action
[10:45:10] [Front Rack] Restart Conveyor (Overdrive)
[10:45:10] [Front Rack][PassLine][PCB_ID:3] PassLine UnLoading Action
[10:45:12] [Front Rack] Loading Finish (Overdrive Complete)
[10:45:12] [Front Rack][Lift]PassLine->LiftUp Loading Finish, LoadingCheck Action 
[10:45:12] [Front Rack][Lift][PCB_ID:3]PassLine Loading Complete from [FrontPassLine]
[10:45:12] [Front Rack][PCB_ID:3]PCB IN -> Move Site Position (Site3_F_DT3)
[10:45:12] [Front Rack][PassLine] PassLine UnLoading Complete
[10:45:12] [Front Rack][Lift]MoveLift Move to OutShuttle_Down Position
[10:45:12] MoveABCheck - 400150Receive -400150
[10:45:12] [Front Rack][PassLine]PCB Loding Action
[10:45:13] [Front Rack][Lift]MoveLift Move to OutShuttle_Down Position
[10:45:13] MoveABCheck - 400150Receive -400150
[10:45:13] [Front Rack][Lift]MoveLift Move to OutShuttle_Down Position
[10:45:13] MoveABCheck - 400150Receive -400150
[10:45:13] [Front Rack][Lift][PCB_ID:3]MoveLiftOutShuttle_Down Move OK -> UnLoading Action
[10:45:13] [Front Rack][Lift][PCB_ID:3] Lift->Site[Site3_F_DT3] UnLoading Start
[10:45:13] [Site3_F_DT3] [Loading] Start
[10:45:14] [Front Rack][Lift][PCB_ID:3] Lift->Site[Site3_F_DT3] UnLoading Check
[10:45:15] [Site3_F_DT3] [Loading] Sensor Detected
[10:45:15] [Site3_F_DT3] [Loading] Clamp ON (Conveyor Running)
[10:45:15] [Site3_F_DT3] [Loading] Contact Down Command
[10:45:16] [Site3_F_DT3] [Loading] Test Ready
[10:45:16] [Site3_F_DT3] [Loading] Start
[10:45:16] [Site3_F_DT3] [Loading] Sensor Detected
[10:45:16] [Site3_F_DT3] [Loading] Clamp ON (Conveyor Running)
[10:45:16] [Site3_F_DT3] [Loading] Contact Down Command
[10:45:17] [Site3_F_DT3] [Loading] Test Ready
[10:45:22] AddError - InShuttle,Conveyor_Timeout,[InShuttle] Start Front UnLoading Action FrontUnLoading Timeout.
[10:45:22] Alarm - Conveyor_Timeout
[10:45:22] System Mode Changed (Auto -> Stop/Manual). Stop All Conveyors.
[10:45:22] AddError - FrontPassLine,Conveyor_Timeout,[PassLine] Loading Timeout.
[10:45:22] Alarm - Conveyor_Timeout
[10:45:32] PartClear - FrontPassLine
[10:45:32] Alarm Clear - FrontPassLine
[10:45:33] PartClear - InShuttle
[10:45:33] Alarm Clear - InShuttle
[10:45:34] Main - Main Click
[10:45:48] Main - PartClear Click
[10:45:52] PartClear - Lift1_Up
[10:45:52] Alarm Clear - Lift1_Up
[10:45:53] Main - Main Click
[10:46:01] Main - Stop Click 
[10:46:10] Main - Manual Click
[10:46:11] Main - Main Click
[10:46:12] Main - PartClear Click
[10:46:21] Main - Main Click
[10:46:44] Main - PartClear Click
[10:46:47] PartClear - Site3_F_DT3
[10:46:47] Alarm Clear - Site3_F_DT3
[10:46:48] PartClear - Site1_F_DT1
[10:46:48] Alarm Clear - Site1_F_DT1
[10:46:49] Main - Main Click
[10:47:02] Main - RunMode Click
[10:47:08] Main - Start Click 
[10:47:08] [Front Rack]MoveLift Action -> Passline Wait
[10:47:08] [InShuttle] MoveLoading Position Action
[10:47:08] [Front Rack][Lift]Move to FrontPassLine Position
[10:47:08] [InShuttle] Move to Loading Position
[10:47:08] MoveABCheck - 1650000Receive -1650000
[10:47:08] MoveABCheck - 3557550Receive -3557550
[10:47:08] [InShuttle] Move to Loading Position
[10:47:08] MoveABCheck - 3557550Receive -3557550
[10:47:08] [InShuttle] Move to Loading Position
[10:47:08] MoveABCheck - 3557550Receive -3557550
[10:47:08] [InShuttle] Move LoadingPos Finish, Waiting
[10:47:09] [Front Rack][Lift]Move to FrontPassLine Position
[10:47:09] MoveABCheck - 1650000Receive -1650000
[10:47:09] [Front Rack][Lift]Move to FrontPassLine Position
[10:47:09] MoveABCheck - 1650000Receive -1650000
[10:47:09] [Front Rack][Lift]FrontPassLine Move OK ->Loading Action
[10:47:14] Main - InputPCB Click
[10:47:17] [InShuttle] Loading Action
[10:47:17] [InShuttle] Loading Start
[10:47:22] [InShuttle] PCB Detected - Temporary Stop
[10:47:22] [InShuttle] Restart Conveyor (Overdrive)
[10:47:24] [InShuttle] Loading Finish (Overdrive Complete)
[10:47:24] [InShuttle][PCB_ID:4]CoolingFinish 
[10:47:24] [InShuttle][TestPass] MoveFrontPos Action
[10:47:24] [InShuttle] Move to Front Position
[10:47:24] MoveABCheck - 4214200Receive -4214200
[10:47:25] [InShuttle] Move to Front Position
[10:47:25] MoveABCheck - 4214200Receive -4214200
[10:47:25] [InShuttle] Move to Front Position
[10:47:25] MoveABCheck - 4214200Receive -4214200
[10:47:25] [InShuttle] Start Front UnLoading Action
[10:47:25] [Front Rack][PassLine]PCB Loding Action
[10:47:26] [Front Rack][PassLine] LoadingCheck Action
[10:47:26] [Front Rack]FrontPassLine Move OK -> Loading Action
[10:47:26] [Front Rack][PassLine][PCB_ID:4] PassLine Loading Complete
[10:47:26] [Front Rack][PassLine][PCB_ID:4]PassLine PCB UnLoding Action
[10:47:28] [Front Rack] Restart Conveyor (Overdrive)
[10:47:29] [Front Rack][PassLine][PCB_ID:4] PassLine UnLoading Action
[10:47:30] [Front Rack] Loading Finish (Overdrive Complete)
[10:47:30] [Front Rack][Lift]PassLine->LiftUp Loading Finish, LoadingCheck Action 
[10:47:30] [Front Rack][Lift][PCB_ID:4]PassLine Loading Complete from [FrontPassLine]
[10:47:30] [Front Rack][PCB_ID:4][TestPass] Move OutShuttleUp Action
[10:47:30] [Front Rack][PassLine] PassLine UnLoading Complete
[10:47:30] [Front Rack][Lift]MoveOutUp Position
[10:47:30] MoveABCheck - 1645000Receive -1645000
[10:47:30] [Front Rack][PassLine]PCB Loding Action
[10:47:30] [Front Rack][Lift]MoveOutUp Position
[10:47:30] MoveABCheck - 1645000Receive -1645000
[10:47:30] [Front Rack][Lift]MoveOutUp Position
[10:47:30] MoveABCheck - 1645000Receive -1645000
[10:47:30] [Front Rack][Lift]MoveOutUp Position
[10:47:30] MoveABCheck - 1645000Receive -1645000
[10:47:30] [Front Rack][Lift][PCB_ID:4]MoveOutUp Lift Move OK ->UnLoading Action
[10:47:45] AddError - InShuttle,Conveyor_Timeout,[InShuttle] Start Front UnLoading Action FrontUnLoading Timeout.
[10:47:45] Alarm - Conveyor_Timeout
[10:47:45] AddError - FrontPassLine,Conveyor_Timeout,[PassLine] Loading Timeout.
[10:47:45] Alarm - Conveyor_Timeout
[10:47:45] System Mode Changed (Auto -> Stop/Manual). Stop All Conveyors.
[10:47:48] PartClear - FrontPassLine
[10:47:48] Alarm Clear - FrontPassLine
[10:47:49] PartClear - InShuttle
[10:47:50] Alarm Clear - InShuttle
[10:47:51] Main - Main Click
[10:47:58] Main - Stop Click 
[10:48:00] Main - PartClear Click
[10:48:08] Main - Main Click
[10:48:12] Main - Start Click 
[10:48:12] [InShuttle] MoveLoading Position Action
[10:48:12] [InShuttle] Move to Loading Position
[10:48:12] MoveABCheck - 3557550Receive -3557550
[10:48:13] [InShuttle] Move to Loading Position
[10:48:13] MoveABCheck - 3557550Receive -3557550
[10:48:13] [InShuttle] Move LoadingPos Finish, Waiting
[10:48:59] Main - Stop Click 
[10:48:59] System Mode Changed (Auto -> Stop/Manual). Stop All Conveyors.
[10:50:38] Main - Stop Click 
[10:50:39] Main - Start Click 
[10:50:41] Main - Stop Click 
[10:50:41] System Mode Changed (Auto -> Stop/Manual). Stop All Conveyors.
[10:50:45] Main - Start Click 
[10:51:47] Main - Stop Click 
[10:51:47] System Mode Changed (Auto -> Stop/Manual). Stop All Conveyors.
[10:52:43] Main - Start Click 
[10:52:44] Main - Stop Click 
[10:52:44] System Mode Changed (Auto -> Stop/Manual). Stop All Conveyors.
[10:52:47] Main - Start Click 
[10:52:50] Main - Stop Click 
[10:52:50] System Mode Changed (Auto -> Stop/Manual). Stop All Conveyors.
[10:53:05] Main - Start Click 
[10:53:05] Main - Stop Click 
[10:53:05] System Mode Changed (Auto -> Stop/Manual). Stop All Conveyors.
[11:00:03] Main - Start Click 
[11:00:04] Main - Stop Click 
[11:00:04] System Mode Changed (Auto -> Stop/Manual). Stop All Conveyors.
[11:00:08] Main - Start Click 
[11:00:09] Main - Stop Click 
[11:00:09] System Mode Changed (Auto -> Stop/Manual). Stop All Conveyors.
[11:00:17] Main - Start Click 
[11:00:19] Main - Stop Click 
[11:00:19] System Mode Changed (Auto -> Stop/Manual). Stop All Conveyors.
[11:00:30] Main - Start Click 
[11:00:31] Main - Stop Click 
[11:00:31] System Mode Changed (Auto -> Stop/Manual). Stop All Conveyors.
[11:00:33] Main - Start Click 
[11:00:39] Main - Stop Click 
[11:00:39] System Mode Changed (Auto -> Stop/Manual). Stop All Conveyors.
[11:01:05] Main - Start Click 
[11:01:07] Main - Stop Click 
[11:01:07] System Mode Changed (Auto -> Stop/Manual). Stop All Conveyors.
[11:01:10] Main - Start Click 
[11:01:12] Main - Stop Click 
[11:01:12] System Mode Changed (Auto -> Stop/Manual). Stop All Conveyors.
[11:01:20] Main - PartClear Click
[11:01:32] PartClear - Lift1_Up
[11:01:32] Alarm Clear - Lift1_Up
[11:01:34] Main - Main Click
[11:03:01] Main - System Click
[11:03:04] Main - System Click
[11:03:07] Main - System Click
[11:03:08] System - IO Data Click
[11:03:27] DO click
[11:03:30] DO click
[11:03:31] DO click
[11:03:31] DO click
[11:03:31] DO click
[11:03:32] DO click
[11:03:32] DO click
[11:03:32] DO click
[11:03:33] DO click
[11:03:33] DO click
[11:03:33] DO click
[11:03:33] DO click
[11:03:33] DO click
[11:03:33] DO click
[11:03:33] DO click
[11:03:34] DO click
[11:03:34] DO click
[11:03:34] DO click
[11:03:34] DO click
[11:03:34] DO click
[11:03:34] DO click
[11:03:34] DO click
[11:03:34] DO click
[11:03:35] DO click
[11:03:35] DO click
[11:03:35] DO click
[11:03:35] DO click
[11:03:35] DO click
[11:03:35] DO click
[11:03:35] DO click
[11:03:36] DO click
[11:03:36] DO click
[11:03:36] DO click
[11:03:36] DO click
[11:03:37] DO click
[11:03:37] DO click
[11:03:37] DO click
[11:03:37] DO click
[11:03:37] DO click
[11:03:37] DO click
[11:03:38] DO click
[11:03:38] DO click
[11:03:38] DO click
[11:03:38] DO click
[11:03:39] DO click
[11:03:39] DO click
[11:03:39] DO click
[11:03:39] DO click
[11:03:39] DO click
[11:03:39] DO click
[11:03:40] DO click
[11:03:40] DO click
[11:03:40] DO click
[11:03:40] DO click
[11:03:41] DO click
[11:03:41] DO click
[11:03:41] DO click
[11:03:41] DO click
[11:03:57] Main - Main Click
[11:07:42] Main - Start Click 
[11:07:42] [Front Rack]MoveLift Action -> Passline Wait
[11:07:42] [Front Rack][Lift]Move to FrontPassLine Position
[11:07:42] MoveABCheck - 1650000Receive -1650000
[11:07:42] [Front Rack][Lift]Move to FrontPassLine Position
[11:07:42] MoveABCheck - 1650000Receive -1650000
[11:07:42] [Front Rack][Lift]Move to FrontPassLine Position
[11:07:42] MoveABCheck - 1650000Receive -1650000
[11:07:42] [Front Rack][Lift]FrontPassLine Move OK ->Loading Action
[11:07:46] Main - Stop Click 
[11:07:46] System Mode Changed (Auto -> Stop/Manual). Stop All Conveyors.
[11:07:48] Main - PartClear Click
[11:07:52] PartClear - OutShuttle_Up
[11:07:52] Alarm Clear - OutShuttle_Up
[11:07:53] Main - Main Click
[11:07:56] Main - Start Click 
[11:07:59] Main - Stop Click 
[11:07:59] System Mode Changed (Auto -> Stop/Manual). Stop All Conveyors.
[11:09:07] Main - Main Click
[11:09:10] Main - Start Click 
[11:09:14] Main - Stop Click 
[11:09:14] System Mode Changed (Auto -> Stop/Manual). Stop All Conveyors.
[11:10:11] Program Started
[11:10:11] Version - 1.0.0.6
[11:10:13] MasterKernel Init OK
[11:10:13] LetsMotion Init OK
[11:10:13] LetsMotion Scan Node OK
[11:10:22] Main - Init Click 
[11:10:26] [InShuttle] Init - InShuttle Width Homing Start
[11:10:26] [OutShuttle] Init - OutConveyor Width Homing Start
[11:10:26] [Scan] Y-Axis Homing Start
[11:10:26] [Rear Rack] Init - InitialDone - Site14_R_DT1
[11:10:26] [Front Rack] Init - InitialDone - Site1_F_DT1
[11:10:26] LetsMotion 2 raw=0x00070A15, dir=0, init=1000, end=1000, acc=10000
[11:10:26] LetsMotion 0 raw=0x00070A14, dir=0, init=1000, end=1000, acc=10000
[11:10:26] 홈 찾기 지령 콜 - 6
[11:10:26] [Rear Rack] Init - InitialDone - Site15_R_DT2
[11:10:26] [Front Rack] Init - InitialDone - Site2_F_DT2
[11:10:26] [Rear Rack] Init - InitialDone - Site16_R_DT3
[11:10:26] [Front Rack] Init - InitialDone - Site3_F_DT3
[11:10:26] [Rear Rack] Init - InitialDone - Site17_R_DT4
[11:10:26] [Front Rack] Init - InitialDone - Site4_F_DT4
[11:10:26] [Rear Rack] Init - InitialDone - Site18_R_DT5
[11:10:26] [Front Rack] Init - InitialDone - Site5_F_DT5
[11:10:26] [Rear Rack] Init - InitialDone - Site19_R_DT6
[11:10:26] [Front Rack] Init - InitialDone - Site6_F_DT6
[11:10:26] [Rear Rack] Init - InitialDone - Site20_R_DT7
[11:10:26] [Front Rack] Init - InitialDone - Site7_F_DT7
[11:10:26] [Rear Rack] Init - InitialDone - Site21_R_DT8
[11:10:26] [Front Rack] Init - InitialDone - Site8_F_DT8
[11:10:26] [Rear Rack] Init - InitialDone - Site22_R_DT9
[11:10:26] [Front Rack] Init - InitialDone - Site9_F_DT9
[11:10:26] [Rear Rack] Init - InitialDone - Site23_R_DT10_FT4
[11:10:26] [Front Rack] Init - InitialDone - Site10_F_DT10_FT4
[11:10:26] [Rear Rack] Init - InitialDone - Site24_R_FT1
[11:10:26] [Front Rack] Init - InitialDone - Site11_F_FT1
[11:10:26] [Rear Rack] Init - InitialDone - Site25_R_FT2
[11:10:26] [Front Rack] Init - InitialDone - Site12_F_FT2
[11:10:26] [Rear Rack] Init - InitialDone - Site26_R_FT3
[11:10:26] [Front Rack] Init - InitialDone - Site13_F_FT3
[11:10:26] [Rear Rack] Init - SV04_Lift2 Home Move Start
[11:10:26] [Front Rack] Init - SV02_Lift1 Home Move Start
[11:10:26] 홈 찾기 지령 콜 - 4
[11:10:26] 홈 찾기 지령 콜 - 2
[11:10:27] [Scan] X-Axis Homing Start
[11:10:27] [Rear Rack] Init - SV05_Rack2_Width Home Move Start
[11:10:27] [Front Rack] Init - SV03_Rack1_Width Home Move Start
[11:10:27] 홈 찾기 지령 콜 - 7
[11:10:27] 홈 찾기 지령 콜 - 5
[11:10:27] 홈 찾기 지령 콜 - 3
[11:10:31] Home Command OK Axis: ST02_OutConveyor_Width
[11:10:31] Home Command OK Axis: ST00_InShuttle_Width
[11:10:31] [InShuttle] Init - OutConveyor Width Home OK
[11:10:31] [InShuttle] Init - InShuttle Width Home OK
[11:10:31] [OutShuttle] Init - OutShuttle Width Homing Start
[11:10:31] [InShuttle] Init - InConveyor Width Homing Start
[11:10:31] LetsMotion 1 raw=0x01070A14, dir=0, init=1000, end=1000, acc=10000
[11:10:31] LetsMotion 3 raw=0x01070A15, dir=0, init=1000, end=1000, acc=10000
[11:10:37] Home Command OK Axis: ST03_InConveyor_Width
[11:10:37] [InShuttle] Init - InConveyor Width Home OK
[11:10:37] [InShuttle] Init - SV00_InShuttle Home Move Start
[11:10:37] 홈 찾기 지령 콜 - 0
[11:10:37] Home Command OK Axis: ST01_OutShuttle_Width
[11:10:37] [InShuttle] Init - OutShuttle Width Home OK
[11:10:37] [OutShuttle] Init - SV01_Out_Shuttle Home Move Start
[11:10:37] 홈 찾기 지령 콜 - 1
[11:10:42] [OutShuttle] Init - Servo Home Finish
[11:10:42] [OutShuttle] Init Finish
[11:10:48] [Scan] Init - Servo Home Finish
[11:10:48] [Scan] Init Finish
[11:10:51] [Rear Rack] Init - Servo Home Finish
[11:10:51] [Rear Rack] Init Finish
[11:11:02] [InShuttle] Init - Servo Home Finish
[11:11:02] [InShuttle] Init Finish
[11:11:08] [Front Rack] Init - Servo Home Finish
[11:11:08] [Front Rack] Init Finish
[11:11:19] MoveABCheck - 2208600Receive -2208600
[11:11:19] MoveABCheck - 2251000Receive -2251000
[11:11:20] MoveABCheck - 2208600Receive -2208600
[11:11:20] MoveABCheck - 2208600Receive -2208600
[11:11:21] MoveABCheck - 2208600Receive -2208600
[11:11:21] MoveABCheck - 2208600Receive -2208600
[11:11:22] MoveABCheck - 2208600Receive -2208600
[11:11:22] MoveABCheck - 2208600Receive -2208600
[11:11:23] MoveABCheck - 2208600Receive -2208600
[11:11:23] MoveABCheck - 2208600Receive -2208600
[11:11:24] MoveABCheck - 2208600Receive -2208600
[11:11:24] MoveABCheck - 2208600Receive -2208600
[11:11:25] MoveABCheck - 2208600Receive -2208600
[11:11:25] MoveABCheck - 2208600Receive -2208600
[11:11:26] MoveABCheck - 2208600Receive -2208600
[11:11:26] MoveABCheck - 2208600Receive -2208600
[11:11:27] MoveABCheck - 2208600Receive -2208600
[11:11:27] MoveABCheck - 2208600Receive -2208600
[11:11:28] MoveABCheck - 2208600Receive -2208600
[11:11:29] MoveABCheck - 2208600Receive -2208600
[11:11:29] MoveABCheck - 2208600Receive -2208600
[11:11:30] MoveABCheck - 2208600Receive -2208600
[11:11:30] MoveABCheck - 2208600Receive -2208600
[11:11:31] MoveABCheck - 2208600Receive -2208600
[11:11:31] MoveABCheck - 2208600Receive -2208600
[11:11:32] MoveABCheck - 2208600Receive -2208600
[11:11:32] MoveABCheck - 2208600Receive -2208600
[11:11:33] MoveABCheck - 2208600Receive -2208600
[11:11:33] MoveABCheck - 2208600Receive -2208600
[11:11:34] MoveABCheck - 2208600Receive -2208600
[11:11:34] MoveABCheck - 2208600Receive -2208600
[11:11:35] MoveABCheck - 2208600Receive -2208600
[11:11:35] MoveABCheck - 2208600Receive -2208600
[11:11:36] MoveABCheck - 2208600Receive -2208600
[11:11:36] MoveABCheck - 2208600Receive -2208600
[11:11:37] MoveABCheck - 2208600Receive -2208600
[11:11:38] MoveABCheck - 2208600Receive -2208600
[11:11:38] MoveABCheck - 2208600Receive -2208600
[11:11:39] MoveABCheck - 2208600Receive -2208600
[11:11:39] MoveABCheck - 2208600Receive -2208600
[11:11:40] MoveABCheck - 2208600Receive -2208600
[11:11:40] MoveABCheck - 2208600Receive -2208600
[11:11:41] MoveABCheck - 2208600Receive -2208600
[11:11:41] MoveABCheck - 2208600Receive -2208600
[11:11:42] MoveABCheck - 2208600Receive -2208600
[11:11:42] MoveABCheck - 2208600Receive -2208600
[11:11:43] MoveABCheck - 2208600Receive -2208600
[11:11:43] MoveABCheck - 2208600Receive -2208600
[11:11:44] MoveABCheck - 2208600Receive -2208600
[11:11:44] MoveABCheck - 2208600Receive -2208600
[11:11:45] MoveABCheck - 2208600Receive -2208600
[11:11:45] MoveABCheck - 2208600Receive -2208600
[11:11:46] MoveABCheck - 2208600Receive -2208600
[11:11:47] MoveABCheck - 2208600Receive -2208600
[11:11:47] MoveABCheck - 2208600Receive -2208600
[11:11:48] MoveABCheck - 2208600Receive -2208600
[11:11:48] MoveABCheck - 2208600Receive -2208600
[11:11:49] MoveABCheck - 2208600Receive -2208600
[11:11:49] MoveABCheck - 2208600Receive -2208600
[11:11:50] MoveABCheck - 2208600Receive -2208600
[11:11:50] MoveABCheck - 2208600Receive -2208600
[11:11:51] MoveABCheck - 2208600Receive -2208600
[11:11:51] MoveABCheck - 2208600Receive -2208600
[11:11:52] MoveABCheck - 2208600Receive -2208600
[11:11:52] MoveABCheck - 2208600Receive -2208600
[11:11:53] MoveABCheck - 2208600Receive -2208600
[11:11:53] MoveABCheck - 2208600Receive -2208600
[11:11:54] MoveABCheck - 2208600Receive -2208600
[11:11:55] MoveABCheck - 2208600Receive -2208600
[11:11:55] MoveABCheck - 2208600Receive -2208600
[11:11:56] MoveABCheck - 2208600Receive -2208600
[11:11:56] MoveABCheck - 2208600Receive -2208600
[11:11:57] MoveABCheck - 2208600Receive -2208600
[11:11:57] MoveABCheck - 2208600Receive -2208600
[11:11:58] MoveABCheck - 2208600Receive -2208600
[11:11:58] MoveABCheck - 2208600Receive -2208600
[11:11:59] MoveABCheck - 2208600Receive -2208600
[11:11:59] MoveABCheck - 2208600Receive -2208600
[11:12:00] MoveABCheck - 2208600Receive -2208600
[11:12:00] MoveABCheck - 2208600Receive -2208600
[11:12:01] MoveABCheck - 2208600Receive -2208600
[11:12:01] MoveABCheck - 2208600Receive -2208600
[11:12:02] MoveABCheck - 2208600Receive -2208600
[11:12:02] MoveABCheck - 2208600Receive -2208600
[11:12:03] MoveABCheck - 2208600Receive -2208600
[11:12:03] MoveABCheck - 2208600Receive -2208600
[11:12:04] MoveABCheck - 2208600Receive -2208600
[11:12:05] MoveABCheck - 2208600Receive -2208600
[11:12:05] MoveABCheck - 2208600Receive -2208600
[11:12:06] MoveABCheck - 2208600Receive -2208600
[11:12:06] MoveABCheck - 2208600Receive -2208600
[11:12:07] MoveABCheck - 2208600Receive -2208600
[11:12:07] MoveABCheck - 2208600Receive -2208600
[11:12:08] MoveABCheck - 2208600Receive -2208600
[11:12:08] MoveABCheck - 2208600Receive -2208600
[11:12:09] MoveABCheck - 2208600Receive -2208600
[11:12:09] MoveABCheck - 2208600Receive -2208600
[11:12:10] MoveABCheck - 2208600Receive -2208600
[11:12:10] MoveABCheck - 2208600Receive -2208600
[11:12:11] MoveABCheck - 2208600Receive -2208600
[11:12:11] MoveABCheck - 2208600Receive -2208600
[11:12:12] MoveABCheck - 2208600Receive -2208600
[11:12:12] MoveABCheck - 2208600Receive -2208600
[11:12:13] MoveABCheck - 2208600Receive -2208600
[11:12:14] MoveABCheck - 2208600Receive -2208600
[11:12:14] MoveABCheck - 2208600Receive -2208600
[11:12:15] MoveABCheck - 2208600Receive -2208600
[11:12:15] MoveABCheck - 2208600Receive -2208600
[11:12:16] MoveABCheck - 2208600Receive -2208600
[11:12:16] MoveABCheck - 2208600Receive -2208600
[11:12:17] MoveABCheck - 2208600Receive -2208600
[11:12:17] MoveABCheck - 2208600Receive -2208600
[11:12:18] MoveABCheck - 2208600Receive -2208600
[11:12:18] MoveABCheck - 2208600Receive -2208600
[11:12:35] Main - Init Click 
[11:12:54] [InShuttle] Init - InShuttle Width Homing Start
[11:12:54] [Scan] Y-Axis Homing Start
[11:12:54] [OutShuttle] Init - OutConveyor Width Homing Start
[11:12:54] [Rear Rack] Init - SV04_Lift2 Home Move Start
[11:12:54] [Front Rack] Init - SV02_Lift1 Home Move Start
[11:12:54] 홈 찾기 지령 콜 - 6
[11:12:54] LetsMotion 0 raw=0x00070A14, dir=0, init=1000, end=1000, acc=10000
[11:12:54] 홈 찾기 지령 콜 - 4
[11:12:54] LetsMotion 2 raw=0x00070A15, dir=0, init=1000, end=1000, acc=10000
[11:12:54] 홈 찾기 지령 콜 - 2
[11:12:55] [Scan] X-Axis Homing Start
[11:12:55] [Rear Rack] Init - SV05_Rack2_Width Home Move Start
[11:12:55] [Front Rack] Init - SV03_Rack1_Width Home Move Start
[11:12:55] 홈 찾기 지령 콜 - 7
[11:12:55] 홈 찾기 지령 콜 - 5
[11:12:55] 홈 찾기 지령 콜 - 3
[11:12:57] [Front Rack] Init - SV03_Rack1_Width Home Move Start
[11:12:57] 홈 찾기 지령 콜 - 3
[11:12:58] [Front Rack] Init - SV03_Rack1_Width Home Move Start
[11:12:58] 홈 찾기 지령 콜 - 3
[11:12:59] [Front Rack] Init - SV03_Rack1_Width Home Move Start
[11:12:59] 홈 찾기 지령 콜 - 3
[11:13:00] Home Command OK Axis: ST00_InShuttle_Width
[11:13:00] [InShuttle] Init - InShuttle Width Home OK
[11:13:00] [InShuttle] Init - InConveyor Width Homing Start
[11:13:00] Lets Homeing Fail, Now Moveing
[11:13:00] [InShuttle] Init - SV00_InShuttle Home Move Start
[11:13:00] 홈 찾기 지령 콜 - 0
[11:13:00] [Front Rack] Init - SV03_Rack1_Width Home Move Start
[11:13:00] Home Command OK Axis: ST02_OutConveyor_Width
[11:13:00] 홈 찾기 지령 콜 - 3
[11:13:00] [InShuttle] Init - OutConveyor Width Home OK
[11:13:00] [OutShuttle] Init - OutShuttle Width Homing Start
[11:13:00] LetsMotion 1 raw=0x01070A14, dir=0, init=1000, end=1000, acc=10000
[11:13:01] [InShuttle] Init - InConveyor Width Homing Start
[11:13:01] LetsMotion 3 raw=0x01070A15, dir=0, init=1000, end=1000, acc=10000
[11:13:02] [Front Rack] Init - SV03_Rack1_Width Home Move Start
[11:13:02] 홈 찾기 지령 콜 - 3
[11:13:03] [Front Rack] Init - SV03_Rack1_Width Home Move Start
[11:13:03] 홈 찾기 지령 콜 - 3
[11:13:04] [Front Rack] Init - SV03_Rack1_Width Home Move Start
[11:13:04] 홈 찾기 지령 콜 - 3
[11:13:05] [Front Rack] Init - SV03_Rack1_Width Home Move Start
[11:13:05] 홈 찾기 지령 콜 - 3
[11:13:06] Home Command OK Axis: ST01_OutShuttle_Width
[11:13:06] [InShuttle] Init - OutShuttle Width Home OK
[11:13:06] [OutShuttle] Init - SV01_Out_Shuttle Home Move Start
[11:13:06] 홈 찾기 지령 콜 - 1
[11:13:06] Home Command OK Axis: ST03_InConveyor_Width
[11:13:06] [InShuttle] Init - InConveyor Width Home OK
[11:13:06] [InShuttle] Init Finish
[11:13:07] [Front Rack] Init - SV03_Rack1_Width Home Move Start
[11:13:07] 홈 찾기 지령 콜 - 3
[11:13:08] [Front Rack] Init - SV03_Rack1_Width Home Move Start
[11:13:08] 홈 찾기 지령 콜 - 3
[11:13:09] [Front Rack] Init - SV03_Rack1_Width Home Move Start
[11:13:09] 홈 찾기 지령 콜 - 3
[11:13:10] [Front Rack] Init - SV03_Rack1_Width Home Move Start
[11:13:10] 홈 찾기 지령 콜 - 3
[11:13:11] [Front Rack] Init - SV03_Rack1_Width Home Move Start
[11:13:11] 홈 찾기 지령 콜 - 3
[11:13:12] [OutShuttle] Init Finish
[11:13:13] [Front Rack] Init - SV03_Rack1_Width Home Move Start
[11:13:13] 홈 찾기 지령 콜 - 3
[11:13:14] [Front Rack] Init - SV03_Rack1_Width Home Move Start
[11:13:14] 홈 찾기 지령 콜 - 3
[11:13:15] [Front Rack] Init - SV03_Rack1_Width Home Move Start
[11:13:15] 홈 찾기 지령 콜 - 3
[11:13:16] [Front Rack] Init - SV03_Rack1_Width Home Move Start
[11:13:16] 홈 찾기 지령 콜 - 3
[11:13:18] [Front Rack] Init - SV03_Rack1_Width Home Move Start
[11:13:18] 홈 찾기 지령 콜 - 3
[11:13:18] [Scan] Init - Servo Home Finish
[11:13:18] [Scan] Init Finish
[11:13:19] [Front Rack] Init - SV03_Rack1_Width Home Move Start
[11:13:19] 홈 찾기 지령 콜 - 3
[11:13:20] [Front Rack] Init - SV03_Rack1_Width Home Move Start
[11:13:20] 홈 찾기 지령 콜 - 3
[11:13:21] [Rear Rack] Init Finish
[11:13:21] [Front Rack] Init - SV03_Rack1_Width Home Move Start
[11:13:21] 홈 찾기 지령 콜 - 3
[11:13:22] [Front Rack] Init - SV03_Rack1_Width Home Move Start
[11:13:22] 홈 찾기 지령 콜 - 3
[11:13:24] [Front Rack] Init - SV03_Rack1_Width Home Move Start
[11:13:24] 홈 찾기 지령 콜 - 3
[11:13:25] [Front Rack] Init - SV03_Rack1_Width Home Move Start
[11:13:25] 홈 찾기 지령 콜 - 3
[11:13:26] [Front Rack] Init - SV03_Rack1_Width Home Move Start
[11:13:26] 홈 찾기 지령 콜 - 3
[11:13:27] [Front Rack] Init - SV03_Rack1_Width Home Move Start
[11:13:27] 홈 찾기 지령 콜 - 3
[11:13:29] [Front Rack] Init - SV03_Rack1_Width Home Move Start
[11:13:29] 홈 찾기 지령 콜 - 3
[11:13:30] [Front Rack] Init - SV03_Rack1_Width Home Move Start
[11:13:30] 홈 찾기 지령 콜 - 3
[11:13:31] [Front Rack] Init - SV03_Rack1_Width Home Move Start
[11:13:31] 홈 찾기 지령 콜 - 3
[11:13:32] [Front Rack] Init - SV03_Rack1_Width Home Move Start
[11:13:32] 홈 찾기 지령 콜 - 3
[11:13:34] [Front Rack] Init - SV03_Rack1_Width Home Move Start
[11:13:34] 홈 찾기 지령 콜 - 3
[11:13:35] [Front Rack] Init - SV03_Rack1_Width Home Move Start
[11:13:35] 홈 찾기 지령 콜 - 3
[11:13:36] [Front Rack] Init - SV03_Rack1_Width Home Move Start
[11:13:36] 홈 찾기 지령 콜 - 3
[11:13:37] [Front Rack] Init - SV03_Rack1_Width Home Move Start
[11:13:37] 홈 찾기 지령 콜 - 3
[11:13:39] [Front Rack] Init - SV03_Rack1_Width Home Move Start
[11:13:39] 홈 찾기 지령 콜 - 3
[11:13:40] [Front Rack] Init - SV03_Rack1_Width Home Move Start
[11:13:40] 홈 찾기 지령 콜 - 3
[11:13:41] [Front Rack] Init - SV03_Rack1_Width Home Move Start
[11:13:41] 홈 찾기 지령 콜 - 3
[11:13:42] [Front Rack] Init - SV03_Rack1_Width Home Move Start
[11:13:42] 홈 찾기 지령 콜 - 3
[11:13:44] [Front Rack] Init - SV03_Rack1_Width Home Move Start
[11:13:44] 홈 찾기 지령 콜 - 3
[11:13:45] [Front Rack] Init - SV03_Rack1_Width Home Move Start
[11:13:45] 홈 찾기 지령 콜 - 3
[11:13:46] [Front Rack] Init - SV03_Rack1_Width Home Move Start
[11:13:46] 홈 찾기 지령 콜 - 3
[11:13:47] [Front Rack] Init - SV03_Rack1_Width Home Move Start
[11:13:47] 홈 찾기 지령 콜 - 3
[11:13:49] [Front Rack] Init - SV03_Rack1_Width Home Move Start
[11:13:49] 홈 찾기 지령 콜 - 3
[11:13:50] [Front Rack] Init - SV03_Rack1_Width Home Move Start
[11:13:50] 홈 찾기 지령 콜 - 3
[11:13:51] [Front Rack] Init - SV03_Rack1_Width Home Move Start
[11:13:51] 홈 찾기 지령 콜 - 3
[11:13:52] [Front Rack] Init - SV03_Rack1_Width Home Move Start
[11:13:52] 홈 찾기 지령 콜 - 3
[11:13:54] [Front Rack] Init - SV03_Rack1_Width Home Move Start
[11:13:54] 홈 찾기 지령 콜 - 3
[11:13:55] [Front Rack] Init - SV03_Rack1_Width Home Move Start
[11:13:55] 홈 찾기 지령 콜 - 3
[11:13:56] [Front Rack] Init - SV03_Rack1_Width Home Move Start
[11:13:56] 홈 찾기 지령 콜 - 3
[11:13:57] [Front Rack] Init - SV03_Rack1_Width Home Move Start
[11:13:57] 홈 찾기 지령 콜 - 3
[11:13:59] [Front Rack] Init - SV03_Rack1_Width Home Move Start
[11:13:59] 홈 찾기 지령 콜 - 3
[11:14:00] [Front Rack] Init - SV03_Rack1_Width Home Move Start
[11:14:00] 홈 찾기 지령 콜 - 3
[11:14:01] [Front Rack] Init - SV03_Rack1_Width Home Move Start
[11:14:01] 홈 찾기 지령 콜 - 3
[11:14:02] [Front Rack] Init - SV03_Rack1_Width Home Move Start
[11:14:02] 홈 찾기 지령 콜 - 3
[11:14:04] [Front Rack] Init - SV03_Rack1_Width Home Move Start
[11:14:04] 홈 찾기 지령 콜 - 3
[11:14:05] [Front Rack] Init - SV03_Rack1_Width Home Move Start
[11:14:05] 홈 찾기 지령 콜 - 3
[11:14:06] [Front Rack] Init - SV03_Rack1_Width Home Move Start
[11:14:06] 홈 찾기 지령 콜 - 3
[11:14:07] [Front Rack] Init - SV03_Rack1_Width Home Move Start
[11:14:07] 홈 찾기 지령 콜 - 3
[11:14:09] [Front Rack] Init - SV03_Rack1_Width Home Move Start
[11:14:09] 홈 찾기 지령 콜 - 3
[11:14:10] [Front Rack] Init - SV03_Rack1_Width Home Move Start
[11:14:10] 홈 찾기 지령 콜 - 3
[11:14:11] [Front Rack] Init - SV03_Rack1_Width Home Move Start
[11:14:11] 홈 찾기 지령 콜 - 3
[11:14:12] [Front Rack] Init - SV03_Rack1_Width Home Move Start
[11:14:12] 홈 찾기 지령 콜 - 3
[11:14:14] [Front Rack] Init - SV03_Rack1_Width Home Move Start
[11:14:14] 홈 찾기 지령 콜 - 3
[11:14:15] [Front Rack] Init - SV03_Rack1_Width Home Move Start
[11:14:15] 홈 찾기 지령 콜 - 3
[11:14:16] [Front Rack] Init - SV03_Rack1_Width Home Move Start
[11:14:16] 홈 찾기 지령 콜 - 3
[11:14:18] [Front Rack] Init - SV03_Rack1_Width Home Move Start
[11:14:18] 홈 찾기 지령 콜 - 3
[11:14:19] [Front Rack] Init - SV03_Rack1_Width Home Move Start
[11:14:19] 홈 찾기 지령 콜 - 3
[11:14:20] [Front Rack] Init - SV03_Rack1_Width Home Move Start
[11:14:20] 홈 찾기 지령 콜 - 3
[11:14:21] [Front Rack] Init - SV03_Rack1_Width Home Move Start
[11:14:21] 홈 찾기 지령 콜 - 3
[11:14:23] [Front Rack] Init - SV03_Rack1_Width Home Move Start
[11:14:23] 홈 찾기 지령 콜 - 3
[11:14:24] [Front Rack] Init - SV03_Rack1_Width Home Move Start
[11:14:24] 홈 찾기 지령 콜 - 3
[11:14:25] [Front Rack] Init - SV03_Rack1_Width Home Move Start
[11:14:25] 홈 찾기 지령 콜 - 3
[11:14:26] [Front Rack] Init - SV03_Rack1_Width Home Move Start
[11:14:26] 홈 찾기 지령 콜 - 3
[11:14:28] [Front Rack] Init - SV03_Rack1_Width Home Move Start
[11:14:28] 홈 찾기 지령 콜 - 3
[11:14:29] [Front Rack] Init - SV03_Rack1_Width Home Move Start
[11:14:29] 홈 찾기 지령 콜 - 3
[11:14:30] [Front Rack] Init - SV03_Rack1_Width Home Move Start
[11:14:30] 홈 찾기 지령 콜 - 3
[11:14:31] [Front Rack] Init - SV03_Rack1_Width Home Move Start
[11:14:31] 홈 찾기 지령 콜 - 3
[11:14:33] [Front Rack] Init - SV03_Rack1_Width Home Move Start
[11:14:33] 홈 찾기 지령 콜 - 3
[11:14:34] [Front Rack] Init - SV03_Rack1_Width Home Move Start
[11:14:34] 홈 찾기 지령 콜 - 3
[11:14:35] [Front Rack] Init - SV03_Rack1_Width Home Move Start
[11:14:35] 홈 찾기 지령 콜 - 3
[11:14:37] [Front Rack] Init - SV03_Rack1_Width Home Move Start
[11:14:37] 홈 찾기 지령 콜 - 3
[11:14:38] [Front Rack] Init - SV03_Rack1_Width Home Move Start
[11:14:38] 홈 찾기 지령 콜 - 3
[11:14:39] [Front Rack] Init - SV03_Rack1_Width Home Move Start
[11:14:39] 홈 찾기 지령 콜 - 3
[11:14:40] [Front Rack] Init - SV03_Rack1_Width Home Move Start
[11:14:40] 홈 찾기 지령 콜 - 3
[11:14:41] [Front Rack] Init - SV03_Rack1_Width Home Move Start
[11:14:41] 홈 찾기 지령 콜 - 3
[11:14:43] [Front Rack] Init - SV03_Rack1_Width Home Move Start
[11:14:43] 홈 찾기 지령 콜 - 3
[11:14:44] [Front Rack] Init - SV03_Rack1_Width Home Move Start
[11:14:44] 홈 찾기 지령 콜 - 3
[11:14:45] [Front Rack] Init - SV03_Rack1_Width Home Move Start
[11:14:45] 홈 찾기 지령 콜 - 3
[11:14:46] [Front Rack] Init - SV03_Rack1_Width Home Move Start
[11:14:46] 홈 찾기 지령 콜 - 3
[11:14:48] [Front Rack] Init - SV03_Rack1_Width Home Move Start
[11:14:48] 홈 찾기 지령 콜 - 3
[11:14:49] [Front Rack] Init - SV03_Rack1_Width Home Move Start
[11:14:49] 홈 찾기 지령 콜 - 3
[11:14:50] [Front Rack] Init - SV03_Rack1_Width Home Move Start
[11:14:50] 홈 찾기 지령 콜 - 3
[11:14:51] [Front Rack] Init - SV03_Rack1_Width Home Move Start
[11:14:51] 홈 찾기 지령 콜 - 3
[11:14:53] [Front Rack] Init - SV03_Rack1_Width Home Move Start
[11:14:53] 홈 찾기 지령 콜 - 3
[11:14:54] [Front Rack] Init - SV03_Rack1_Width Home Move Start
[11:14:54] 홈 찾기 지령 콜 - 3
[11:14:55] [Front Rack] Init - SV03_Rack1_Width Home Move Start
[11:14:55] 홈 찾기 지령 콜 - 3
[11:14:56] [Front Rack] Init - SV03_Rack1_Width Home Move Start
[11:14:56] 홈 찾기 지령 콜 - 3
[11:14:57] [Front Rack] Init - SV03_Rack1_Width Home Move Start
[11:14:57] 홈 찾기 지령 콜 - 3
[11:14:59] [Front Rack] Init - SV03_Rack1_Width Home Move Start
[11:14:59] 홈 찾기 지령 콜 - 3
[11:15:00] [Front Rack] Init - SV03_Rack1_Width Home Move Start
[11:15:00] 홈 찾기 지령 콜 - 3
[11:15:01] [Front Rack] Init - SV03_Rack1_Width Home Move Start
[11:15:01] 홈 찾기 지령 콜 - 3
[11:15:02] [Front Rack] Init - SV03_Rack1_Width Home Move Start
[11:15:02] 홈 찾기 지령 콜 - 3
[11:15:03] [Front Rack] Init - SV03_Rack1_Width Home Move Start
[11:15:03] 홈 찾기 지령 콜 - 3
[11:15:05] [Front Rack] Init - SV03_Rack1_Width Home Move Start
[11:15:05] 홈 찾기 지령 콜 - 3
[11:15:06] [Front Rack] Init - SV03_Rack1_Width Home Move Start
[11:15:06] 홈 찾기 지령 콜 - 3
[11:15:07] [Front Rack] Init - SV03_Rack1_Width Home Move Start
[11:15:07] 홈 찾기 지령 콜 - 3
[11:15:08] [Front Rack] Init - SV03_Rack1_Width Home Move Start
[11:15:08] 홈 찾기 지령 콜 - 3
[11:15:10] [Front Rack] Init - SV03_Rack1_Width Home Move Start
[11:15:10] 홈 찾기 지령 콜 - 3
[11:15:11] [Front Rack] Init - SV03_Rack1_Width Home Move Start
[11:15:11] 홈 찾기 지령 콜 - 3
[11:15:12] [Front Rack] Init - SV03_Rack1_Width Home Move Start
[11:15:12] 홈 찾기 지령 콜 - 3
[11:15:13] [Front Rack] Init - SV03_Rack1_Width Home Move Start
[11:15:13] 홈 찾기 지령 콜 - 3
[11:15:15] [Front Rack] Init - SV03_Rack1_Width Home Move Start
[11:15:15] 홈 찾기 지령 콜 - 3
[11:15:16] [Front Rack] Init - SV03_Rack1_Width Home Move Start
[11:15:16] 홈 찾기 지령 콜 - 3
[11:15:17] [Front Rack] Init - SV03_Rack1_Width Home Move Start
[11:15:17] 홈 찾기 지령 콜 - 3
[11:15:18] [Front Rack] Init - SV03_Rack1_Width Home Move Start
[11:15:18] 홈 찾기 지령 콜 - 3
[11:15:19] [Front Rack] Init - SV03_Rack1_Width Home Move Start
[11:15:19] 홈 찾기 지령 콜 - 3
[11:15:21] [Front Rack] Init - SV03_Rack1_Width Home Move Start
[11:15:21] 홈 찾기 지령 콜 - 3
[11:15:22] [Front Rack] Init - SV03_Rack1_Width Home Move Start
[11:15:22] 홈 찾기 지령 콜 - 3
[11:15:23] [Front Rack] Init - SV03_Rack1_Width Home Move Start
[11:15:23] 홈 찾기 지령 콜 - 3
[11:15:24] [Front Rack] Init - SV03_Rack1_Width Home Move Start
[11:15:24] 홈 찾기 지령 콜 - 3
[11:15:26] [Front Rack] Init - SV03_Rack1_Width Home Move Start
[11:15:26] 홈 찾기 지령 콜 - 3
[11:15:27] [Front Rack] Init - SV03_Rack1_Width Home Move Start
[11:15:27] 홈 찾기 지령 콜 - 3
[11:15:28] [Front Rack] Init - SV03_Rack1_Width Home Move Start
[11:15:28] 홈 찾기 지령 콜 - 3
[11:15:29] [Front Rack] Init - SV03_Rack1_Width Home Move Start
[11:15:29] 홈 찾기 지령 콜 - 3
[11:15:31] [Front Rack] Init - SV03_Rack1_Width Home Move Start
[11:15:31] 홈 찾기 지령 콜 - 3
[11:15:32] [Front Rack] Init - SV03_Rack1_Width Home Move Start
[11:15:32] 홈 찾기 지령 콜 - 3
[11:15:33] [Front Rack] Init - SV03_Rack1_Width Home Move Start
[11:15:33] 홈 찾기 지령 콜 - 3
[11:15:35] [Front Rack] Init - SV03_Rack1_Width Home Move Start
[11:15:35] 홈 찾기 지령 콜 - 3
[11:15:36] [Front Rack] Init - SV03_Rack1_Width Home Move Start
[11:15:36] 홈 찾기 지령 콜 - 3
[11:15:37] [Front Rack] Init - SV03_Rack1_Width Home Move Start
[11:15:37] 홈 찾기 지령 콜 - 3
[11:15:38] [Front Rack] Init - SV03_Rack1_Width Home Move Start
[11:15:38] 홈 찾기 지령 콜 - 3
[11:15:40] [Front Rack] Init - SV03_Rack1_Width Home Move Start
[11:15:40] 홈 찾기 지령 콜 - 3
[11:15:41] [Front Rack] Init - SV03_Rack1_Width Home Move Start
[11:15:41] 홈 찾기 지령 콜 - 3
[11:15:42] [Front Rack] Init - SV03_Rack1_Width Home Move Start
[11:15:42] 홈 찾기 지령 콜 - 3
[11:15:43] [Front Rack] Init - SV03_Rack1_Width Home Move Start
[11:15:43] 홈 찾기 지령 콜 - 3
[11:15:45] [Front Rack] Init - SV03_Rack1_Width Home Move Start
[11:15:45] 홈 찾기 지령 콜 - 3
[11:15:46] [Front Rack] Init - SV03_Rack1_Width Home Move Start
[11:15:46] 홈 찾기 지령 콜 - 3
[11:15:47] [Front Rack] Init - SV03_Rack1_Width Home Move Start
[11:15:47] 홈 찾기 지령 콜 - 3
[11:15:58] [Front Rack] Init - SV03_Rack1_Width Home Move Start
[11:15:58] 홈 찾기 지령 콜 - 3
[11:16:09] initialize failed.
[InShuttle] Init Finish
[Front Rack] Init - SV03_Rack1_Width Home Move Start
[Rear Rack] Init Finish
[OutShuttle] Init Finish
[Scan] Init Finish

[11:16:11] Main - System Click
[11:16:14] Main - System Click
[11:17:22] Main - Main Click
[11:17:23] Main - Init Click 
[11:17:26] [OutShuttle] Init - OutConveyor Width Homing Start
[11:17:26] [Scan] Y-Axis Homing Start
[11:17:26] [InShuttle] Init - InShuttle Width Homing Start
[11:17:26] [Front Rack] Init - SV02_Lift1 Home Move Start
[11:17:26] [Rear Rack] Init - SV04_Lift2 Home Move Start
[11:17:26] 홈 찾기 지령 콜 - 6
[11:17:26] LetsMotion 2 raw=0x00070A15, dir=0, init=1000, end=1000, acc=10000
[11:17:26] LetsMotion 0 raw=0x00070A14, dir=0, init=1000, end=1000, acc=10000
[11:17:26] 홈 찾기 지령 콜 - 2
[11:17:26] 홈 찾기 지령 콜 - 4
[11:17:26] Home Command OK Axis: ST00_InShuttle_Width
[11:17:26] [InShuttle] Init - InShuttle Width Home OK
[11:17:26] Home Command OK Axis: ST02_OutConveyor_Width
[11:17:26] [InShuttle] Init - InConveyor Width Homing Start
[11:17:26] [InShuttle] Init - OutConveyor Width Home OK
[11:17:26] LetsMotion 3 raw=0x01070A15, dir=0, init=1000, end=1000, acc=10000
[11:17:26] [OutShuttle] Init - OutShuttle Width Homing Start
[11:17:26] LetsMotion 1 raw=0x01070A14, dir=0, init=1000, end=1000, acc=10000
[11:17:26] Home Command OK Axis: ST01_OutShuttle_Width
[11:17:26] [InShuttle] Init - OutShuttle Width Home OK
[11:17:26] [OutShuttle] Init - SV01_Out_Shuttle Home Move Start
[11:17:26] Home Command OK Axis: ST03_InConveyor_Width
[11:17:26] 홈 찾기 지령 콜 - 1
[11:17:26] [InShuttle] Init - InConveyor Width Home OK
[11:17:26] [InShuttle] Init - SV00_InShuttle Home Move Start
[11:17:26] 홈 찾기 지령 콜 - 0
[11:17:31] [Scan] X-Axis Homing Start
[11:17:31] [Rear Rack] Init - SV05_Rack2_Width Home Move Start
[11:17:31] [Front Rack] Init - SV03_Rack1_Width Home Move Start
[11:17:31] 홈 찾기 지령 콜 - 7
[11:17:31] 홈 찾기 지령 콜 - 5
[11:17:31] 홈 찾기 지령 콜 - 3
[11:17:32] [OutShuttle] Init Finish
[11:17:33] [InShuttle] Init Finish
[11:17:43] [Rear Rack] Init Finish
[11:17:50] [Scan] Init - Servo Home Finish
[11:17:50] [Scan] Init Finish
[11:18:02] [Front Rack] Init Finish
[11:18:09] MoveABCheck - 2208600Receive -2208600
[11:18:09] MoveABCheck - 2251000Receive -2251000
[11:18:10] MoveABCheck - 2208600Receive -2208600
[11:18:11] MoveABCheck - 2208600Receive -2208600
[11:18:16] MoveABCheck - 2208600Receive -2208600
[11:18:17] MoveABCheck - 2208600Receive -2208600
[11:18:18] MoveABCheck - 2208600Receive -2208600
[11:18:18] MoveABCheck - 2208600Receive -2208600
[11:18:19] MoveABCheck - 2208600Receive -2208600
[11:18:20] MoveABCheck - 2208600Receive -2208600
[11:18:21] MoveABCheck - 2208600Receive -2208600
[11:18:24] MoveABCheck - 2208600Receive -2208600
[11:18:24] MoveABCheck - 2208600Receive -2208600
[11:18:25] MoveABCheck - 2208600Receive -2208600
[11:18:25] MoveABCheck - 2208600Receive -2208600
[11:18:26] MoveABCheck - 2208600Receive -2208600
[11:18:26] MoveABCheck - 2208600Receive -2208600
[11:18:27] MoveABCheck - 2208600Receive -2208600
[11:18:27] MoveABCheck - 2208600Receive -2208600
[11:18:28] MoveABCheck - 2208600Receive -2208600
[11:18:28] MoveABCheck - 2208600Receive -2208600
[11:18:29] MoveABCheck - 2208600Receive -2208600
[11:18:29] MoveABCheck - 2208600Receive -2208600
[11:18:30] MoveABCheck - 2208600Receive -2208600
[11:18:30] MoveABCheck - 2208600Receive -2208600
[11:18:31] MoveABCheck - 2208600Receive -2208600
[11:18:32] MoveABCheck - 2208600Receive -2208600
[11:18:32] MoveABCheck - 2208600Receive -2208600
[11:18:33] MoveABCheck - 2208600Receive -2208600
[11:18:33] MoveABCheck - 2208600Receive -2208600
[11:18:34] MoveABCheck - 2208600Receive -2208600
[11:18:34] MoveABCheck - 2208600Receive -2208600
[11:18:35] MoveABCheck - 2208600Receive -2208600
[11:18:35] MoveABCheck - 2208600Receive -2208600
[11:18:36] MoveABCheck - 2208600Receive -2208600
[11:18:36] MoveABCheck - 2208600Receive -2208600
[11:18:37] MoveABCheck - 2208600Receive -2208600
[11:18:37] MoveABCheck - 2208600Receive -2208600
[11:18:38] MoveABCheck - 2208600Receive -2208600
[11:18:38] MoveABCheck - 2208600Receive -2208600
[11:18:39] MoveABCheck - 2208600Receive -2208600
[11:18:39] MoveABCheck - 2208600Receive -2208600
[11:18:40] MoveABCheck - 2208600Receive -2208600
[11:18:41] MoveABCheck - 2208600Receive -2208600
[11:18:41] MoveABCheck - 2208600Receive -2208600
[11:18:42] MoveABCheck - 2208600Receive -2208600
[11:18:42] MoveABCheck - 2208600Receive -2208600
[11:18:43] MoveABCheck - 2208600Receive -2208600
[11:18:43] MoveABCheck - 2208600Receive -2208600
[11:18:44] MoveABCheck - 2208600Receive -2208600
[11:18:44] MoveABCheck - 2208600Receive -2208600
[11:18:45] MoveABCheck - 2208600Receive -2208600
[11:18:45] MoveABCheck - 2208600Receive -2208600
[11:18:46] MoveABCheck - 2208600Receive -2208600
[11:18:46] MoveABCheck - 2208600Receive -2208600
[11:18:47] MoveABCheck - 2208600Receive -2208600
[11:18:47] MoveABCheck - 2208600Receive -2208600
[11:18:48] MoveABCheck - 2208600Receive -2208600
[11:18:48] MoveABCheck - 2208600Receive -2208600
[11:18:49] MoveABCheck - 2208600Receive -2208600
[11:18:49] MoveABCheck - 2208600Receive -2208600
[11:18:50] MoveABCheck - 2208600Receive -2208600
[11:18:51] MoveABCheck - 2208600Receive -2208600
[11:18:51] MoveABCheck - 2208600Receive -2208600
[11:18:52] MoveABCheck - 2208600Receive -2208600
[11:18:52] MoveABCheck - 2208600Receive -2208600
[11:18:53] MoveABCheck - 2208600Receive -2208600
[11:18:53] MoveABCheck - 2208600Receive -2208600
[11:18:54] MoveABCheck - 2208600Receive -2208600
[11:18:54] MoveABCheck - 2208600Receive -2208600
[11:18:55] MoveABCheck - 2208600Receive -2208600
[11:18:55] MoveABCheck - 2208600Receive -2208600
[11:18:56] MoveABCheck - 2208600Receive -2208600
[11:18:56] MoveABCheck - 2208600Receive -2208600
[11:18:57] MoveABCheck - 2208600Receive -2208600
[11:18:57] MoveABCheck - 2208600Receive -2208600
[11:18:58] MoveABCheck - 2208600Receive -2208600
[11:18:58] MoveABCheck - 2208600Receive -2208600
[11:18:59] MoveABCheck - 2208600Receive -2208600
[11:18:59] MoveABCheck - 2208600Receive -2208600
[11:19:00] MoveABCheck - 2208600Receive -2208600
[11:19:01] MoveABCheck - 2208600Receive -2208600
[11:19:01] MoveABCheck - 2208600Receive -2208600
[11:19:02] MoveABCheck - 2208600Receive -2208600
[11:19:02] MoveABCheck - 2208600Receive -2208600
[11:19:03] MoveABCheck - 2208600Receive -2208600
[11:19:03] MoveABCheck - 2208600Receive -2208600
[11:19:04] MoveABCheck - 2208600Receive -2208600
[11:19:04] MoveABCheck - 2208600Receive -2208600
[11:19:05] MoveABCheck - 2208600Receive -2208600
[11:19:05] MoveABCheck - 2208600Receive -2208600
[11:19:06] MoveABCheck - 2208600Receive -2208600
[11:19:06] MoveABCheck - 2208600Receive -2208600
[11:20:47] Main - System Click
[11:21:47] Main - Teaching Click
[11:21:49] Teaching - Width Click
[11:23:27] Main - Main Click
[11:23:29] Main - Init Click 
[11:23:32] [Scan] Y-Axis Homing Start
[11:23:32] [Front Rack] Init - SV02_Lift1 Home Move Start
[11:23:32] [InShuttle] Init - InShuttle Width Homing Start
[11:23:32] [Rear Rack] Init - SV04_Lift2 Home Move Start
[11:23:32] [OutShuttle] Init - OutConveyor Width Homing Start
[11:23:32] 홈 찾기 지령 콜 - 6
[11:23:32] 홈 찾기 지령 콜 - 2
[11:23:32] 홈 찾기 지령 콜 - 4
[11:23:32] LetsMotion 0 raw=0x00070A14, dir=0, init=1000, end=1000, acc=10000
[11:23:32] LetsMotion 2 raw=0x00070A15, dir=0, init=1000, end=1000, acc=10000
[11:23:35] [Scan] X-Axis Homing Start
[11:23:35] [Rear Rack] Init - SV05_Rack2_Width Home Move Start
[11:23:35] [Front Rack] Init - SV03_Rack1_Width Home Move Start
[11:23:35] 홈 찾기 지령 콜 - 7
[11:23:35] 홈 찾기 지령 콜 - 5
[11:23:35] 홈 찾기 지령 콜 - 3
[11:23:38] Home Command OK Axis: ST00_InShuttle_Width
[11:23:38] [InShuttle] Init - InShuttle Width Home OK
[11:23:38] [InShuttle] Init - InConveyor Width Homing Start
[11:23:38] LetsMotion 3 raw=0x01070A15, dir=0, init=1000, end=1000, acc=10000
[11:23:38] Home Command OK Axis: ST02_OutConveyor_Width
[11:23:38] [InShuttle] Init - OutConveyor Width Home OK
[11:23:38] [OutShuttle] Init - OutShuttle Width Homing Start
[11:23:38] LetsMotion 1 raw=0x01070A14, dir=0, init=1000, end=1000, acc=10000
[11:23:39] 홈 실패: ST03_InConveyor_Width
[11:23:39] LetsMotion 3 raw=0x01070A15, dir=0, init=1000, end=1000, acc=10000
[11:23:44] Home Command OK Axis: ST01_OutShuttle_Width
[11:23:44] [InShuttle] Init - OutShuttle Width Home OK
[11:23:44] [OutShuttle] Init - SV01_Out_Shuttle Home Move Start
[11:23:44] 홈 찾기 지령 콜 - 1
[11:23:44] 홈 실패: ST03_InConveyor_Width
[11:23:44] LetsMotion 3 raw=0x01070A15, dir=0, init=1000, end=1000, acc=10000
[11:23:44] Home Command OK Axis: ST03_InConveyor_Width
[11:23:44] [InShuttle] Init - InConveyor Width Home OK
[11:23:44] [InShuttle] Init - SV00_InShuttle Home Move Start
[11:23:44] 홈 찾기 지령 콜 - 0
[11:23:49] [OutShuttle] Init Finish
[11:23:51] [InShuttle] Init Finish
[11:23:55] [Scan] Init - Servo Home Finish
[11:23:55] [Scan] Init Finish
[11:24:00] [Rear Rack] Init Finish
[11:24:05] [Front Rack] Init Finish
[11:24:10] MoveABCheck - 2208600Receive -2208600
[11:24:11] MoveABCheck - 2251000Receive -2251000
[11:24:16] Main - Main Click
[11:24:18] Main - Start Click 
[11:24:18] [Front Rack]MoveLift Action -> Passline Wait
[11:24:18] [InShuttle] MoveLoading Position Action
[11:24:18] [Front Rack][Lift]Move to FrontPassLine Position
[11:24:18] [InShuttle] Move to Loading Position
[11:24:18] MoveABCheck - 1650000Receive -1650000
[11:24:18] MoveABCheck - 3557550Receive -3557550
[11:24:20] [Front Rack][Lift]Move to FrontPassLine Position
[11:24:20] MoveABCheck - 1650000Receive -1650000
[11:24:20] [Front Rack][Lift]Move to FrontPassLine Position
[11:24:20] MoveABCheck - 1650000Receive -1650000
[11:24:20] [Front Rack][Lift]FrontPassLine Move OK ->Loading Action
[11:24:22] [InShuttle] Move to Loading Position
[11:24:22] MoveABCheck - 3557550Receive -3557550
[11:24:22] [InShuttle] Move LoadingPos Finish, Waiting
[11:24:32] Main - InputPCB Click
[11:24:37] [InShuttle] Loading Action
[11:24:37] [InShuttle] Loading Start
[11:24:39] [InShuttle] PCB Detected - Temporary Stop
[11:24:40] [InShuttle] Restart Conveyor (Overdrive)
[11:24:42] [InShuttle] Loading Finish (Overdrive Complete)
[11:24:52] [InShuttle][PCB_ID:1]CoolingFinish 
[11:24:52] [InShuttle] Check_Destination Action
[11:24:52] [InShuttle][PCB_ID:1] Destination: FRONT (Site1_F_DT1)
[11:24:52] [InShuttle] Move to Front Position
[11:24:52] MoveABCheck - 4214200Receive -4214200
[11:24:52] [InShuttle] Move to Front Position
[11:24:52] MoveABCheck - 4214200Receive -4214200
[11:24:52] [InShuttle] Move to Front Position
[11:24:52] MoveABCheck - 4214200Receive -4214200
[11:24:52] [InShuttle] Start Front UnLoading Action
[11:24:52] [Front Rack][PassLine]PCB Loding Action
[11:24:54] [Front Rack][PassLine] LoadingCheck Action
[11:24:54] [Front Rack]FrontPassLine Move OK -> Loading Action
[11:24:54] [Front Rack][PassLine][PCB_ID:1] PassLine Loading Complete
[11:24:54] [Front Rack][PassLine][PCB_ID:1]PassLine PCB UnLoding Action
[11:24:56] [Front Rack] Restart Conveyor (Overdrive)
[11:24:56] [Front Rack][PassLine][PCB_ID:1] PassLine UnLoading Action
[11:24:58] [Front Rack] Loading Finish (Overdrive Complete)
[11:24:58] [Front Rack][Lift]PassLine->LiftUp Loading Finish, LoadingCheck Action 
[11:24:58] [Front Rack][Lift][PCB_ID:1]PassLine Loading Complete from [FrontPassLine]
[11:24:58] [Front Rack][PCB_ID:1]PCB IN -> Move Site Position (Site1_F_DT1)
[11:24:58] [Front Rack][PassLine] PassLine UnLoading Complete
[11:24:58] [Front Rack][Lift]MoveLift Move to NgBuffer Position
[11:24:58] MoveABCheck - -106950Receive --106950
[11:24:58] [Front Rack][PassLine]PCB Loding Action
[11:25:00] [Front Rack][Lift]MoveLift Move to NgBuffer Position
[11:25:00] MoveABCheck - -106950Receive --106950
[11:25:00] [Front Rack][Lift]MoveLift Move to NgBuffer Position
[11:25:00] MoveABCheck - -106950Receive --106950
[11:25:00] [Front Rack][Lift][PCB_ID:1]MoveLiftNgBuffer Move OK -> UnLoading Action
[11:25:00] [Front Rack][Lift][PCB_ID:1] Lift->Site[Site1_F_DT1] UnLoading Start
[11:25:00] [Site1_F_DT1] [Loading] Start
[11:25:00] [Front Rack][Lift][PCB_ID:1] Lift->Site[Site1_F_DT1] UnLoading Check
[11:25:03] [Site1_F_DT1] [Loading] Sensor Detected
[11:25:03] [Site1_F_DT1] [Loading] Clamp ON (Conveyor Running)
[11:25:04] [Site1_F_DT1] [Loading] Contact Down Command
[11:25:04] [Site1_F_DT1] [Loading] Test Ready
[11:25:12] AddError - InShuttle,Conveyor_Timeout,[InShuttle] Start Front UnLoading Action FrontUnLoading Timeout.
[11:25:12] Alarm - Conveyor_Timeout
[11:25:12] System Mode Changed (Auto -> Stop/Manual). Stop All Conveyors.
[11:25:12] AddError - FrontPassLine,Conveyor_Timeout,[PassLine] Loading Timeout.
[11:25:12] Alarm - Conveyor_Timeout
[11:25:18] PartClear - FrontPassLine
[11:25:18] Alarm Clear - FrontPassLine
[11:25:19] PartClear - InShuttle
[11:25:19] Alarm Clear - InShuttle
[11:25:28] Main - Main Click
[11:25:33] Main - Start Click 
[11:25:33] [InShuttle] MoveLoading Position Action
[11:25:33] [InShuttle] Move to Loading Position
[11:25:33] MoveABCheck - 3557550Receive -3557550
[11:25:33] [InShuttle] Move to Loading Position
[11:25:33] MoveAbsMM 0 is not standstill
[11:25:34] [InShuttle] Move to Loading Position
[11:25:34] MoveABCheck - 3557550Receive -3557550
[11:25:34] [InShuttle] Move LoadingPos Finish, Waiting
[11:25:42] Main - Stop Click 
[11:25:42] System Mode Changed (Auto -> Stop/Manual). Stop All Conveyors.
[11:26:46] Main - PartClear Click
[11:26:49] PartClear - Lift1_Up
[11:26:49] Alarm Clear - Lift1_Up
[11:26:50] Main - Main Click
[11:27:05] Main - Start Click 
[11:27:05] [Front Rack]MoveLift Action -> Site1_F_DT1
[11:27:05] [Front Rack][Lift]Site1_F_DT1Move OK -> Loading Action
[11:27:05] [Front Rack][Lift] Move to Site1_F_DT1 Position
[11:27:05] MoveABCheck - -106950Receive --106950
[11:43:31] AddError - Lift1_Up,Conveyor_Timeout,[Front Rack][Lift] Move to Site1_F_DT1 Position Loading Timeout.
[11:43:31] Alarm - Conveyor_Timeout
[11:43:31] System Mode Changed (Auto -> Stop/Manual). Stop All Conveyors.
[11:43:31] AddError - Site1_F_DT1,Conveyor_Timeout,[Front Rack][Lift] Move to Site1_F_DT1 Position UnLoading Timeout.
[11:43:31] Alarm - Conveyor_Timeout
[11:43:39] PartClear - Site1_F_DT1
[11:43:39] Alarm Clear - Site1_F_DT1
[11:43:50] PartClear - Lift1_Up
[11:43:50] Alarm Clear - Lift1_Up
[11:44:11] Main - Exit Click 
[11:57:20] Program Started
[11:57:20] Version - 1.0.0.6
[11:57:21] MasterKernel Init OK
[11:57:21] LetsMotion Init OK
[11:57:22] LetsMotion Scan Node OK
[12:01:09] Main - Exit Click 
